#pragma once
#include <Arduino.h>

// 'rain', 67x67px
const uint16_t weather_rain[] PROGMEM = {
    0x0000, 0x0000, 0x0000, 0x0000, 0x0000, 0x0000, 0x0000, 0x0000, 0x0000, 0x0000, 0x0000, 0x0000, 0x0000, 0x0000, 0x0000, 0x0000,
    0x0000, 0x0000, 0x0000, 0x0000, 0x0000, 0x0000, 0x0000, 0x0000, 0x0000, 0x0000, 0x0000, 0x0000, 0x0000, 0x0000, 0x0000, 0x0000,
    0x0000, 0x0000, 0x0000, 0x0000, 0x0000, 0x0000, 0x0000, 0x0000, 0x0000, 0x0000, 0x0000, 0x0000, 0x0000, 0x0000, 0x0000, 0x0000,
    0x0000, 0x0000, 0x0000, 0x0000, 0x0000, 0x0000, 0x0000, 0x0000, 0x0000, 0x0000, 0x0000, 0x0000, 0x0000, 0x0000, 0x0000, 0x0000,
    0x0000, 0x0000, 0x0000, 0x0000, 0x0000, 0x0000, 0x0000, 0x0000, 0x0000, 0x0000, 0x0000, 0x0000, 0x0000, 0x0000, 0x0000, 0x0000,
    0x0000, 0x0000, 0x0000, 0x0000, 0x0000, 0x0000, 0x0000, 0x0000, 0x0000, 0x0000, 0x0000, 0x0000, 0x0000, 0x0000, 0x0000, 0x0000,
    0x0000, 0x0000, 0x0000, 0x0000, 0x0000, 0x0000, 0x0000, 0x0000, 0x0000, 0x0000, 0x0000, 0x0000, 0x0000, 0x0000, 0x0000, 0x0000,
    0x0000, 0x0000, 0x0000, 0x0000, 0x0000, 0x0000, 0x0000, 0x0000, 0x0000, 0x0000, 0x0000, 0x0000, 0x0000, 0x0000, 0x0000, 0x0000,
    0x0000, 0x0000, 0x0000, 0x0000, 0x0000, 0x0000, 0x0000, 0x0000, 0x0000, 0x0000, 0x0000, 0x0000, 0x0000, 0x0000, 0x0000, 0x0000,
    0x0000, 0x0000, 0x0000, 0x0000, 0x0000, 0x0000, 0x0000, 0x0000, 0x0000, 0x0000, 0x0000, 0x0000, 0x0000, 0x0000, 0x0000, 0x0000,
    0x0000, 0x0000, 0x0000, 0x0000, 0x0000, 0x0000, 0x0000, 0x0000, 0x0000, 0x0000, 0x0000, 0x0000, 0x0000, 0x0000, 0x0000, 0x0000,
    0x0000, 0x0000, 0x0000, 0x0000, 0x0000, 0x0000, 0x0000, 0x0000, 0x0000, 0x0000, 0x0000, 0x0000, 0x0000, 0x0000, 0x0000, 0x0000,
    0x0000, 0x0000, 0x0000, 0x0000, 0x0000, 0x0000, 0x0000, 0x0000, 0x0000, 0x0000, 0x0000, 0x0000, 0x0000, 0x0000, 0x0000, 0x0000,
    0x0000, 0x0000, 0x0000, 0x0000, 0x0000, 0x0000, 0x0000, 0x0000, 0x0000, 0x0000, 0x0000, 0x0000, 0x0000, 0x0000, 0x0000, 0x0000,
    0x0000, 0x0000, 0x0000, 0x0000, 0x0000, 0x0000, 0x0000, 0x0000, 0x0000, 0x0000, 0x0000, 0xb5b6, 0xb5b6, 0xb596, 0xb5b6, 0xb596,
    0xb5b6, 0xb596, 0xb596, 0xb5b6, 0xbdd7, 0x0000, 0x0000, 0x0000, 0x0000, 0x0000, 0x0000, 0x0000, 0x0000, 0x0000, 0x0000, 0x0000,
    0x0000, 0x0000, 0x0000, 0x0000, 0x0000, 0x0000, 0x0000, 0x0000, 0x0000, 0x0000, 0x0000, 0x0000, 0x0000, 0x0000, 0x0000, 0x0000,
    0x0000, 0x0000, 0x0000, 0x0000, 0x0000, 0x0000, 0x0000, 0x0000, 0x0000, 0x0000, 0x0000, 0x0000, 0x0000, 0x0000, 0x0000, 0x0000,
    0x0000, 0x0000, 0x0000, 0x0000, 0x0000, 0x0000, 0x0000, 0x0000, 0x0000, 0x0000, 0x0000, 0x0000, 0xb596, 0xb5b6, 0xb5b6, 0xb5b6,
    0xb5b6, 0xb5b6, 0xb5b6, 0xb5b6, 0xb5b6, 0xb5b6, 0xb5b6, 0xb5b6, 0xb596, 0xb5b6, 0xb596, 0x0000, 0x0000, 0x0000, 0x0000, 0x0000,
    0x0000, 0x0000, 0x0000, 0x0000, 0x0000, 0x0000, 0x0000, 0x0000, 0x0000, 0x0000, 0x0000, 0x0000, 0x0000, 0x0000, 0x0000, 0x0000,
    0x0000, 0x0000, 0x0000, 0x0000, 0x0000, 0x0000, 0x0000, 0x0000, 0x0000, 0x0000, 0x0000, 0x0000, 0x0000, 0x0000, 0x0000, 0x0000,
    0x0000, 0x0000, 0x0000, 0x0000, 0x0000, 0x0000, 0x0000, 0x0000, 0x0000, 0x0000, 0x0000, 0x0000, 0x0000, 0x0000, 0xb596, 0xb5b6,
    0xb5b6, 0xb5b6, 0xb5b6, 0xb5b6, 0xb5b6, 0xb5b6, 0xb5b6, 0xb5b6, 0xb5b6, 0xb5b6, 0xb5b6, 0xb5b6, 0xb5b6, 0xb5b6, 0xb596, 0xb596,
    0x0000, 0x0000, 0x0000, 0x0000, 0x0000, 0x0000, 0x0000, 0x0000, 0x0000, 0x0000, 0x0000, 0x0000, 0x0000, 0x0000, 0x0000, 0x0000,
    0x0000, 0x0000, 0x0000, 0x0000, 0x0000, 0x0000, 0x0000, 0x0000, 0x0000, 0x0000, 0x0000, 0x0000, 0x0000, 0x0000, 0x0000, 0x0000,
    0x0000, 0x0000, 0x0000, 0x0000, 0x0000, 0x0000, 0x0000, 0x0000, 0x0000, 0x0000, 0x0000, 0x0000, 0x0000, 0x0000, 0x0000, 0xb5b6,
    0xb596, 0xb5b6, 0xb5b6, 0xb5b6, 0xb5b6, 0xb5b6, 0xb5b6, 0xb5b6, 0xb5b6, 0xb5b6, 0xb5b6, 0xb5b6, 0xb5b6, 0xb5b6, 0xb5b6, 0xb5b6,
    0xb5b6, 0xb5b6, 0xb596, 0xb596, 0x0000, 0x0000, 0x0000, 0x0000, 0x0000, 0x0000, 0x0000, 0x0000, 0x0000, 0x0000, 0x0000, 0x0000,
    0x0000, 0x0000, 0x0000, 0x0000, 0x0000, 0x0000, 0x0000, 0x0000, 0x0000, 0x0000, 0x0000, 0x0000, 0x0000, 0x0000, 0x0000, 0x0000,
    0x0000, 0x0000, 0x0000, 0x0000, 0x0000, 0x0000, 0x0000, 0x0000, 0x0000, 0x0000, 0x0000, 0x0000, 0x0000, 0x0000, 0x0000, 0x0000,
    0x0000, 0xb5b6, 0xb5b6, 0xb5b6, 0xb5b6, 0xb5b6, 0xb5b6, 0xb5b6, 0xb5b6, 0xb5b6, 0xb5b6, 0xb5b6, 0xb5b6, 0xb5b6, 0xb5b6, 0xb5b6,
    0xb5b6, 0xb5b6, 0xb5b6, 0xb5b6, 0xb5b6, 0xb5b6, 0xb5b6, 0xb596, 0x0000, 0x0000, 0x0000, 0x0000, 0x0000, 0x0000, 0x0000, 0x0000,
    0x0000, 0x0000, 0x0000, 0x0000, 0x0000, 0x0000, 0x0000, 0x0000, 0x0000, 0x0000, 0x0000, 0x0000, 0x0000, 0x0000, 0x0000, 0x0000,
    0x0000, 0x0000, 0x0000, 0x0000, 0x0000, 0x0000, 0x0000, 0x0000, 0x0000, 0x0000, 0x0000, 0x0000, 0x0000, 0x0000, 0x0000, 0x0000,
    0x0000, 0x0000, 0x0000, 0x0000, 0xb5b6, 0xb5b6, 0xb5b6, 0xb5b6, 0xb5b6, 0xb5b6, 0xb5b6, 0xb5b6, 0xb5b6, 0xb5b6, 0xb5b6, 0xb5b6,
    0xb5b6, 0xb5b6, 0xb5b6, 0xb5b6, 0xb5b6, 0xb5b6, 0xb5b6, 0xb5b6, 0xb5b6, 0xb5b6, 0xb5b6, 0xb5b6, 0x0000, 0x0000, 0x0000, 0x0000,
    0x0000, 0x0000, 0x0000, 0x0000, 0x0000, 0x0000, 0x0000, 0x0000, 0x0000, 0x0000, 0x0000, 0x0000, 0x0000, 0x0000, 0x0000, 0x0000,
    0x0000, 0x0000, 0x0000, 0x0000, 0x0000, 0x0000, 0x0000, 0x0000, 0x0000, 0x0000, 0x0000, 0x0000, 0x0000, 0x0000, 0x0000, 0x0000,
    0x0000, 0x0000, 0x0000, 0x0000, 0x0000, 0x0000, 0xb5b6, 0xb5b6, 0xb5b6, 0xb5b6, 0xb5b6, 0xb5b6, 0xb5b6, 0xb5b6, 0xb5b6, 0xb5b6,
    0xb5b6, 0xb5b6, 0xb5b6, 0xb5b6, 0xb5b6, 0xb5b6, 0xb5b6, 0xb5b6, 0xb5b6, 0xb5b6, 0xb5b6, 0xb5b6, 0xb5b6, 0xb5b6, 0xb596, 0xb5b6,
    0x0000, 0x0000, 0x0000, 0x0000, 0x0000, 0x0000, 0x0000, 0x0000, 0x0000, 0x0000, 0x0000, 0x0000, 0x0000, 0x0000, 0x0000, 0x0000,
    0x0000, 0x0000, 0x0000, 0x0000, 0x0000, 0x0000, 0x0000, 0x0000, 0x0000, 0x0000, 0x0000, 0x0000, 0x0000, 0x0000, 0x0000, 0x0000,
    0x0000, 0x0000, 0x0000, 0x0000, 0x0000, 0x0000, 0x0000, 0x0000, 0xb5b6, 0xb596, 0xb5b6, 0xb5b6, 0xb5b6, 0xb5b6, 0xb5b6, 0xb5b6,
    0xb5b6, 0xb5b6, 0xb5b6, 0xb5b6, 0xb5b6, 0xb5b6, 0xb5b6, 0xb5b6, 0xb5b6, 0xb5b6, 0xb5b6, 0xb5b6, 0xb5b6, 0xb5b6, 0xb5b6, 0xb5b6,
    0xb5b6, 0xb5b6, 0xb596, 0x0000, 0x0000, 0x0000, 0x0000, 0x0000, 0x0000, 0x0000, 0x0000, 0x0000, 0x0000, 0x0000, 0x0000, 0x0000,
    0x0000, 0x0000, 0x0000, 0x0000, 0x0000, 0x0000, 0x0000, 0x0000, 0x0000, 0x0000, 0x0000, 0x0000, 0x0000, 0x0000, 0x0000, 0x0000,
    0x0000, 0x0000, 0x0000, 0x0000, 0x0000, 0x0000, 0x0000, 0x0000, 0x0000, 0x0000, 0x0000, 0xb5b6, 0xb5b6, 0xb5b6, 0xb5b6, 0xb5b6,
    0xb5b6, 0xb5b6, 0xb5b6, 0xb5b6, 0xb5b6, 0xb5b6, 0xb5b6, 0xb5b6, 0xb5b6, 0xb5b6, 0xb5b6, 0xb5b6, 0xb5b6, 0xb5b6, 0xb5b6, 0xb5b6,
    0xb5b6, 0xb5b6, 0xb5b6, 0xb5b6, 0xb5b6, 0xb5b6, 0xb5b6, 0x0000, 0x0000, 0x0000, 0x0000, 0x0000, 0x0000, 0x0000, 0x0000, 0x0000,
    0x0000, 0x0000, 0x0000, 0x0000, 0x0000, 0x0000, 0x0000, 0x0000, 0x0000, 0x0000, 0x0000, 0x0000, 0x0000, 0x0000, 0x0000, 0x0000,
    0x0000, 0x0000, 0x0000, 0x0000, 0x0000, 0x0000, 0x0000, 0x0000, 0x0000, 0x0000, 0x0000, 0x0000, 0x0000, 0xbdd7, 0xb596, 0xb5b6,
    0xb5b6, 0xb5b6, 0xb5b6, 0xb5b6, 0xb5b6, 0xb5b6, 0xb5b6, 0xb5b6, 0xb5b6, 0xb5b6, 0xb5b6, 0xb5b6, 0xb5b6, 0xb5b6, 0xb5b6, 0xb5b6,
    0xb5b6, 0xb5b6, 0xb5b6, 0xb5b6, 0xb5b6, 0xb5b6, 0xb5b6, 0xb5b6, 0xb5b6, 0xb596, 0x0000, 0x0000, 0x0000, 0x0000, 0x0000, 0x0000,
    0x0000, 0x0000, 0x0000, 0x0000, 0x0000, 0x0000, 0x0000, 0x0000, 0x0000, 0x0000, 0x0000, 0x0000, 0x0000, 0x0000, 0x0000, 0x0000,
    0x0000, 0x0000, 0x0000, 0x0000, 0x0000, 0x0000, 0x0000, 0x0000, 0x0000, 0x0000, 0x0000, 0x0000, 0x0000, 0x0000, 0x0000, 0x0000,
    0xb596, 0xb5b6, 0xb5b6, 0xb5b6, 0xb5b6, 0xb5b6, 0xb5b6, 0xb5b6, 0xb5b6, 0xb5b6, 0xb5b6, 0xb5b6, 0xb5b6, 0xb5b6, 0xb5b6, 0xb5b6,
    0xb5b6, 0xb5b6, 0xb5b6, 0xb5b6, 0xb5b6, 0xb5b6, 0xb5b6, 0xb5b6, 0xb5b6, 0xb5b6, 0xb5b6, 0xb5b6, 0xb5b6, 0xb5b6, 0x0000, 0x0000,
    0x0000, 0x0000, 0x0000, 0x0000, 0x0000, 0x0000, 0x0000, 0x0000, 0x0000, 0x0000, 0x0000, 0x0000, 0x0000, 0x0000, 0x0000, 0x0000,
    0x0000, 0x0000, 0x0000, 0x0000, 0x0000, 0x0000, 0x0000, 0x0000, 0x0000, 0x0000, 0x0000, 0x0000, 0x0000, 0x0000, 0x0000, 0xb596,
    0xb596, 0xb596, 0xb5b6, 0xb596, 0xb5b6, 0xb5b6, 0xb5b6, 0xb5b6, 0xb5b6, 0xb5b6, 0xb5b6, 0xb5b6, 0xb5b6, 0xb5b6, 0xb5b6, 0xb5b6,
    0xb5b6, 0xb5b6, 0xb5b6, 0xb5b6, 0xb5b6, 0xb5b6, 0xb5b6, 0xb5b6, 0xb5b6, 0xb5b6, 0xb5b6, 0xb5b6, 0xb5b6, 0xb5b6, 0xb5b6, 0xb5b6,
    0xb596, 0x0000, 0x0000, 0x0000, 0x0000, 0x0000, 0x0000, 0x0000, 0x0000, 0x0000, 0x0000, 0x0000, 0x0000, 0x0000, 0x0000, 0x0000,
    0x0000, 0x0000, 0x0000, 0x0000, 0x0000, 0x0000, 0x0000, 0x0000, 0x0000, 0x0000, 0x0000, 0x0000, 0x0000, 0x0000, 0x0000, 0xb5b6,
    0xb596, 0xb5b6, 0xb5b6, 0xb5b6, 0xb5b6, 0xb5b6, 0xb5b6, 0xb5b6, 0xb5b6, 0xb5b6, 0xb5b6, 0xb5b6, 0xb5b6, 0xb5b6, 0xb5b6, 0xb5b6,
    0xb5b6, 0xb5b6, 0xb5b6, 0xb5b6, 0xb5b6, 0xb5b6, 0xb5b6, 0xb5b6, 0xb5b6, 0xb5b6, 0xb5b6, 0xb5b6, 0xb5b6, 0xb5b6, 0xb5b6, 0xb5b6,
    0xb5b6, 0xb5b6, 0xb5b6, 0xb5b6, 0xbdd7, 0x0000, 0x0000, 0x0000, 0x0000, 0x0000, 0x0000, 0x0000, 0x0000, 0x0000, 0x0000, 0x0000,
    0x0000, 0x0000, 0x0000, 0x0000, 0x0000, 0x0000, 0x0000, 0x0000, 0x0000, 0x0000, 0x0000, 0x0000, 0x0000, 0x0000, 0x0000, 0x0000,
    0xb596, 0xb596, 0xb5b6, 0xb5b6, 0xb5b6, 0xb5b6, 0xb5b6, 0xb5b6, 0xb5b6, 0xb5b6, 0xb5b6, 0xb5b6, 0xb5b6, 0xb5b6, 0xb5b6, 0xb5b6,
    0xb5b6, 0xb5b6, 0xb5b6, 0xb5b6, 0xb5b6, 0xb5b6, 0xb5b6, 0xb5b6, 0xb5b6, 0xb5b6, 0xb5b6, 0xb5b6, 0xb5b6, 0xb5b6, 0xb5b6, 0xb5b6,
    0xb5b6, 0xb5b6, 0xb5b6, 0xb5b6, 0xb5b6, 0xb5b6, 0xb5b6, 0xb596, 0x0000, 0x0000, 0x0000, 0x0000, 0x0000, 0x0000, 0x0000, 0x0000,
    0x0000, 0x0000, 0x0000, 0x0000, 0x0000, 0x0000, 0x0000, 0x0000, 0x0000, 0x0000, 0x0000, 0x0000, 0x0000, 0x0000, 0x0000, 0x0000,
    0x0000, 0x0000, 0xb596, 0xb596, 0xb5b6, 0xb5b6, 0xb5b6, 0xb5b6, 0xb5b6, 0xb5b6, 0xb5b6, 0xb5b6, 0xb5b6, 0xb5b6, 0xb5b6, 0xb5b6,
    0xb5b6, 0xb5b6, 0xb5b6, 0xb5b6, 0xb5b6, 0xb5b6, 0xb5b6, 0xb5b6, 0xb5b6, 0xb5b6, 0xb5b6, 0xb5b6, 0xb5b6, 0xb5b6, 0xb5b6, 0xb5b6,
    0xb5b6, 0xb5b6, 0xb5b6, 0xb5b6, 0xb5b6, 0xb5b6, 0xb5b6, 0xb5b6, 0xb5b6, 0xb5b6, 0xb596, 0x0000, 0x0000, 0x0000, 0x0000, 0x0000,
    0x0000, 0x0000, 0x0000, 0x0000, 0x0000, 0x0000, 0x0000, 0x0000, 0x0000, 0x0000, 0x0000, 0x0000, 0x0000, 0x0000, 0x0000, 0x0000,
    0x0000, 0x0000, 0x0000, 0x0000, 0xb5b6, 0xb596, 0xb5b6, 0xb5b6, 0xb5b6, 0xb5b6, 0xb5b6, 0xb5b6, 0xb5b6, 0xb5b6, 0xb5b6, 0xb5b6,
    0xb5b6, 0xb5b6, 0xb5b6, 0xb5b6, 0xb5b6, 0xb5b6, 0xb5b6, 0xb5b6, 0xb5b6, 0xb5b6, 0xb5b6, 0xb5b6, 0xb5b6, 0xb5b6, 0xb5b6, 0xb5b6,
    0xb5b6, 0xb5b6, 0xb5b6, 0xb5b6, 0xb5b6, 0xb5b6, 0xb5b6, 0xb5b6, 0xb5b6, 0xb5b6, 0xb5b6, 0xb5b6, 0xb5b6, 0xb596, 0x0000, 0x0000,
    0x0000, 0x0000, 0x0000, 0x0000, 0x0000, 0x0000, 0x0000, 0x0000, 0x0000, 0x0000, 0x0000, 0x0000, 0x0000, 0x0000, 0x0000, 0x0000,
    0x0000, 0x0000, 0x0000, 0x0000, 0x0000, 0x0000, 0xbdf7, 0xb596, 0xb5b6, 0xb5b6, 0xb5b6, 0xb5b6, 0xb5b6, 0xb5b6, 0xb5b6, 0xb5b6,
    0xb5b6, 0xb5b6, 0xb5b6, 0xb5b6, 0xb5b6, 0xb5b6, 0xb5b6, 0xb5b6, 0xb5b6, 0xb5b6, 0xb5b6, 0xb5b6, 0xb5b6, 0xb5b6, 0xb5b6, 0xb5b6,
    0xb5b6, 0xb5b6, 0xb5b6, 0xb5b6, 0xb5b6, 0xb5b6, 0xb5b6, 0xb5b6, 0xb5b6, 0xb5b6, 0xb5b6, 0xb5b6, 0xb5b6, 0xb5b6, 0xb5b6, 0xb5b6,
    0xb596, 0x0000, 0x0000, 0x0000, 0x0000, 0x0000, 0x0000, 0x0000, 0x0000, 0x0000, 0x0000, 0x0000, 0x0000, 0x0000, 0x0000, 0x0000,
    0x0000, 0x0000, 0x0000, 0x0000, 0x0000, 0x0000, 0x0000, 0x0000, 0x0000, 0xb596, 0xb5b6, 0xb5b6, 0xb5b6, 0xb5b6, 0xb5b6, 0xb5b6,
    0xb5b6, 0xb5b6, 0xb5b6, 0xb5b6, 0xb5b6, 0xb5b6, 0xb5b6, 0xb5b6, 0xb5b6, 0xb5b6, 0xb5b6, 0xb5b6, 0xb5b6, 0xb5b6, 0xb5b6, 0xb5b6,
    0xb5b6, 0xb5b6, 0xb5b6, 0xb5b6, 0xb5b6, 0xb5b6, 0xb5b6, 0xb5b6, 0xb5b6, 0xb5b6, 0xb5b6, 0xb5b6, 0xb5b6, 0xb5b6, 0xb5b6, 0xb5b6,
    0xb5b6, 0xb5b6, 0xb5b6, 0xb5b6, 0xb596, 0x0000, 0x0000, 0x0000, 0x0000, 0x0000, 0x0000, 0x0000, 0x0000, 0x0000, 0x0000, 0x0000,
    0x0000, 0x0000, 0x0000, 0x0000, 0x0000, 0x0000, 0x0000, 0x0000, 0x0000, 0x0000, 0x0000, 0x0000, 0xb596, 0xb5b6, 0xb5b6, 0xb5b6,
    0xb5b6, 0xb5b6, 0xb5b6, 0xb5b6, 0xb5b6, 0xb5b6, 0xb5b6, 0xb5b6, 0xb5b6, 0xb5b6, 0xb5b6, 0xb5b6, 0xb5b6, 0xb5b6, 0xb5b6, 0xb5b6,
    0xb5b6, 0xb5b6, 0xb5b6, 0xb5b6, 0xb5b6, 0xb5b6, 0xb5b6, 0xb5b6, 0xb5b6, 0xb5b6, 0xb5b6, 0xb5b6, 0xb5b6, 0xb5b6, 0xb5b6, 0xb5b6,
    0xb5b6, 0xb5b6, 0xb5b6, 0xb5b6, 0xb5b6, 0xb5b6, 0xb5b6, 0xb5b6, 0x0000, 0x0000, 0x0000, 0x0000, 0x0000, 0x0000, 0x0000, 0x0000,
    0x0000, 0x0000, 0x0000, 0x0000, 0x0000, 0x0000, 0x0000, 0x0000, 0x0000, 0x0000, 0x0000, 0x0000, 0x0000, 0x0000, 0xb596, 0xb5b6,
    0xb5b6, 0xb5b6, 0xb5b6, 0xb5b6, 0xb5b6, 0xb5b6, 0xb5b6, 0xb5b6, 0xb5b6, 0xb5b6, 0xb5b6, 0xb5b6, 0xb5b6, 0xb5b6, 0xb5b6, 0xb5b6,
    0xb5b6, 0xb5b6, 0xb5b6, 0xb5b6, 0xb5b6, 0xb5b6, 0xb5b6, 0xb5b6, 0xb5b6, 0xb5b6, 0xb5b6, 0xb5b6, 0xb5b6, 0xb5b6, 0xb5b6, 0xb5b6,
    0xb5b6, 0xb5b6, 0xb5b6, 0xb5b6, 0xb5b6, 0xb5b6, 0xb5b6, 0xb5b6, 0xb5b6, 0xb5b6, 0xb5b6, 0x0000, 0x0000, 0x0000, 0x0000, 0x0000,
    0x0000, 0x0000, 0x0000, 0x0000, 0x0000, 0x0000, 0x0000, 0x0000, 0x0000, 0x0000, 0x0000, 0x0000, 0x0000, 0x0000, 0x0000, 0x0000,
    0x0000, 0xb5b6, 0xb5b6, 0xb5b6, 0xb5b6, 0xb5b6, 0xb5b6, 0xb5b6, 0xb5b6, 0xb5b6, 0xb5b6, 0xb5b6, 0xb5b6, 0xb5b6, 0xb5b6, 0xb5b6,
    0xb5b6, 0xb5b6, 0xb5b6, 0xb5b6, 0xb5b6, 0xb5b6, 0xb5b6, 0xb5b6, 0xb5b6, 0xb5b6, 0xb5b6, 0xb5b6, 0xb5b6, 0xb5b6, 0xb5b6, 0xb5b6,
    0xb5b6, 0xb5b6, 0xb5b6, 0xb5b6, 0xb5b6, 0xb5b6, 0xb5b6, 0xb5b6, 0xb5b6, 0xb5b6, 0xb5b6, 0xb5b6, 0xb5b6, 0xb596, 0x0000, 0x0000,
    0x0000, 0x0000, 0x0000, 0x0000, 0x0000, 0x0000, 0x0000, 0x0000, 0x0000, 0x0000, 0x0000, 0x0000, 0x0000, 0x0000, 0x0000, 0x0000,
    0xbdd7, 0xb5b6, 0xb596, 0xb596, 0xb596, 0xb5b6, 0xb5b6, 0xb5b6, 0xb5b6, 0xb5b6, 0xb5b6, 0xb5b6, 0xb5b6, 0xb5b6, 0xb5b6, 0xb5b6,
    0xb5b6, 0xb5b6, 0xb5b6, 0xb5b6, 0xb5b6, 0xb5b6, 0xb5b6, 0xb5b6, 0xb5b6, 0xb5b6, 0xb5b6, 0xb5b6, 0xb5b6, 0xb5b6, 0xb5b6, 0xb5b6,
    0xb5b6, 0xb5b6, 0xb5b6, 0xb5b6, 0xb5b6, 0xb5b6, 0xb5b6, 0xb5b6, 0xb5b6, 0xb5b6, 0xb5b6, 0xb5b6, 0xb5b6, 0xb5b6, 0xb5b6, 0xb5b6,
    0xb596, 0xb596, 0xb596, 0xb596, 0xb596, 0x0000, 0x0000, 0x0000, 0x0000, 0x0000, 0x0000, 0x0000, 0x0000, 0x0000, 0x0000, 0x0000,
    0x0000, 0xb596, 0xb5b6, 0xb5b6, 0xb5b6, 0xb5b6, 0xb5b6, 0xb5b6, 0xb5b6, 0xb5b6, 0xb5b6, 0xb5b6, 0xb5b6, 0xb5b6, 0xb5b6, 0xb5b6,
    0xb5b6, 0xb5b6, 0xb5b6, 0xb5b6, 0xb5b6, 0xb5b6, 0xb5b6, 0xb5b6, 0xb5b6, 0xb5b6, 0xb5b6, 0xb5b6, 0xb5b6, 0xb5b6, 0xb5b6, 0xb5b6,
    0xb5b6, 0xb5b6, 0xb5b6, 0xb5b6, 0xb5b6, 0xb5b6, 0xb5b6, 0xb5b6, 0xb5b6, 0xb5b6, 0xb5b6, 0xb5b6, 0xb5b6, 0xb5b6, 0xb5b6, 0xb5b6,
    0xb596, 0xa514, 0xad75, 0xb5b6, 0xb5b6, 0xb5b6, 0xb5b6, 0xb5b6, 0xb596, 0xbdd7, 0x0000, 0x0000, 0x0000, 0x0000, 0x0000, 0x0000,
    0x0000, 0x0000, 0xbdd7, 0xb5b6, 0xb5b6, 0xb5b6, 0xb5b6, 0xb5b6, 0xb5b6, 0xb5b6, 0xb5b6, 0xb5b6, 0xb5b6, 0xb5b6, 0xb5b6, 0xb5b6,
    0xb5b6, 0xb5b6, 0xb5b6, 0xb5b6, 0xb5b6, 0xb5b6, 0xb5b6, 0xb5b6, 0xb5b6, 0xb5b6, 0xb5b6, 0xb5b6, 0xb5b6, 0xb5b6, 0xb5b6, 0xb5b6,
    0xb5b6, 0xb5b6, 0xb5b6, 0xb5b6, 0xb5b6, 0xb5b6, 0xb5b6, 0xb5b6, 0xb5b6, 0xb5b6, 0xb5b6, 0xb5b6, 0xb5b6, 0xb5b6, 0xb5b6, 0xb5b6,
    0xb5b6, 0xb5b6, 0xad75, 0x9cd3, 0x9cd3, 0xb596, 0xb5b6, 0xb5b6, 0xb5b6, 0xb5b6, 0xb5b6, 0xb5b6, 0xb596, 0xbdf7, 0x0000, 0x0000,
    0x0000, 0x0000, 0x0000, 0x0000, 0xbdd7, 0xb596, 0xb5b6, 0xb5b6, 0xb5b6, 0xb5b6, 0xb5b6, 0xb5b6, 0xb5b6, 0xb5b6, 0xb5b6, 0xb5b6,
    0xb5b6, 0xb5b6, 0xb5b6, 0xb5b6, 0xb5b6, 0xb5b6, 0xb5b6, 0xb5b6, 0xb5b6, 0xb5b6, 0xb5b6, 0xb5b6, 0xb5b6, 0xb5b6, 0xb5b6, 0xb5b6,
    0xb5b6, 0xb5b6, 0xb5b6, 0xb5b6, 0xb5b6, 0xb5b6, 0xb5b6, 0xb5b6, 0xb5b6, 0xb5b6, 0xb5b6, 0xb5b6, 0xb5b6, 0xb5b6, 0xb5b6, 0xb5b6,
    0xb5b6, 0xb5b6, 0xb5b6, 0xb596, 0xa534, 0x9cd3, 0x9cd3, 0xa534, 0xb5b6, 0xb5b6, 0xb5b6, 0xb5b6, 0xb5b6, 0xb5b6, 0xb5b6, 0xb5b6,
    0xb5b6, 0x0000, 0x0000, 0x0000, 0x0000, 0x0000, 0x0000, 0xb596, 0xb5b6, 0xb5b6, 0xb5b6, 0xb5b6, 0xb5b6, 0xb5b6, 0xb5b6, 0xb5b6,
    0xb5b6, 0xb5b6, 0xb5b6, 0xb5b6, 0xb5b6, 0xb5b6, 0xb5b6, 0xb5b6, 0xb5b6, 0xb5b6, 0xb5b6, 0xb5b6, 0xb5b6, 0xb5b6, 0xb5b6, 0xb5b6,
    0xb5b6, 0xb5b6, 0xb5b6, 0xb5b6, 0xb5b6, 0xb5b6, 0xb5b6, 0xb5b6, 0xb5b6, 0xb5b6, 0xb5b6, 0xb5b6, 0xb5b6, 0xb5b6, 0xb5b6, 0xb5b6,
    0xb5b6, 0xb5b6, 0xb5b6, 0xb5b6, 0xb596, 0xa534, 0x9cd3, 0x9cd3, 0x9cd3, 0x9cf3, 0xb596, 0xb5b6, 0xb5b6, 0xb5b6, 0xb5b6, 0xb5b6,
    0xb5b6, 0xb5b6, 0xb5b6, 0xb596, 0xbdd7, 0x0000, 0x0000, 0x0000, 0x0000, 0xb5b6, 0xb5b6, 0xb5b6, 0xb5b6, 0xb5b6, 0xb5b6, 0xb5b6,
    0xb5b6, 0xb5b6, 0xb5b6, 0xb5b6, 0xb5b6, 0xb5b6, 0xb5b6, 0xb5b6, 0xb5b6, 0xb5b6, 0xb5b6, 0xb5b6, 0xb5b6, 0xb5b6, 0xb5b6, 0xb5b6,
    0xb5b6, 0xb5b6, 0xb5b6, 0xb5b6, 0xb5b6, 0xb596, 0xb5b6, 0xb5b6, 0xb5b6, 0xb5b6, 0xb5b6, 0xb5b6, 0xb5b6, 0xb5b6, 0xb5b6, 0xb5b6,
    0xb5b6, 0xb5b6, 0xb5b6, 0xb5b6, 0xb5b6, 0xad75, 0xa534, 0x9cd3, 0x9cd3, 0x9cd3, 0x9cd3, 0x9cf3, 0xad75, 0xb5b6, 0xb5b6, 0xb5b6,
    0xb5b6, 0xb5b6, 0xb5b6, 0xb5b6, 0xb5b6, 0xb5b6, 0xb5b6, 0xb5b6, 0x0000, 0x0000, 0x0000, 0x0000, 0xb596, 0xb5b6, 0xb5b6, 0xb5b6,
    0xb5b6, 0xb5b6, 0xb5b6, 0xb5b6, 0xb5b6, 0xb5b6, 0xb5b6, 0xb5b6, 0xb5b6, 0xb596, 0xb5b6, 0xb5b6, 0xb5b6, 0xb5b6, 0xb5b6, 0xb5b6,
    0xb5b6, 0xb5b6, 0xb5b6, 0xb5b6, 0xb5b6, 0xb5b6, 0xb5b6, 0xa534, 0x9cd3, 0xa534, 0xb596, 0xb5b6, 0xb5b6, 0xb5b6, 0xb5b6, 0xb5b6,
    0xb5b6, 0xb5b6, 0xb5b6, 0xb5b6, 0xb5b6, 0xb596, 0xa534, 0x9cf3, 0x9cd3, 0x9cd3, 0x9cd3, 0x9cd3, 0x9cd3, 0x9cd3, 0xb596, 0xb5b6,
    0xb5b6, 0xb5b6, 0xb5b6, 0xb5b6, 0xb5b6, 0xb5b6, 0xb5b6, 0xb5b6, 0xb5b6, 0xb5b6, 0xb596, 0x0000, 0x0000, 0x0000, 0x0000, 0xa534,
    0xad75, 0xb5b6, 0xb5b6, 0xb5b6, 0xb5b6, 0xb5b6, 0xb5b6, 0xb5b6, 0xb5b6, 0xb5b6, 0xad75, 0xa534, 0x9cd3, 0xad55, 0xb5b6, 0xb5b6,
    0xb5b6, 0xb5b6, 0xb5b6, 0xb5b6, 0xb5b6, 0xb5b6, 0xb596, 0xad75, 0xa534, 0x9cd3, 0x9cd3, 0x9cd3, 0x9cd3, 0x9cd3, 0x9cf3, 0xa534,
    0xa534, 0xa534, 0xa534, 0xa534, 0xa534, 0xa534, 0xa514, 0x9cd3, 0x9cd3, 0x9cd3, 0x9cd3, 0x9cd3, 0x9cd3, 0x9cd3, 0x9cd3, 0x9cd3,
    0xb596, 0xb5b6, 0xb5b6, 0xb5b6, 0xb5b6, 0xb5b6, 0xb5b6, 0xb5b6, 0xb5b6, 0xb5b6, 0xb5b6, 0xb596, 0xad55, 0x9cd3, 0x0000, 0x0000,
    0x0000, 0x0000, 0x9cd3, 0x9cd3, 0xa514, 0xad55, 0xad75, 0xad75, 0xad75, 0xad75, 0xad55, 0xa534, 0x9cf3, 0x9cd3, 0x9cd3, 0x9cd3,
    0x9cd3, 0x9cd3, 0xa514, 0xa534, 0xa534, 0xa534, 0xa534, 0xa514, 0x9cf3, 0x9cd3, 0x9cd3, 0x9cd3, 0x9cd3, 0x9cd3, 0x9cd3, 0x9cd3,
    0x9cd3, 0x9cd3, 0x9cd3, 0x9cd3, 0x9cd3, 0x9cd3, 0x9cd3, 0x9cd3, 0x9cd3, 0x9cd3, 0x9cd3, 0x9cd3, 0x9cd3, 0x9cd3, 0x9cd3, 0x9cd3,
    0x9cd3, 0x9cd3, 0x9cd3, 0x9cf3, 0xa514, 0xad55, 0xad75, 0xad75, 0xad75, 0xad75, 0xad55, 0xa534, 0xa534, 0xa514, 0x9cd3, 0x9cd3,
    0x9cd3, 0x0000, 0x0000, 0x0000, 0x0000, 0x9cd3, 0x9cd3, 0x9cd3, 0x9cd3, 0x9cd3, 0x9cd3, 0x9cd3, 0x9cd3, 0x9cd3, 0x9cd3, 0x9cd3,
    0x9cd3, 0x9cd3, 0x9cd3, 0x9cd3, 0x9cd3, 0x9cd3, 0x9cd3, 0x9cd3, 0x9cd3, 0x9cd3, 0x9cd3, 0x9cd3, 0x9cd3, 0x9cd3, 0x9cd3, 0x9cd3,
    0x9cd3, 0x9cd3, 0x9cd3, 0x9cd3, 0x9cd3, 0x9cd3, 0x9cd3, 0x9cd3, 0x9cd3, 0x9cd3, 0x9cd3, 0x9cd3, 0x9cd3, 0x9cd3, 0x9cd3, 0x9cd3,
    0x9cd3, 0x9cd3, 0x9cd3, 0x9cd3, 0x9cd3, 0x9cd3, 0x9cd3, 0x9cd3, 0x9cd3, 0x9cd3, 0x9cd3, 0x9cd3, 0x9cd3, 0x9cd3, 0x9cd3, 0x9cd3,
    0x9cd3, 0x9cd3, 0x9cd3, 0x9cd3, 0x0000, 0x0000, 0x0000, 0x0000, 0x94b2, 0x9cd3, 0x9cd3, 0x9cd3, 0x9cd3, 0x9cd3, 0x9cd3, 0x9cd3,
    0x9cd3, 0x9cd3, 0x9cd3, 0x9cd3, 0x9cd3, 0x9cd3, 0x9cd3, 0x9cd3, 0x9cd3, 0x9cd3, 0x9cd3, 0x9cd3, 0x9cd3, 0x9cd3, 0x9cd3, 0x9cd3,
    0x9cd3, 0x9cd3, 0x9cd3, 0x9cd3, 0x9cd3, 0x9cd3, 0x9cd3, 0x9cd3, 0x9cd3, 0x9cd3, 0x9cd3, 0x9cd3, 0x9cd3, 0x9cd3, 0x9cd3, 0x9cd3,
    0x9cd3, 0x9cd3, 0x9cd3, 0x9cd3, 0x9cd3, 0x9cd3, 0x9cd3, 0x9cd3, 0x9cd3, 0x9cd3, 0x9cd3, 0x9cd3, 0x9cd3, 0x9cd3, 0x9cd3, 0x9cd3,
    0x9cd3, 0x9cd3, 0x9cd3, 0x9cd3, 0x9cd3, 0x9cd3, 0x9cd3, 0x0000, 0x0000, 0x0000, 0x0000, 0x9cd3, 0x9cd3, 0x9cd3, 0x9cd3, 0x9cd3,
    0x9cd3, 0x9cd3, 0x9cd3, 0x9cd3, 0x9cd3, 0x9cd3, 0x9cd3, 0x9cd3, 0x9cd3, 0x9cd3, 0x9cd3, 0x9cd3, 0x9cd3, 0x9cd3, 0x9cd3, 0x9cd3,
    0x9cd3, 0x9cd3, 0x9cd3, 0x9cd3, 0x9cd3, 0x9cd3, 0x9cd3, 0x9cd3, 0x9cd3, 0x9cd3, 0x9cd3, 0x9cd3, 0x9cd3, 0x9cd3, 0x9cd3, 0x9cd3,
    0x9cd3, 0x9cd3, 0x9cd3, 0x9cd3, 0x9cd3, 0x9cd3, 0x9cd3, 0x9cd3, 0x9cd3, 0x9cd3, 0x9cd3, 0x9cd3, 0x9cd3, 0x9cd3, 0x9cd3, 0x9cd3,
    0x9cd3, 0x9cd3, 0x9cd3, 0x9cd3, 0x9cd3, 0x9cd3, 0x9cd3, 0x9cd3, 0x9cd3, 0x9cd3, 0x0000, 0x0000, 0x0000, 0x0000, 0x0000, 0x9cd3,
    0x9cd3, 0x9cd3, 0x9cd3, 0x9cd3, 0x9cd3, 0x9cd3, 0x9cd3, 0x9cd3, 0x9cd3, 0x9cd3, 0x9cd3, 0x9cd3, 0x9cd3, 0x9cd3, 0x9cd3, 0x9cd3,
    0x9cd3, 0x9cd3, 0x9cd3, 0x9cd3, 0x9cd3, 0x9cd3, 0x9cd3, 0x9cd3, 0x9cd3, 0x9cd3, 0x9cd3, 0x9cd3, 0x9cd3, 0x9cd3, 0x9cd3, 0x9cd3,
    0x9cd3, 0x9cd3, 0x9cd3, 0x9cd3, 0x9cd3, 0x9cd3, 0x9cd3, 0x9cd3, 0x9cd3, 0x9cd3, 0x9cd3, 0x9cd3, 0x9cd3, 0x9cd3, 0x9cd3, 0x9cd3,
    0x9cd3, 0x9cd3, 0x9cd3, 0x9cd3, 0x9cd3, 0x9cd3, 0x9cd3, 0x9cd3, 0x9cd3, 0x9cd3, 0x9cd3, 0x9cd3, 0x9cd3, 0x0000, 0x0000, 0x0000,
    0x0000, 0x0000, 0x0000, 0x94b2, 0x9cd3, 0x9cd3, 0x9cd3, 0x9cd3, 0x9cd3, 0x9cd3, 0x9cd3, 0x9cd3, 0x9cd3, 0x9cd3, 0x9cd3, 0x9cd3,
    0x9cd3, 0x9cd3, 0x9cd3, 0x9cd3, 0x9cd3, 0x9cd3, 0x9cd3, 0x9cd3, 0x9cd3, 0x9cd3, 0x9cd3, 0x9cd3, 0x9cd3, 0x9cd3, 0x9cd3, 0x9cd3,
    0x9cd3, 0x9cd3, 0x9cd3, 0x9cd3, 0x9cd3, 0x9cd3, 0x9cd3, 0x9cd3, 0x9cd3, 0x9cd3, 0x9cd3, 0x9cd3, 0x9cd3, 0x9cd3, 0x9cd3, 0x9cd3,
    0x9cd3, 0x9cd3, 0x9cd3, 0x9cd3, 0x9cd3, 0x9cd3, 0x9cd3, 0x9cd3, 0x9cd3, 0x9cd3, 0x9cd3, 0x9cd3, 0x9cd3, 0x94b2, 0x0000, 0x0000,
    0x0000, 0x0000, 0x0000, 0x0000, 0x0000, 0x0000, 0x0000, 0x9cf3, 0x9cd3, 0x9cd3, 0x9cd3, 0x9cd3, 0x9cd3, 0x9cd3, 0x9cd3, 0x9cd3,
    0x9cd3, 0x9cd3, 0x9cd3, 0x9cd3, 0x9cd3, 0x9cd3, 0x9cd3, 0x9cd3, 0x9cd3, 0x9cd3, 0x9cd3, 0x9cd3, 0x9cd3, 0x9cd3, 0x9cd3, 0x9cd3,
    0x9cd3, 0x9cd3, 0x9cd3, 0x9cd3, 0x9cd3, 0x9cd3, 0x9cd3, 0x9cd3, 0x9cd3, 0x9cd3, 0x9cd3, 0x9cd3, 0x9cd3, 0x9cd3, 0x9cd3, 0x9cd3,
    0x9cd3, 0x9cd3, 0x9cd3, 0x9cd3, 0x9cd3, 0x9cd3, 0x9cd3, 0x9cd3, 0x9cd3, 0x9cd3, 0x9cd3, 0x9cd3, 0x9cd3, 0x9cd3, 0x9cd3, 0x94b2,
    0x0000, 0x0000, 0x0000, 0x0000, 0x0000, 0x0000, 0x0000, 0x0000, 0x0000, 0x0000, 0x0000, 0x0000, 0x0000, 0x0000, 0x0000, 0x0000,
    0x0000, 0x0000, 0x0000, 0x0000, 0x0000, 0x0000, 0x0000, 0x0000, 0x0000, 0x0000, 0x0000, 0x0000, 0x0000, 0x0000, 0x0000, 0x0000,
    0x0000, 0x0000, 0x0000, 0x0000, 0x0000, 0x0000, 0x0000, 0x0000, 0x0000, 0x0000, 0x0000, 0x0000, 0x0000, 0x0000, 0x0000, 0x0000,
    0x0000, 0x0000, 0x0000, 0x0000, 0x0000, 0x0000, 0x0000, 0x0000, 0x0000, 0x0000, 0x0000, 0x0000, 0x0000, 0x0000, 0x0000, 0x0000,
    0x0000, 0x0000, 0x0000, 0x0000, 0x0000, 0x0000, 0x0000, 0x0000, 0x0000, 0x0000, 0x0000, 0x0000, 0x0000, 0x0000, 0x0000, 0x0000,
    0x0000, 0x0000, 0x0000, 0x0000, 0x0000, 0x0000, 0x0000, 0x0000, 0x0000, 0x0000, 0x0000, 0x0000, 0x0000, 0x0000, 0x0000, 0x0000,
    0x0000, 0x0000, 0x0000, 0x0000, 0x0000, 0x0000, 0x0000, 0x0000, 0x0000, 0x0000, 0x0000, 0x0000, 0x0000, 0x0000, 0x0000, 0x0000,
    0x0000, 0x0000, 0x0000, 0x0000, 0x0000, 0x0000, 0x0000, 0x0000, 0x0000, 0x0000, 0x0000, 0x0000, 0x0000, 0x0000, 0x0000, 0x0000,
    0x0000, 0x0000, 0x0000, 0x0000, 0x0000, 0x0000, 0x0000, 0x0000, 0x0000, 0x0000, 0x0000, 0x0000, 0x0000, 0x0000, 0x0000, 0x0000,
    0x0000, 0x0000, 0x0000, 0x0000, 0x0000, 0x0000, 0x0000, 0x0000, 0x0000, 0x0000, 0x0000, 0x0000, 0x0000, 0x23f3, 0x23f3, 0x0000,
    0x0000, 0x0000, 0x0000, 0x0000, 0x0000, 0x0000, 0x0000, 0x0000, 0x0000, 0x0000, 0x0000, 0x0000, 0x0000, 0x0000, 0x0000, 0x0000,
    0x0000, 0x0000, 0x0000, 0x0000, 0x0000, 0x0000, 0x0000, 0x0000, 0x0000, 0x0000, 0x0000, 0x0000, 0x0000, 0x0000, 0x0000, 0x0000,
    0x0000, 0x0000, 0x0000, 0x0000, 0x0000, 0x0000, 0x0000, 0x0000, 0x0000, 0x0000, 0x0000, 0x0000, 0x0000, 0x0000, 0x0000, 0x0000,
    0x0000, 0x0000, 0x0000, 0x0000, 0x0000, 0x0000, 0x0000, 0x0000, 0x0000, 0x0000, 0x0000, 0x0000, 0x0000, 0x0000, 0x0000, 0x23f3,
    0x23f3, 0x23f3, 0x23f3, 0x0000, 0x0000, 0x0000, 0x0000, 0x0000, 0x0000, 0x0000, 0x0000, 0x0000, 0x0000, 0x0000, 0x0000, 0x0000,
    0x0000, 0x1394, 0x23f3, 0x0000, 0x0000, 0x0000, 0x0000, 0x0000, 0x0000, 0x0000, 0x0000, 0x0000, 0x0000, 0x0000, 0x0000, 0x0000,
    0x0000, 0x0000, 0x0000, 0x0000, 0x0000, 0x0000, 0x0000, 0x0000, 0x0000, 0x0000, 0x0000, 0x0000, 0x0000, 0x0000, 0x0000, 0x0000,
    0x0000, 0x0000, 0x0000, 0x0000, 0x0000, 0x0000, 0x0000, 0x0000, 0x0000, 0x0000, 0x0000, 0x0000, 0x0000, 0x0000, 0x0000, 0x0000,
    0x0000, 0x23f3, 0x23f3, 0x23f3, 0x23f3, 0x23f3, 0x0000, 0x0000, 0x0000, 0x0000, 0x0000, 0x0000, 0x0000, 0x0000, 0x0000, 0x0000,
    0x0000, 0x0000, 0x0000, 0x23f3, 0x23f3, 0x23f3, 0x23f3, 0x0000, 0x0000, 0x0000, 0x0000, 0x0000, 0x0000, 0x0000, 0x0000, 0x0000,
    0x0000, 0x0000, 0x0000, 0x0000, 0x0000, 0x23f3, 0x23f3, 0x23f3, 0x0000, 0x0000, 0x0000, 0x0000, 0x0000, 0x0000, 0x0000, 0x0000,
    0x0000, 0x0000, 0x0000, 0x0000, 0x0000, 0x0000, 0x0000, 0x0000, 0x0000, 0x0000, 0x0000, 0x0000, 0x0000, 0x0000, 0x0000, 0x0000,
    0x0000, 0x0000, 0x0000, 0x23f2, 0x23f3, 0x23f3, 0x23f3, 0x23f3, 0x23f3, 0x0000, 0x0000, 0x0000, 0x0000, 0x0000, 0x0000, 0x0000,
    0x0000, 0x0000, 0x0000, 0x0000, 0x0000, 0x23f2, 0x23f3, 0x23f3, 0x23f3, 0x23f3, 0x0000, 0x0000, 0x0000, 0x0000, 0x0000, 0x0000,
    0x0000, 0x0000, 0x0000, 0x0000, 0x0000, 0x0000, 0x001f, 0x23f3, 0x23f3, 0x23f3, 0x23f3, 0x1b91, 0x0000, 0x0000, 0x0000, 0x0000,
    0x0000, 0x0000, 0x0000, 0x0000, 0x0000, 0x0000, 0x0000, 0x0000, 0x0000, 0x0000, 0x0000, 0x0000, 0x0000, 0x0000, 0x0000, 0x0000,
    0x0000, 0x0000, 0x0000, 0x0000, 0x0000, 0x23f3, 0x23f3, 0x23f3, 0x23f3, 0x23f3, 0x23f3, 0x23f3, 0x0000, 0x0000, 0x0000, 0x0000,
    0x0000, 0x0000, 0x0000, 0x0000, 0x0000, 0x0000, 0x0000, 0x23f3, 0x23f3, 0x23f3, 0x23f3, 0x23f3, 0x23f3, 0x0000, 0x0000, 0x0000,
    0x0000, 0x0000, 0x0000, 0x0000, 0x0000, 0x0000, 0x0000, 0x0000, 0x03ef, 0x23f3, 0x23f3, 0x23f3, 0x23f3, 0x23f3, 0x23f3, 0x0000,
    0x0000, 0x0000, 0x0000, 0x0000, 0x0000, 0x0000, 0x0000, 0x0000, 0x0000, 0x0000, 0x0000, 0x0000, 0x0000, 0x0000, 0x0000, 0x0000,
    0x0000, 0x0000, 0x0000, 0x0000, 0x0000, 0x0000, 0x0000, 0x1bf3, 0x2c13, 0x6db9, 0x6db9, 0x23f3, 0x23f3, 0x23f3, 0x23f3, 0x0000,
    0x0000, 0x0000, 0x0000, 0x0000, 0x0000, 0x0000, 0x0000, 0x0000, 0x0000, 0x23f3, 0x23f3, 0x23f3, 0x23f3, 0x23f3, 0x23f3, 0x23f2,
    0x0000, 0x0000, 0x0000, 0x0000, 0x0000, 0x0000, 0x0000, 0x0000, 0x0000, 0x0000, 0x0000, 0x23f2, 0x23f3, 0x23f3, 0x23f3, 0x23f3,
    0x23f3, 0x23f3, 0x0000, 0x0000, 0x0000, 0x0000, 0x0000, 0x0000, 0x0000, 0x0000, 0x0000, 0x0000, 0x0000, 0x0000, 0x0000, 0x0000,
    0x0000, 0x0000, 0x0000, 0x0000, 0x0000, 0x0000, 0x0000, 0x0000, 0x0000, 0x0000, 0x23f3, 0x6578, 0xaf3f, 0xaf3f, 0x2c13, 0x23f3,
    0x23f3, 0x23f3, 0x0000, 0x0000, 0x0000, 0x0000, 0x0000, 0x0000, 0x0000, 0x0000, 0x0000, 0x001f, 0x3434, 0x75fa, 0x5517, 0x23f3,
    0x23f3, 0x23f3, 0x23f3, 0x0000, 0x0000, 0x0000, 0x0000, 0x0000, 0x0000, 0x0000, 0x0000, 0x0000, 0x0000, 0x1bf2, 0x23f3, 0x3c75,
    0x23f3, 0x23f3, 0x23f3, 0x23f3, 0x23f3, 0x0000, 0x0000, 0x0000, 0x0000, 0x0000, 0x0000, 0x0000, 0x0000, 0x0000, 0x0000, 0x0000,
    0x0000, 0x0000, 0x0000, 0x0000, 0x0000, 0x0000, 0x0000, 0x0000, 0x0000, 0x0000, 0x0000, 0x0000, 0x0000, 0x23f3, 0x7dfa, 0xaf3f,
    0xa71f, 0x2413, 0x23f3, 0x23f3, 0x23f3, 0x0000, 0x0000, 0x0000, 0x0000, 0x0000, 0x0000, 0x0000, 0x0000, 0x0000, 0x23f2, 0x7e1b,
    0xaf3f, 0x969d, 0x23f3, 0x23f3, 0x23f3, 0x23f3, 0x0000, 0x0000, 0x0000, 0x0000, 0x0000, 0x0000, 0x0000, 0x0000, 0x0000, 0x0000,
    0x23f2, 0x5d37, 0xaf3f, 0x6558, 0x23f3, 0x23f3, 0x23f3, 0x23f3, 0x0000, 0x0000, 0x0000, 0x0000, 0x0000, 0x0000, 0x0000, 0x0000,
    0x0000, 0x0000, 0x0000, 0x0000, 0x0000, 0x0000, 0x0000, 0x0000, 0x0000, 0x0000, 0x0000, 0x0000, 0x0000, 0x0000, 0x0000, 0x0000,
    0x23f3, 0x44b5, 0xa6fe, 0x5537, 0x23f3, 0x23f3, 0x23f3, 0x1bf3, 0x0000, 0x0000, 0x0000, 0x0000, 0x0000, 0x0000, 0x0000, 0x0000,
    0x0000, 0x23f2, 0x9ede, 0xaf3f, 0x969d, 0x23f3, 0x23f3, 0x23f3, 0x23f3, 0x0000, 0x0000, 0x0000, 0x0000, 0x0000, 0x0000, 0x0000,
    0x0000, 0x0000, 0x0000, 0x23f3, 0x9ebd, 0xaf3f, 0x7e1b, 0x23f3, 0x23f3, 0x23f3, 0x0000, 0x0000, 0x0000, 0x0000, 0x0000, 0x0000,
    0x0000, 0x0000, 0x0000, 0x0000, 0x0000, 0x0000, 0x0000, 0x0000, 0x0000, 0x0000, 0x0000, 0x0000, 0x0000, 0x0000, 0x0000, 0x0000,
    0x0000, 0x0000, 0x0000, 0x13f2, 0x23f3, 0x23f3, 0x23f3, 0x23f3, 0x23f3, 0x23f3, 0x0000, 0x0000, 0x0000, 0x0000, 0x0000, 0x0000,
    0x0000, 0x0000, 0x0000, 0x0000, 0x23f3, 0x969d, 0xaf3f, 0x6db9, 0x23f3, 0x23f3, 0x23f3, 0x1b91, 0x0000, 0x0000, 0x0000, 0x0000,
    0x0000, 0x0000, 0x0000, 0x0000, 0x0000, 0x0000, 0x23f3, 0x9ede, 0xaf3f, 0x6db9, 0x23f3, 0x23f3, 0x23f3, 0x0000, 0x0000, 0x0000,
    0x0000, 0x0000, 0x0000, 0x0000, 0x0000, 0x0000, 0x0000, 0x0000, 0x0000, 0x0000, 0x0000, 0x0000, 0x0000, 0x0000, 0x0000, 0x0000,
    0x0000, 0x0000, 0x0000, 0x0000, 0x0000, 0x0000, 0x0000, 0x02b5, 0x23f3, 0x23f2, 0x23f3, 0x23f3, 0x0000, 0x0000, 0x0000, 0x0000,
    0x0000, 0x0000, 0x0000, 0x0000, 0x0000, 0x0000, 0x0000, 0x1bd3, 0x3c74, 0x5d58, 0x2c13, 0x23f3, 0x23f3, 0x23f3, 0x0000, 0x0000,
    0x0000, 0x0000, 0x0000, 0x0000, 0x0000, 0x0000, 0x0000, 0x0000, 0x0000, 0x23f3, 0x5d38, 0x865c, 0x3434, 0x23f3, 0x23f3, 0x23f3,
    0x0000, 0x0000, 0x0000, 0x0000, 0x0000, 0x0000, 0x0000, 0x0000, 0x0000, 0x0000, 0x0000, 0x0000, 0x0000, 0x0000, 0x0000, 0x0000,
    0x0000, 0x0000, 0x0000, 0x0000, 0x0000, 0x0000, 0x0000, 0x0000, 0x0000, 0x0000, 0x0000, 0x0000, 0x0000, 0x0000, 0x0000, 0x0000,
    0x0000, 0x0000, 0x0000, 0x0000, 0x0000, 0x0000, 0x0000, 0x0000, 0x0000, 0x0000, 0x0000, 0x23d2, 0x23f3, 0x23f3, 0x23f3, 0x23f3,
    0x0000, 0x0000, 0x0000, 0x0000, 0x0000, 0x0000, 0x0000, 0x0000, 0x0000, 0x0000, 0x0000, 0x0000, 0x23f3, 0x23f3, 0x23f3, 0x23f3,
    0x23f3, 0x23f3, 0x001f, 0x0000, 0x0000, 0x0000, 0x0000, 0x0000, 0x0000, 0x0000, 0x0000, 0x0000, 0x0000, 0x0000, 0x0000, 0x0000,
    0x0000, 0x0000, 0x0000, 0x0000, 0x0000, 0x0000, 0x0000, 0x0000, 0x0000, 0x0000, 0x0000, 0x0000, 0x0000, 0x0000, 0x0000, 0x0000,
    0x0000, 0x0000, 0x0000, 0x0000, 0x0000, 0x0000, 0x0000, 0x23d3, 0x23f3, 0x23f3, 0x0000, 0x0000, 0x0000, 0x0000, 0x0000, 0x0000,
    0x0000, 0x0000, 0x0000, 0x0000, 0x0000, 0x0000, 0x0000, 0x0000, 0x0000, 0x1bd2, 0x23f2, 0x0000, 0x0000, 0x0000, 0x0000, 0x0000,
    0x1bf3, 0x23f3, 0x23f2, 0x23f3, 0x0000, 0x0000, 0x0000, 0x0000, 0x0000, 0x0000, 0x0000, 0x0000, 0x0000, 0x0000, 0x0000, 0x0000,
    0x0000, 0x0000, 0x0000, 0x0000, 0x0000, 0x0000, 0x0000, 0x0000, 0x0000, 0x0000, 0x0000, 0x0000, 0x0000, 0x0000, 0x0000, 0x0000,
    0x0000, 0x0000, 0x0000, 0x0000, 0x0000, 0x0000, 0x0000, 0x0000, 0x0000, 0x23f3, 0x23f3, 0x23f3, 0x23f3, 0x0000, 0x0000, 0x0000,
    0x0000, 0x0000, 0x0000, 0x0000, 0x0000, 0x0000, 0x0000, 0x0000, 0x0000, 0x0000, 0x0000, 0x23f3, 0x23f3, 0x23f3, 0x23f3, 0x0000,
    0x0000, 0x0000, 0x0000, 0x0000, 0x0000, 0x0000, 0x0000, 0x0000, 0x0000, 0x0000, 0x0000, 0x0000, 0x0000, 0x0000, 0x0000, 0x0000,
    0x0000, 0x0000, 0x0000, 0x0000, 0x0000, 0x0000, 0x0000, 0x0000, 0x0000, 0x0000, 0x0000, 0x0000, 0x0000, 0x0000, 0x0000, 0x0000,
    0x0000, 0x0000, 0x0000, 0x0000, 0x0000, 0x0000, 0x0000, 0x0000, 0x0000, 0x0000, 0x0000, 0x23f3, 0x23f3, 0x23f3, 0x23f3, 0x23f3,
    0x0000, 0x0000, 0x0000, 0x0000, 0x0000, 0x0000, 0x0000, 0x0000, 0x0000, 0x0000, 0x0000, 0x0000, 0x0000, 0x23f2, 0x23f3, 0x23f3,
    0x23f3, 0x23f3, 0x0000, 0x0000, 0x0000, 0x0000, 0x0000, 0x0000, 0x0000, 0x0000, 0x0000, 0x0000, 0x0000, 0x0000, 0x0000, 0x0000,
    0x0000, 0x0000, 0x0000, 0x0000, 0x0000, 0x0000, 0x0000, 0x0000, 0x0000, 0x0000, 0x0000, 0x0000, 0x0000, 0x0000, 0x0000, 0x0000,
    0x0000, 0x0000, 0x0000, 0x0000, 0x0000, 0x0000, 0x0000, 0x0000, 0x0000, 0x0000, 0x0000, 0x0000, 0x0000, 0x23f3, 0x23f3, 0x23f3,
    0x23f3, 0x23f3, 0x23f3, 0x0000, 0x0000, 0x0000, 0x0000, 0x0000, 0x0000, 0x0000, 0x0000, 0x0000, 0x0000, 0x0000, 0x001f, 0x23f3,
    0x23f3, 0x23f3, 0x23f3, 0x23f3, 0x23f3, 0x0000, 0x0000, 0x0000, 0x0000, 0x0000, 0x0000, 0x0000, 0x0000, 0x0000, 0x0000, 0x0000,
    0x0000, 0x0000, 0x0000, 0x0000, 0x0000, 0x0000, 0x0000, 0x0000, 0x0000, 0x0000, 0x0000, 0x0000, 0x0000, 0x0000, 0x0000, 0x0000,
    0x0000, 0x0000, 0x0000, 0x0000, 0x0000, 0x0000, 0x0000, 0x0000, 0x0000, 0x0000, 0x0000, 0x0000, 0x0000, 0x0000, 0x0000, 0x23f3,
    0x3454, 0x5517, 0x23f3, 0x23f3, 0x23f3, 0x23f3, 0x0000, 0x0000, 0x0000, 0x0000, 0x0000, 0x0000, 0x0000, 0x0000, 0x0000, 0x0000,
    0x0000, 0x23f3, 0x23f3, 0x23f3, 0x23f3, 0x23f3, 0x23f3, 0x23f3, 0x0000, 0x0000, 0x0000, 0x0000, 0x0000, 0x0000, 0x0000, 0x0000,
    0x0000, 0x0000, 0x0000, 0x0000, 0x0000, 0x0000, 0x0000, 0x0000, 0x0000, 0x0000, 0x0000, 0x0000, 0x0000, 0x0000, 0x0000, 0x0000,
    0x0000, 0x0000, 0x0000, 0x0000, 0x0000, 0x0000, 0x0000, 0x0000, 0x0000, 0x0000, 0x0000, 0x0000, 0x0000, 0x0000, 0x0000, 0x0000,
    0x0000, 0x0000, 0x2413, 0x9ebd, 0xaf3f, 0x4cd6, 0x23f3, 0x23f3, 0x23f3, 0x0000, 0x0000, 0x0000, 0x0000, 0x0000, 0x0000, 0x0000,
    0x0000, 0x0000, 0x0000, 0x1bf3, 0x2c33, 0x8e7c, 0x7dfa, 0x23f3, 0x23f3, 0x23f3, 0x23f3, 0x0000, 0x0000, 0x0000, 0x0000, 0x0000,
    0x0000, 0x0000, 0x0000, 0x0000, 0x0000, 0x0000, 0x0000, 0x0000, 0x0000, 0x0000, 0x0000, 0x0000, 0x0000, 0x0000, 0x0000, 0x0000,
    0x0000, 0x0000, 0x0000, 0x0000, 0x0000, 0x0000, 0x0000, 0x0000, 0x0000, 0x0000, 0x0000, 0x0000, 0x0000, 0x0000, 0x0000, 0x0000,
    0x0000, 0x0000, 0x0000, 0x0000, 0x23d2, 0x4495, 0xaf3f, 0xaf3f, 0x5537, 0x23f3, 0x23f3, 0x23f3, 0x0000, 0x0000, 0x0000, 0x0000,
    0x0000, 0x0000, 0x0000, 0x0000, 0x0000, 0x0000, 0x23f3, 0x6599, 0xaf3f, 0xaf3f, 0x2413, 0x23f3, 0x23f3, 0x23f2, 0x0000, 0x0000,
    0x0000, 0x0000, 0x0000, 0x0000, 0x0000, 0x0000, 0x0000, 0x0000, 0x0000, 0x0000, 0x0000, 0x0000, 0x0000, 0x0000, 0x0000, 0x0000,
    0x0000, 0x0000, 0x0000, 0x0000, 0x0000, 0x0000, 0x0000, 0x0000, 0x0000, 0x0000, 0x0000, 0x0000, 0x0000, 0x0000, 0x0000, 0x0000,
    0x0000, 0x0000, 0x0000, 0x0000, 0x0000, 0x0000, 0x0000, 0x23f3, 0x3c75, 0xaf3f, 0xaf3f, 0x44b5, 0x23f3, 0x23f3, 0x23f2, 0x0000,
    0x0000, 0x0000, 0x0000, 0x0000, 0x0000, 0x0000, 0x0000, 0x0000, 0x0000, 0x23f3, 0x7e1b, 0xaf3f, 0xaf3f, 0x2413, 0x23f3, 0x23f3,
    0x1bd2, 0x0000, 0x0000, 0x0000, 0x0000, 0x0000, 0x0000, 0x0000, 0x0000, 0x0000, 0x0000, 0x0000, 0x0000, 0x0000, 0x0000, 0x0000,
    0x0000, 0x0000, 0x0000, 0x0000, 0x0000, 0x0000, 0x0000, 0x0000, 0x0000, 0x0000, 0x0000, 0x0000, 0x0000, 0x0000, 0x0000, 0x0000,
    0x0000, 0x0000, 0x0000, 0x0000, 0x0000, 0x0000, 0x0000, 0x0000, 0x0000, 0x0000, 0x1bf3, 0x23f3, 0x6578, 0x75da, 0x23f3, 0x23f3,
    0x23f3, 0x23f2, 0x0000, 0x0000, 0x0000, 0x0000, 0x0000, 0x0000, 0x0000, 0x0000, 0x0000, 0x0000, 0x23f3, 0x6578, 0xaf3f, 0x969d,
    0x23f3, 0x23f3, 0x23f2, 0x0000, 0x0000, 0x0000, 0x0000, 0x0000, 0x0000, 0x0000, 0x0000, 0x0000, 0x0000, 0x0000, 0x0000, 0x0000,
    0x0000, 0x0000, 0x0000, 0x0000, 0x0000, 0x0000, 0x0000, 0x0000, 0x0000, 0x0000, 0x0000, 0x0000, 0x0000, 0x0000, 0x0000, 0x0000,
    0x0000, 0x0000, 0x0000, 0x0000, 0x0000, 0x0000, 0x0000, 0x0000, 0x0000, 0x0000, 0x0000, 0x0000, 0x0000, 0x0000, 0x23f2, 0x23f3,
    0x23f3, 0x23f3, 0x23f3, 0x23f3, 0x0000, 0x0000, 0x0000, 0x0000, 0x0000, 0x0000, 0x0000, 0x0000, 0x0000, 0x0000, 0x0000, 0x1bf3,
    0x23f3, 0x5537, 0x3454, 0x23f3, 0x23f3, 0x23f3, 0x0000, 0x0000, 0x0000, 0x0000, 0x0000, 0x0000, 0x0000, 0x0000, 0x0000, 0x0000,
    0x0000, 0x0000, 0x0000, 0x0000, 0x0000, 0x0000, 0x0000, 0x0000, 0x0000, 0x0000, 0x0000, 0x0000, 0x0000, 0x0000, 0x0000, 0x0000,
    0x0000, 0x0000, 0x0000, 0x0000, 0x0000, 0x0000, 0x0000, 0x0000, 0x0000, 0x0000, 0x0000, 0x0000, 0x0000, 0x0000, 0x0000, 0x0000,
    0x0000, 0x0000, 0x23f2, 0x23f3, 0x23f3, 0x23f2, 0x0000, 0x0000, 0x0000, 0x0000, 0x0000, 0x0000, 0x0000, 0x0000, 0x0000, 0x0000,
    0x0000, 0x0000, 0x0000, 0x23f3, 0x23f3, 0x23f3, 0x23f2, 0x23f3, 0x0000, 0x0000, 0x0000, 0x0000, 0x0000, 0x0000, 0x0000, 0x0000,
    0x0000, 0x0000, 0x0000, 0x0000, 0x0000, 0x0000, 0x0000, 0x0000, 0x0000, 0x0000, 0x0000, 0x0000, 0x0000, 0x0000, 0x0000, 0x0000,
    0x0000, 0x0000, 0x0000, 0x0000, 0x0000, 0x0000, 0x0000, 0x0000, 0x0000, 0x0000, 0x0000, 0x0000, 0x0000, 0x0000, 0x0000, 0x0000,
    0x0000, 0x0000, 0x0000, 0x0000, 0x0000, 0x0000, 0x0000, 0x0000, 0x0000, 0x0000, 0x0000, 0x0000, 0x0000, 0x0000, 0x0000, 0x0000,
    0x0000, 0x0000, 0x0000, 0x0000, 0x0000, 0x0000, 0x0000, 0x0000, 0x0000, 0x0000, 0x0000, 0x0000, 0x0000, 0x0000, 0x0000, 0x0000,
    0x0000, 0x0000, 0x0000, 0x0000, 0x0000, 0x0000, 0x0000, 0x0000, 0x0000, 0x0000, 0x0000, 0x0000, 0x0000, 0x0000, 0x0000, 0x0000,
    0x0000, 0x0000, 0x0000, 0x0000, 0x0000, 0x0000, 0x0000, 0x0000, 0x0000, 0x0000, 0x0000, 0x0000, 0x0000, 0x0000, 0x0000, 0x0000,
    0x0000, 0x0000, 0x0000, 0x0000, 0x0000, 0x0000, 0x0000, 0x0000, 0x0000, 0x0000, 0x0000, 0x0000, 0x0000, 0x0000, 0x0000, 0x0000,
    0x0000, 0x0000, 0x0000, 0x0000, 0x0000, 0x0000, 0x0000, 0x0000, 0x0000, 0x0000, 0x0000, 0x0000, 0x0000, 0x0000, 0x0000, 0x0000,
    0x0000, 0x0000, 0x0000, 0x0000, 0x0000, 0x0000, 0x0000, 0x0000, 0x0000, 0x0000, 0x0000, 0x0000, 0x0000, 0x0000, 0x0000, 0x0000,
    0x0000, 0x0000, 0x0000, 0x0000, 0x0000, 0x0000, 0x0000, 0x0000, 0x0000, 0x0000, 0x0000, 0x0000, 0x0000, 0x0000, 0x0000, 0x0000,
    0x0000, 0x0000, 0x0000, 0x0000, 0x0000, 0x0000, 0x0000, 0x0000, 0x0000, 0x0000, 0x0000, 0x0000, 0x0000, 0x0000, 0x0000, 0x0000,
    0x0000, 0x0000, 0x0000, 0x0000, 0x0000, 0x0000, 0x0000, 0x0000, 0x0000, 0x0000, 0x0000, 0x0000, 0x0000, 0x0000, 0x0000, 0x0000,
    0x0000, 0x0000, 0x0000, 0x0000, 0x0000, 0x0000, 0x0000, 0x0000, 0x0000, 0x0000, 0x0000, 0x0000, 0x0000, 0x0000, 0x0000, 0x0000,
    0x0000, 0x0000, 0x0000, 0x0000, 0x0000, 0x0000, 0x0000, 0x0000, 0x0000};
// 'clear-n', 67x67px
const uint16_t weather_clear_n[] PROGMEM = {
    0x0000, 0x0000, 0x0000, 0x0000, 0x0000, 0x0000, 0x0000, 0x0000, 0x0000, 0x0000, 0x0000, 0x0000, 0x0000, 0x0000, 0x0000, 0x0000,
    0x0000, 0x0000, 0x0000, 0x0000, 0x0000, 0x0000, 0x0000, 0x0000, 0x0000, 0x0000, 0x0000, 0x0000, 0x0000, 0x0000, 0x0000, 0x0000,
    0x0000, 0x0000, 0x0000, 0x0000, 0x0000, 0x0000, 0x0000, 0x0000, 0x0000, 0x0000, 0x0000, 0x0000, 0x0000, 0x0000, 0x0000, 0x0000,
    0x0000, 0x0000, 0x0000, 0x0000, 0x0000, 0x0000, 0x0000, 0x0000, 0x0000, 0x0000, 0x0000, 0x0000, 0x0000, 0x0000, 0x0000, 0x0000,
    0x0000, 0x0000, 0x0000, 0x0000, 0x0000, 0x0000, 0x0000, 0x0000, 0x0000, 0x0000, 0x0000, 0x0000, 0x0000, 0x0000, 0x0000, 0x0000,
    0x0000, 0x0000, 0x0000, 0x0000, 0x0000, 0x0000, 0x0000, 0x0000, 0x0000, 0x0000, 0x0000, 0x0000, 0x0000, 0x0000, 0x0000, 0x0000,
    0x0000, 0x0000, 0x0000, 0x0000, 0x0000, 0x0000, 0x0000, 0x0000, 0x0000, 0x0000, 0x0000, 0x0000, 0x0000, 0x0000, 0x0000, 0x0000,
    0x0000, 0x0000, 0x0000, 0x0000, 0x0000, 0x0000, 0x0000, 0x0000, 0x0000, 0x0000, 0x0000, 0x0000, 0x0000, 0x0000, 0x0000, 0x0000,
    0x0000, 0x0000, 0x0000, 0x0000, 0x0000, 0x0000, 0x0000, 0x0000, 0x0000, 0x0000, 0x0000, 0x0000, 0x0000, 0x0000, 0x0000, 0x0000,
    0x0000, 0x0000, 0x0000, 0x0000, 0x0000, 0x0000, 0x0000, 0x0000, 0x0000, 0x0000, 0x0000, 0x0000, 0x0000, 0x0000, 0x0000, 0x0000,
    0x19c8, 0x21e9, 0x21e9, 0x2209, 0x21e9, 0x21e9, 0x21e9, 0x2209, 0x21e9, 0x21e9, 0x21e9, 0x2209, 0x21e9, 0x21e9, 0x19e9, 0x0000,
    0x0000, 0x0000, 0x0000, 0x0000, 0x0000, 0x0000, 0x0000, 0x0000, 0x0000, 0x0000, 0x0000, 0x0000, 0x0000, 0x0000, 0x0000, 0x0000,
    0x0000, 0x0000, 0x0000, 0x0000, 0x0000, 0x0000, 0x0000, 0x0000, 0x0000, 0x0000, 0x0000, 0x0000, 0x0000, 0x0000, 0x0000, 0x0000,
    0x0000, 0x0000, 0x0000, 0x0000, 0x0000, 0x0000, 0x0000, 0x0000, 0x0000, 0x0000, 0x0000, 0x0000, 0x0000, 0x0000, 0x0000, 0x0000,
    0x21e9, 0x21e9, 0x21e9, 0x21e9, 0x19c8, 0x19a7, 0x1987, 0x1987, 0x1987, 0x21e8, 0x2209, 0x2209, 0x2209, 0x2209, 0x2209, 0x2209,
    0x2209, 0x2209, 0x21e9, 0x21e9, 0x2209, 0x0000, 0x0000, 0x0000, 0x0000, 0x0000, 0x0000, 0x0000, 0x0000, 0x0000, 0x0000, 0x0000,
    0x0000, 0x0000, 0x0000, 0x0000, 0x0000, 0x0000, 0x0000, 0x0000, 0x0000, 0x0000, 0x0000, 0x0000, 0x0000, 0x0000, 0x0000, 0x0000,
    0x0000, 0x0000, 0x0000, 0x0000, 0x0000, 0x0000, 0x0000, 0x0000, 0x0000, 0x0000, 0x0000, 0x0000, 0x0000, 0x0000, 0x0000, 0x0000,
    0x21e9, 0x21e9, 0x2209, 0x2209, 0x2209, 0x21e9, 0x1966, 0x1966, 0x1966, 0x1966, 0x1966, 0x1966, 0x1966, 0x19c8, 0x2209, 0x2209,
    0x2209, 0x2209, 0x2209, 0x2209, 0x21c8, 0x19a8, 0x19c8, 0x21e9, 0x21e9, 0x21e9, 0x2209, 0x0000, 0x0000, 0x0000, 0x0000, 0x0000,
    0x0000, 0x0000, 0x0000, 0x0000, 0x0000, 0x0000, 0x0000, 0x0000, 0x0000, 0x0000, 0x0000, 0x0000, 0x0000, 0x0000, 0x0000, 0x0000,
    0x0000, 0x0000, 0x0000, 0x0000, 0x0000, 0x0000, 0x0000, 0x0000, 0x0000, 0x0000, 0x0000, 0x0000, 0x0000, 0x0000, 0x0000, 0x0000,
    0x0000, 0x19e9, 0x21e9, 0x21e9, 0x2209, 0x2209, 0x2209, 0x2209, 0x21e9, 0x19a8, 0x1987, 0x1966, 0x1987, 0x1987, 0x1987, 0x19c8,
    0x21e9, 0x2209, 0x2209, 0x2209, 0x2209, 0x2209, 0x2209, 0x19a7, 0x1966, 0x1966, 0x1966, 0x19c8, 0x2209, 0x21e9, 0x2209, 0x19e9,
    0x0000, 0x0000, 0x0000, 0x0000, 0x0000, 0x0000, 0x0000, 0x0000, 0x0000, 0x0000, 0x0000, 0x0000, 0x0000, 0x0000, 0x0000, 0x0000,
    0x0000, 0x0000, 0x0000, 0x0000, 0x0000, 0x0000, 0x0000, 0x0000, 0x0000, 0x0000, 0x0000, 0x0000, 0x0000, 0x0000, 0x0000, 0x0000,
    0x0000, 0x0000, 0x19e9, 0x2209, 0x21e9, 0x19c8, 0x1987, 0x1987, 0x19c8, 0x2209, 0x2209, 0x2209, 0x2209, 0x2209, 0x2209, 0x2209,
    0x2209, 0x2209, 0x2209, 0x2209, 0x2209, 0x2209, 0x2209, 0x2209, 0x2209, 0x2209, 0x2209, 0x21e9, 0x19a7, 0x1987, 0x1966, 0x21e9,
    0x2209, 0x2209, 0x21e9, 0x21e9, 0x19e9, 0x0000, 0x0000, 0x0000, 0x0000, 0x0000, 0x0000, 0x0000, 0x0000, 0x0000, 0x0000, 0x0000,
    0x0000, 0x0000, 0x0000, 0x0000, 0x0000, 0x0000, 0x0000, 0x0000, 0x0000, 0x0000, 0x0000, 0x0000, 0x0000, 0x0000, 0x0000, 0x0000,
    0x0000, 0x0000, 0x0000, 0x1989, 0x21e9, 0x21e9, 0x19c8, 0x1987, 0x1966, 0x1987, 0x19c8, 0x2209, 0x2209, 0x2209, 0x2209, 0x2209,
    0x2209, 0x2209, 0x2209, 0x2209, 0x2209, 0x2209, 0x2209, 0x2209, 0x2209, 0x2209, 0x2209, 0x2209, 0x2209, 0x2209, 0x2209, 0x2209,
    0x2209, 0x21e9, 0x21e9, 0x2209, 0x2209, 0x2209, 0x2209, 0x21e9, 0x21e9, 0x2249, 0x0000, 0x0000, 0x0000, 0x0000, 0x0000, 0x0000,
    0x0000, 0x0000, 0x0000, 0x0000, 0x0000, 0x0000, 0x0000, 0x0000, 0x0000, 0x0000, 0x0000, 0x0000, 0x0000, 0x0000, 0x0000, 0x0000,
    0x0000, 0x0000, 0x0000, 0x0000, 0x0000, 0x02aa, 0x21e9, 0x19c8, 0x1987, 0x1966, 0x19c8, 0x21e9, 0x2209, 0x2209, 0x2209, 0x2209,
    0x19c8, 0x1987, 0x1966, 0x1966, 0x1966, 0x1966, 0x1987, 0x19c8, 0x2209, 0x2209, 0x2209, 0x2209, 0x2209, 0x21e9, 0x19a8, 0x1986,
    0x1966, 0x19a7, 0x19c8, 0x2209, 0x2209, 0x2209, 0x2209, 0x2209, 0x2209, 0x2209, 0x2209, 0x2209, 0x21e9, 0x02aa, 0x0000, 0x0000,
    0x0000, 0x0000, 0x0000, 0x0000, 0x0000, 0x0000, 0x0000, 0x0000, 0x0000, 0x0000, 0x0000, 0x0000, 0x0000, 0x0000, 0x0000, 0x0000,
    0x0000, 0x0000, 0x0000, 0x0000, 0x0000, 0x0000, 0x0000, 0x11c9, 0x2209, 0x19a7, 0x1966, 0x1966, 0x21e8, 0x2209, 0x2209, 0x2209,
    0x2209, 0x21e9, 0x19a7, 0x1966, 0x1966, 0x1966, 0x1966, 0x1966, 0x1966, 0x1966, 0x1966, 0x19a7, 0x2209, 0x2209, 0x2209, 0x21e9,
    0x1987, 0x1966, 0x1966, 0x1966, 0x1966, 0x1966, 0x1987, 0x21e9, 0x2209, 0x2209, 0x2209, 0x2209, 0x2209, 0x2209, 0x2209, 0x2209,
    0x2209, 0x11c9, 0x0000, 0x0000, 0x0000, 0x0000, 0x0000, 0x0000, 0x0000, 0x0000, 0x0000, 0x0000, 0x0000, 0x0000, 0x0000, 0x0000,
    0x0000, 0x0000, 0x0000, 0x0000, 0x0000, 0x0000, 0x0000, 0x0000, 0x0000, 0x19e9, 0x2209, 0x19c8, 0x1966, 0x1966, 0x19c8, 0x2209,
    0x2209, 0x2209, 0x2209, 0x19c8, 0x1987, 0x1966, 0x1966, 0x1966, 0x1966, 0x1966, 0x1966, 0x1966, 0x1966, 0x1966, 0x1987, 0x2209,
    0x2209, 0x2209, 0x19a8, 0x1966, 0x1966, 0x1966, 0x1966, 0x1966, 0x1966, 0x1966, 0x1987, 0x21e9, 0x2209, 0x2209, 0x2209, 0x2209,
    0x2209, 0x2209, 0x2209, 0x2209, 0x2209, 0x19e9, 0x0000, 0x0000, 0x0000, 0x0000, 0x0000, 0x0000, 0x0000, 0x0000, 0x0000, 0x0000,
    0x0000, 0x0000, 0x0000, 0x0000, 0x0000, 0x0000, 0x0000, 0x0000, 0x0000, 0x0000, 0x0000, 0x19e9, 0x21e9, 0x21c8, 0x1966, 0x19a7,
    0x21e8, 0x21e9, 0x19a7, 0x1966, 0x1966, 0x1966, 0x1966, 0x1966, 0x1966, 0x1966, 0x1966, 0x1966, 0x1966, 0x1966, 0x1966, 0x1966,
    0x1966, 0x19a7, 0x2209, 0x2209, 0x2209, 0x1987, 0x1966, 0x1966, 0x1966, 0x1966, 0x1966, 0x1966, 0x1966, 0x1966, 0x1987, 0x21e9,
    0x2209, 0x2209, 0x2209, 0x2209, 0x2209, 0x2209, 0x2209, 0x2209, 0x21e9, 0x1a09, 0x0000, 0x0000, 0x0000, 0x0000, 0x0000, 0x0000,
    0x0000, 0x0000, 0x0000, 0x0000, 0x0000, 0x0000, 0x0000, 0x0000, 0x0000, 0x0000, 0x0000, 0x0000, 0x0000, 0x11e7, 0x19c8, 0x1987,
    0x1966, 0x19a7, 0x2209, 0x21e9, 0x1986, 0x1966, 0x1966, 0x1966, 0x1966, 0x1966, 0x1966, 0x1966, 0x1966, 0x1966, 0x1966, 0x1966,
    0x1966, 0x1966, 0x1966, 0x1966, 0x21e9, 0x2209, 0x2209, 0x2209, 0x1987, 0x1966, 0x1966, 0x1966, 0x1966, 0x1966, 0x1966, 0x1966,
    0x1966, 0x1966, 0x19a8, 0x2209, 0x2209, 0x2209, 0x2209, 0x2209, 0x2209, 0x2209, 0x2209, 0x2209, 0x21e9, 0x2249, 0x0000, 0x0000,
    0x0000, 0x0000, 0x0000, 0x0000, 0x0000, 0x0000, 0x0000, 0x0000, 0x0000, 0x0000, 0x0000, 0x0000, 0x0000, 0x0000, 0x0000, 0x02aa,
    0x19c8, 0x1966, 0x1966, 0x1966, 0x21e9, 0x2209, 0x19c8, 0x1966, 0x1966, 0x1966, 0x1966, 0x1966, 0x1966, 0x1966, 0x1966, 0x1966,
    0x1966, 0x1966, 0x1966, 0x1966, 0x1966, 0x1966, 0x21e9, 0x2209, 0x2209, 0x2209, 0x2209, 0x19a8, 0x1966, 0x1966, 0x1966, 0x1966,
    0x1966, 0x1966, 0x1966, 0x1966, 0x1966, 0x1966, 0x19a8, 0x19c8, 0x19a7, 0x1987, 0x1966, 0x1966, 0x1987, 0x21e8, 0x2209, 0x2209,
    0x21e9, 0x02aa, 0x0000, 0x0000, 0x0000, 0x0000, 0x0000, 0x0000, 0x0000, 0x0000, 0x0000, 0x0000, 0x0000, 0x0000, 0x0000, 0x0000,
    0x0000, 0x0000, 0x19c8, 0x1966, 0x1966, 0x1966, 0x1966, 0x2209, 0x2209, 0x19a8, 0x1966, 0x1966, 0x1966, 0x1966, 0x1966, 0x1966,
    0x1966, 0x1966, 0x1966, 0x1966, 0x1966, 0x1966, 0x1966, 0x1966, 0x21e8, 0x2209, 0x2209, 0x2209, 0x2209, 0x2209, 0x21e9, 0x19a7,
    0x1966, 0x1966, 0x1966, 0x1966, 0x1966, 0x1966, 0x1966, 0x1966, 0x1966, 0x1966, 0x1966, 0x1966, 0x1966, 0x1966, 0x1966, 0x1966,
    0x1966, 0x19c8, 0x2209, 0x2209, 0x21e9, 0x0000, 0x0000, 0x0000, 0x0000, 0x0000, 0x0000, 0x0000, 0x0000, 0x0000, 0x0000, 0x0000,
    0x0000, 0x0000, 0x0000, 0x0000, 0x21e9, 0x19a7, 0x1966, 0x1966, 0x1966, 0x19a8, 0x2209, 0x2209, 0x19a8, 0x1966, 0x1966, 0x1966,
    0x1966, 0x1966, 0x1966, 0x1966, 0x1966, 0x1966, 0x1966, 0x1966, 0x1966, 0x1987, 0x21e9, 0x2209, 0x2209, 0x2209, 0x2209, 0x2209,
    0x2209, 0x2209, 0x2209, 0x21e9, 0x19a7, 0x1987, 0x1987, 0x1987, 0x1966, 0x1966, 0x1966, 0x1966, 0x1966, 0x1966, 0x1966, 0x1966,
    0x1966, 0x1966, 0x1966, 0x1966, 0x1966, 0x19c8, 0x2209, 0x2209, 0x19e9, 0x0000, 0x0000, 0x0000, 0x0000, 0x0000, 0x0000, 0x0000,
    0x0000, 0x0000, 0x0000, 0x0000, 0x0000, 0x0000, 0x11e7, 0x19c8, 0x1966, 0x1966, 0x1966, 0x1987, 0x2209, 0x2209, 0x21e9, 0x1987,
    0x1966, 0x1966, 0x1966, 0x1966, 0x1966, 0x1966, 0x1966, 0x1966, 0x1966, 0x1966, 0x1966, 0x19a7, 0x21e9, 0x2209, 0x2209, 0x2209,
    0x2209, 0x2209, 0x2209, 0x2209, 0x2209, 0x2209, 0x2209, 0x2209, 0x2209, 0x2209, 0x2209, 0x19c8, 0x1966, 0x1966, 0x1966, 0x1966,
    0x1966, 0x1966, 0x1966, 0x1966, 0x1966, 0x1966, 0x1966, 0x1966, 0x1987, 0x2209, 0x2209, 0x21e9, 0x11c9, 0x0000, 0x0000, 0x0000,
    0x0000, 0x0000, 0x0000, 0x0000, 0x0000, 0x0000, 0x0000, 0x0000, 0x0000, 0x21e9, 0x1987, 0x1966, 0x1966, 0x1966, 0x1966, 0x19c8,
    0x19a8, 0x1987, 0x1966, 0x1966, 0x1966, 0x1966, 0x1966, 0x1966, 0x1966, 0x1966, 0x1966, 0x1966, 0x1966, 0x19c8, 0x2209, 0x2209,
    0x2209, 0x2209, 0x2209, 0x2209, 0x2209, 0x2209, 0x2209, 0x2209, 0x2209, 0x2209, 0x2209, 0x2209, 0x2209, 0x2209, 0x19c8, 0x1966,
    0x1966, 0x1966, 0x1966, 0x1966, 0x1966, 0x1966, 0x1966, 0x1966, 0x1966, 0x1966, 0x1966, 0x1966, 0x21e9, 0x2209, 0x2209, 0x21e9,
    0x0000, 0x0000, 0x0000, 0x0000, 0x0000, 0x0000, 0x0000, 0x0000, 0x0000, 0x0000, 0x0000, 0x19e9, 0x19c8, 0x1966, 0x1966, 0x1966,
    0x1966, 0x1966, 0x1966, 0x1966, 0x1966, 0x1966, 0x1966, 0x1966, 0x1966, 0x1966, 0x1966, 0x1966, 0x1966, 0x1966, 0x1966, 0x19e8,
    0x2209, 0x2209, 0x2209, 0x2209, 0x2209, 0x2209, 0x2209, 0x2209, 0x2209, 0x2209, 0x2209, 0x2209, 0x2209, 0x2209, 0x2209, 0x2209,
    0x21e9, 0x1986, 0x1966, 0x1966, 0x1966, 0x1966, 0x1966, 0x1966, 0x1966, 0x1966, 0x1966, 0x1966, 0x1966, 0x1966, 0x1966, 0x19c8,
    0x2209, 0x2209, 0x21e9, 0x21c9, 0x0000, 0x0000, 0x0000, 0x0000, 0x0000, 0x0000, 0x0000, 0x0000, 0x0000, 0x0000, 0x21e9, 0x1987,
    0x1966, 0x1966, 0x1966, 0x1966, 0x1966, 0x1966, 0x1966, 0x1966, 0x1966, 0x1966, 0x1966, 0x1966, 0x1966, 0x1966, 0x1966, 0x1966,
    0x1966, 0x19a8, 0x2209, 0x2209, 0x2209, 0x2209, 0x2209, 0x2209, 0x2209, 0x2209, 0x2209, 0x2209, 0x2209, 0x2209, 0x2209, 0x2209,
    0x2209, 0x2209, 0x2209, 0x19a8, 0x1966, 0x1966, 0x1966, 0x1966, 0x1966, 0x1966, 0x1966, 0x1966, 0x1966, 0x1966, 0x1966, 0x1966,
    0x1966, 0x1966, 0x19a8, 0x2209, 0x2209, 0x2209, 0x21e9, 0x0000, 0x0000, 0x0000, 0x0000, 0x0000, 0x0000, 0x0000, 0x0000, 0x0000,
    0x19e9, 0x21e9, 0x1966, 0x1966, 0x1966, 0x1966, 0x1966, 0x1966, 0x1966, 0x1966, 0x1966, 0x1966, 0x1966, 0x1966, 0x1966, 0x1966,
    0x1966, 0x1966, 0x1966, 0x1966, 0x19a7, 0x2209, 0x2209, 0x2209, 0x2209, 0x2209, 0x2209, 0x2209, 0x2209, 0x2209, 0x2209, 0x2209,
    0x2209, 0x2209, 0x2209, 0x2209, 0x2209, 0x2209, 0x1987, 0x1966, 0x1966, 0x1966, 0x1966, 0x1966, 0x1966, 0x1966, 0x1966, 0x1966,
    0x1966, 0x1966, 0x1966, 0x1966, 0x1966, 0x1966, 0x19c8, 0x21e9, 0x2209, 0x21e9, 0x19e8, 0x0000, 0x0000, 0x0000, 0x0000, 0x0000,
    0x0000, 0x0000, 0x0000, 0x21e9, 0x19a8, 0x1966, 0x1966, 0x1966, 0x1966, 0x1966, 0x1966, 0x1966, 0x1966, 0x1966, 0x1966, 0x1966,
    0x1966, 0x1966, 0x1966, 0x1966, 0x1966, 0x1966, 0x1966, 0x1966, 0x19c8, 0x2209, 0x2209, 0x2209, 0x2209, 0x2209, 0x2209, 0x2209,
    0x2209, 0x2209, 0x2209, 0x2209, 0x2209, 0x2209, 0x2209, 0x2209, 0x2209, 0x1987, 0x1966, 0x1966, 0x1966, 0x1966, 0x1966, 0x1966,
    0x1966, 0x1966, 0x1966, 0x1966, 0x1966, 0x1966, 0x1966, 0x1966, 0x1966, 0x1966, 0x1987, 0x21e9, 0x2209, 0x21e9, 0x0000, 0x0000,
    0x0000, 0x0000, 0x0000, 0x0000, 0x0000, 0x01e7, 0x2209, 0x1987, 0x1966, 0x1966, 0x1966, 0x1966, 0x1966, 0x1966, 0x1966, 0x1966,
    0x1966, 0x1966, 0x1966, 0x1966, 0x1966, 0x1966, 0x1966, 0x1966, 0x1966, 0x1966, 0x1966, 0x1987, 0x2209, 0x2209, 0x2209, 0x2209,
    0x2209, 0x2209, 0x2209, 0x2209, 0x2209, 0x2209, 0x2209, 0x2209, 0x2209, 0x2209, 0x2209, 0x2209, 0x19a7, 0x1966, 0x1966, 0x1966,
    0x1966, 0x1966, 0x1966, 0x1966, 0x1966, 0x1966, 0x1966, 0x1987, 0x19a8, 0x19a7, 0x1966, 0x1966, 0x1966, 0x1966, 0x1966, 0x21c8,
    0x21e9, 0x01e7, 0x0000, 0x0000, 0x0000, 0x0000, 0x0000, 0x0000, 0x19e9, 0x21e9, 0x1966, 0x1966, 0x1966, 0x1966, 0x1966, 0x1966,
    0x1966, 0x19c8, 0x19c8, 0x1966, 0x1966, 0x1966, 0x1966, 0x1966, 0x1966, 0x1966, 0x1966, 0x1966, 0x1966, 0x1966, 0x1966, 0x21e9,
    0x2209, 0x2209, 0x2209, 0x2209, 0x2209, 0x2209, 0x2209, 0x2209, 0x2209, 0x2209, 0x2209, 0x2209, 0x2209, 0x2209, 0x2209, 0x19c8,
    0x1966, 0x1966, 0x1966, 0x1966, 0x1966, 0x1966, 0x1966, 0x1966, 0x1966, 0x19c8, 0x21e9, 0x2209, 0x2209, 0x19a8, 0x1966, 0x1966,
    0x1966, 0x1966, 0x1966, 0x21e9, 0x19e9, 0x0000, 0x0000, 0x0000, 0x0000, 0x0000, 0x0000, 0x21e9, 0x19c8, 0x1966, 0x1966, 0x1966,
    0x1966, 0x1966, 0x1966, 0x19a7, 0x2209, 0x21e9, 0x1966, 0x1966, 0x1966, 0x1966, 0x1966, 0x1966, 0x1966, 0x1966, 0x1966, 0x1966,
    0x1966, 0x1966, 0x21c8, 0x2209, 0x2209, 0x2209, 0x2209, 0x2209, 0x2209, 0x2209, 0x2209, 0x2209, 0x2209, 0x2209, 0x2209, 0x2209,
    0x2209, 0x2209, 0x2209, 0x19a7, 0x1966, 0x1966, 0x1966, 0x1966, 0x1966, 0x1966, 0x1966, 0x19a7, 0x2209, 0x2209, 0x2209, 0x2209,
    0x19c8, 0x1966, 0x1966, 0x1966, 0x1966, 0x1966, 0x19c8, 0x21e9, 0x0000, 0x0000, 0x0000, 0x0000, 0x0000, 0x0000, 0x21e9, 0x19c8,
    0x1966, 0x1966, 0x1966, 0x1966, 0x1966, 0x1966, 0x1987, 0x2209, 0x19c8, 0x1966, 0x1966, 0x1966, 0x1966, 0x19a7, 0x19a8, 0x19a8,
    0x1987, 0x1966, 0x1966, 0x1966, 0x1966, 0x21e9, 0x2209, 0x2209, 0x2209, 0x2209, 0x2209, 0x2209, 0x2209, 0x2209, 0x2209, 0x2209,
    0x2209, 0x2209, 0x2209, 0x2209, 0x2209, 0x2209, 0x2209, 0x19c8, 0x1986, 0x1966, 0x1966, 0x1966, 0x1966, 0x1966, 0x21e9, 0x2209,
    0x2209, 0x2209, 0x2209, 0x19c8, 0x1966, 0x1966, 0x1966, 0x1966, 0x1966, 0x1987, 0x21e9, 0x0000, 0x0000, 0x0000, 0x0000, 0x0000,
    0x19e8, 0x2209, 0x19c8, 0x1966, 0x1966, 0x1966, 0x1966, 0x1966, 0x1966, 0x1966, 0x1987, 0x1966, 0x1966, 0x1966, 0x1966, 0x21c8,
    0x2209, 0x2209, 0x2209, 0x21c8, 0x1966, 0x1966, 0x1966, 0x1966, 0x2209, 0x2209, 0x2209, 0x2209, 0x2209, 0x2209, 0x2209, 0x2209,
    0x2209, 0x2209, 0x2209, 0x2209, 0x2209, 0x2209, 0x2209, 0x2209, 0x2209, 0x2209, 0x2209, 0x2209, 0x2209, 0x2209, 0x21e9, 0x1987,
    0x1966, 0x21e9, 0x2209, 0x2209, 0x2209, 0x2209, 0x21e9, 0x1966, 0x1966, 0x1966, 0x1966, 0x1966, 0x1987, 0x2209, 0x19e8, 0x0000,
    0x0000, 0x0000, 0x0000, 0x19e9, 0x2209, 0x21e9, 0x1966, 0x1966, 0x1966, 0x1966, 0x1966, 0x1966, 0x1966, 0x1966, 0x1966, 0x1966,
    0x1966, 0x1987, 0x2209, 0x2209, 0x2209, 0x2209, 0x19c8, 0x1966, 0x1966, 0x1966, 0x19a8, 0x2209, 0x2209, 0x2209, 0x2209, 0x2209,
    0x2209, 0x2209, 0x2209, 0x2209, 0x2209, 0x2209, 0x2209, 0x2209, 0x2209, 0x2209, 0x2209, 0x2209, 0x2209, 0x2209, 0x2209, 0x2209,
    0x2209, 0x2209, 0x19c8, 0x1966, 0x19a7, 0x2209, 0x2209, 0x2209, 0x2209, 0x2209, 0x1987, 0x1966, 0x1966, 0x1966, 0x1966, 0x1987,
    0x2209, 0x19e9, 0x0000, 0x0000, 0x0000, 0x0000, 0x21e9, 0x2209, 0x2209, 0x1987, 0x1966, 0x1966, 0x1966, 0x1966, 0x1966, 0x1966,
    0x1966, 0x1966, 0x1966, 0x1966, 0x1987, 0x2209, 0x2209, 0x2209, 0x2209, 0x1987, 0x1966, 0x1966, 0x1987, 0x2209, 0x2209, 0x2209,
    0x2209, 0x2209, 0x2209, 0x2209, 0x2209, 0x2209, 0x2209, 0x2209, 0x2209, 0x2209, 0x2209, 0x2209, 0x2209, 0x2209, 0x2209, 0x2209,
    0x2209, 0x2209, 0x2209, 0x2209, 0x2209, 0x19c8, 0x1966, 0x1966, 0x19c8, 0x2209, 0x2209, 0x2209, 0x2209, 0x21e9, 0x1966, 0x1966,
    0x1966, 0x1966, 0x1987, 0x2209, 0x21e9, 0x0000, 0x0000, 0x0000, 0x0000, 0x21e9, 0x2209, 0x2209, 0x21e9, 0x1966, 0x1966, 0x1966,
    0x1966, 0x1966, 0x1966, 0x1966, 0x1966, 0x1966, 0x1966, 0x1966, 0x2209, 0x2209, 0x2209, 0x19c8, 0x1966, 0x1966, 0x19a8, 0x2209,
    0x2209, 0x2209, 0x2209, 0x2209, 0x2209, 0x2209, 0x2209, 0x2209, 0x2209, 0x2209, 0x2209, 0x2209, 0x2209, 0x2209, 0x2209, 0x2209,
    0x2209, 0x2209, 0x2209, 0x2209, 0x2209, 0x2209, 0x2209, 0x2209, 0x19c8, 0x1966, 0x1966, 0x1966, 0x21e9, 0x2209, 0x2209, 0x2209,
    0x2209, 0x21e8, 0x1966, 0x1966, 0x1966, 0x19a7, 0x2209, 0x21e9, 0x0000, 0x0000, 0x0000, 0x0000, 0x2209, 0x2209, 0x2209, 0x2209,
    0x19c8, 0x1987, 0x1966, 0x1966, 0x1966, 0x1966, 0x1966, 0x1966, 0x1966, 0x1966, 0x1966, 0x19a7, 0x19a7, 0x1987, 0x1966, 0x1966,
    0x19c8, 0x2209, 0x2209, 0x2209, 0x2209, 0x2209, 0x2209, 0x2209, 0x2209, 0x2209, 0x2209, 0x2209, 0x2209, 0x2209, 0x2209, 0x2209,
    0x2209, 0x2209, 0x2209, 0x2209, 0x2209, 0x2209, 0x2209, 0x2209, 0x2209, 0x2209, 0x2209, 0x19c8, 0x1966, 0x1966, 0x1966, 0x19c8,
    0x2209, 0x2209, 0x2209, 0x2209, 0x2209, 0x21e8, 0x1966, 0x1966, 0x19a8, 0x2209, 0x21e9, 0x0000, 0x0000, 0x0000, 0x0000, 0x21e9,
    0x2209, 0x2209, 0x2209, 0x2209, 0x2209, 0x19c8, 0x1966, 0x1966, 0x1966, 0x1966, 0x1966, 0x1966, 0x1966, 0x1966, 0x1966, 0x1966,
    0x1966, 0x1966, 0x1966, 0x21e9, 0x2209, 0x2209, 0x2209, 0x2209, 0x2209, 0x2209, 0x2209, 0x2209, 0x2209, 0x2209, 0x2209, 0x2209,
    0x2209, 0x2209, 0x2209, 0x2209, 0x2209, 0x2209, 0x2209, 0x2209, 0x2209, 0x2209, 0x2209, 0x2209, 0x2209, 0x2209, 0x21e9, 0x1966,
    0x1966, 0x1966, 0x19a7, 0x2209, 0x2209, 0x2209, 0x2209, 0x2209, 0x2209, 0x19a8, 0x1966, 0x19a7, 0x2209, 0x21e9, 0x0000, 0x0000,
    0x0000, 0x0000, 0x21e9, 0x2209, 0x2209, 0x2209, 0x2209, 0x2209, 0x2209, 0x19a7, 0x1966, 0x1966, 0x1966, 0x1966, 0x1966, 0x1966,
    0x1966, 0x1966, 0x1966, 0x1966, 0x1966, 0x1966, 0x19c8, 0x2209, 0x2209, 0x2209, 0x2209, 0x2209, 0x2209, 0x2209, 0x2209, 0x2209,
    0x2209, 0x2209, 0x2209, 0x2209, 0x2209, 0x2209, 0x2209, 0x2209, 0x2209, 0x2209, 0x2209, 0x2209, 0x2209, 0x2209, 0x2209, 0x2209,
    0x2209, 0x2209, 0x19a7, 0x1966, 0x1966, 0x19a7, 0x2209, 0x2209, 0x2209, 0x2209, 0x2209, 0x2209, 0x21e9, 0x1966, 0x1987, 0x2209,
    0x21e9, 0x0000, 0x0000, 0x0000, 0x0000, 0x21e9, 0x2209, 0x2209, 0x2209, 0x2209, 0x2209, 0x2209, 0x1986, 0x1966, 0x1966, 0x1966,
    0x1966, 0x1966, 0x1966, 0x1966, 0x1966, 0x1966, 0x1966, 0x1966, 0x1966, 0x1966, 0x19a7, 0x21e9, 0x2209, 0x2209, 0x2209, 0x2209,
    0x2209, 0x2209, 0x2209, 0x2209, 0x2209, 0x2209, 0x2209, 0x2209, 0x2209, 0x2209, 0x2209, 0x2209, 0x2209, 0x2209, 0x2209, 0x2209,
    0x2209, 0x2209, 0x2209, 0x2209, 0x2209, 0x21e9, 0x19c8, 0x19a8, 0x21e9, 0x2209, 0x2209, 0x2209, 0x2209, 0x2209, 0x2209, 0x21e9,
    0x1966, 0x1986, 0x2209, 0x21e9, 0x0000, 0x0000, 0x0000, 0x0000, 0x21e9, 0x2209, 0x2209, 0x2209, 0x2209, 0x2209, 0x19c8, 0x1966,
    0x1966, 0x1966, 0x1966, 0x1966, 0x1966, 0x1966, 0x1966, 0x1966, 0x1966, 0x1966, 0x1966, 0x1966, 0x1966, 0x1966, 0x1966, 0x19a7,
    0x21e9, 0x2209, 0x2209, 0x2209, 0x2209, 0x2209, 0x2209, 0x2209, 0x2209, 0x2209, 0x2209, 0x2209, 0x2209, 0x2209, 0x2209, 0x2209,
    0x2209, 0x2209, 0x2209, 0x2209, 0x2209, 0x2209, 0x2209, 0x2209, 0x2209, 0x2209, 0x2209, 0x2209, 0x2209, 0x2209, 0x2209, 0x2209,
    0x2209, 0x2209, 0x21e9, 0x1966, 0x1966, 0x2209, 0x21e9, 0x0000, 0x0000, 0x0000, 0x0000, 0x21e9, 0x2209, 0x2209, 0x2209, 0x2209,
    0x2209, 0x19a7, 0x1966, 0x1966, 0x1966, 0x1966, 0x1966, 0x1966, 0x1966, 0x1966, 0x1966, 0x1966, 0x1966, 0x1966, 0x1966, 0x1966,
    0x1966, 0x1966, 0x1966, 0x1966, 0x19a8, 0x2209, 0x2209, 0x2209, 0x2209, 0x2209, 0x2209, 0x2209, 0x2209, 0x2209, 0x2209, 0x2209,
    0x2209, 0x2209, 0x2209, 0x2209, 0x2209, 0x2209, 0x2209, 0x2209, 0x2209, 0x2209, 0x2209, 0x2209, 0x2209, 0x2209, 0x2209, 0x2209,
    0x2209, 0x2209, 0x2209, 0x2209, 0x2209, 0x2209, 0x19c8, 0x19a7, 0x2209, 0x21e9, 0x0000, 0x0000, 0x0000, 0x0000, 0x2209, 0x2209,
    0x2209, 0x2209, 0x2209, 0x2209, 0x1987, 0x1966, 0x1966, 0x1966, 0x1966, 0x1966, 0x1966, 0x1966, 0x1966, 0x1966, 0x1966, 0x1966,
    0x1966, 0x1966, 0x1966, 0x1966, 0x1966, 0x1966, 0x1966, 0x1966, 0x1987, 0x2209, 0x2209, 0x2209, 0x2209, 0x2209, 0x2209, 0x2209,
    0x2209, 0x2209, 0x2209, 0x2209, 0x2209, 0x2209, 0x2209, 0x2209, 0x2209, 0x2209, 0x2209, 0x2209, 0x2209, 0x2209, 0x2209, 0x2209,
    0x2209, 0x2209, 0x2209, 0x2209, 0x2209, 0x2209, 0x2209, 0x2209, 0x2209, 0x2209, 0x2209, 0x2209, 0x21e9, 0x0000, 0x0000, 0x0000,
    0x0000, 0x21e9, 0x2209, 0x2209, 0x2209, 0x2209, 0x2209, 0x1966, 0x1966, 0x1966, 0x1966, 0x1966, 0x1966, 0x1966, 0x1966, 0x1966,
    0x1966, 0x1966, 0x1966, 0x1966, 0x1966, 0x1966, 0x1966, 0x1966, 0x1966, 0x1966, 0x1966, 0x1966, 0x19a7, 0x2209, 0x2209, 0x2209,
    0x2209, 0x2209, 0x2209, 0x2209, 0x2209, 0x2209, 0x2209, 0x2209, 0x2209, 0x2209, 0x2209, 0x2209, 0x2209, 0x2209, 0x2209, 0x2209,
    0x2209, 0x2209, 0x2209, 0x2209, 0x2209, 0x2209, 0x2209, 0x2209, 0x2209, 0x2209, 0x2209, 0x2209, 0x2209, 0x2209, 0x2209, 0x21e9,
    0x0000, 0x0000, 0x0000, 0x0000, 0x21e9, 0x2209, 0x2209, 0x2209, 0x2209, 0x2209, 0x1987, 0x1966, 0x1966, 0x1966, 0x1966, 0x1966,
    0x1966, 0x1966, 0x1966, 0x1966, 0x1966, 0x1966, 0x1966, 0x1966, 0x1966, 0x1966, 0x1966, 0x1966, 0x1966, 0x1966, 0x1966, 0x1966,
    0x21c8, 0x2209, 0x2209, 0x2209, 0x2209, 0x2209, 0x2209, 0x2209, 0x2209, 0x2209, 0x2209, 0x2209, 0x2209, 0x2209, 0x2209, 0x2209,
    0x2209, 0x2209, 0x2209, 0x2209, 0x2209, 0x2209, 0x2209, 0x2209, 0x2209, 0x2209, 0x2209, 0x2209, 0x2209, 0x2209, 0x2209, 0x2209,
    0x2209, 0x2209, 0x21e9, 0x0000, 0x0000, 0x0000, 0x0000, 0x19e9, 0x2209, 0x2209, 0x2209, 0x2209, 0x2209, 0x19c8, 0x1966, 0x1966,
    0x1966, 0x1966, 0x1966, 0x1966, 0x1966, 0x1966, 0x1966, 0x1966, 0x1966, 0x1966, 0x1966, 0x1966, 0x1966, 0x1966, 0x1966, 0x1966,
    0x1966, 0x1966, 0x1966, 0x1987, 0x2209, 0x2209, 0x2209, 0x2209, 0x2209, 0x2209, 0x2209, 0x2209, 0x2209, 0x2209, 0x2209, 0x2209,
    0x2209, 0x2209, 0x2209, 0x2209, 0x2209, 0x2209, 0x2209, 0x2209, 0x2209, 0x2209, 0x2209, 0x2209, 0x2209, 0x2209, 0x2209, 0x2209,
    0x2209, 0x2209, 0x2209, 0x2209, 0x2209, 0x19e9, 0x0000, 0x0000, 0x0000, 0x0000, 0x19e9, 0x21e9, 0x2209, 0x2209, 0x2209, 0x2209,
    0x2209, 0x1987, 0x1966, 0x1966, 0x1966, 0x1966, 0x1966, 0x1966, 0x1966, 0x1987, 0x1966, 0x1966, 0x1966, 0x1966, 0x1966, 0x1966,
    0x1966, 0x1966, 0x1966, 0x1966, 0x1966, 0x1966, 0x1986, 0x2209, 0x2209, 0x2209, 0x2209, 0x2209, 0x2209, 0x2209, 0x2209, 0x2209,
    0x2209, 0x2209, 0x2209, 0x2209, 0x2209, 0x2209, 0x2209, 0x2209, 0x2209, 0x2209, 0x2209, 0x2209, 0x2209, 0x2209, 0x2209, 0x2209,
    0x2209, 0x2209, 0x2209, 0x2209, 0x2209, 0x2209, 0x2209, 0x21e9, 0x2228, 0x0000, 0x0000, 0x0000, 0x0000, 0x0000, 0x21e9, 0x2209,
    0x2209, 0x2209, 0x2209, 0x2209, 0x21e9, 0x1966, 0x1966, 0x1966, 0x1966, 0x1966, 0x1966, 0x19c8, 0x2209, 0x19c8, 0x1966, 0x1966,
    0x1966, 0x1966, 0x1966, 0x1966, 0x1966, 0x1966, 0x1966, 0x1966, 0x1966, 0x1966, 0x2209, 0x2209, 0x2209, 0x2209, 0x2209, 0x2209,
    0x2209, 0x2209, 0x2209, 0x2209, 0x2209, 0x2209, 0x2209, 0x2209, 0x2209, 0x2209, 0x2209, 0x2209, 0x2209, 0x2209, 0x2209, 0x2209,
    0x2209, 0x2209, 0x2209, 0x2209, 0x2209, 0x2209, 0x2209, 0x2209, 0x2209, 0x2209, 0x21e9, 0x0000, 0x0000, 0x0000, 0x0000, 0x0000,
    0x0000, 0x2209, 0x2209, 0x2209, 0x2209, 0x2209, 0x2209, 0x2209, 0x21e9, 0x19a8, 0x1987, 0x19a7, 0x19c8, 0x2209, 0x2209, 0x2209,
    0x21e8, 0x1966, 0x1966, 0x1966, 0x1966, 0x1966, 0x1966, 0x1966, 0x1966, 0x1966, 0x1966, 0x1966, 0x1966, 0x2209, 0x2209, 0x2209,
    0x2209, 0x2209, 0x2209, 0x2209, 0x2209, 0x2209, 0x2209, 0x2209, 0x2209, 0x2209, 0x2209, 0x2209, 0x2209, 0x2209, 0x2209, 0x2209,
    0x2209, 0x2209, 0x2209, 0x2209, 0x2209, 0x2209, 0x2209, 0x2209, 0x2209, 0x2209, 0x2209, 0x2209, 0x2209, 0x21e9, 0x0000, 0x0000,
    0x0000, 0x0000, 0x0000, 0x0000, 0x19e9, 0x2209, 0x2209, 0x2209, 0x2209, 0x2209, 0x2209, 0x2209, 0x2209, 0x2209, 0x2209, 0x2209,
    0x2209, 0x2209, 0x2209, 0x2209, 0x1966, 0x1966, 0x1966, 0x1966, 0x1966, 0x1966, 0x1966, 0x1966, 0x1966, 0x1966, 0x1966, 0x1987,
    0x2209, 0x2209, 0x2209, 0x2209, 0x2209, 0x2209, 0x2209, 0x2209, 0x2209, 0x2209, 0x2209, 0x2209, 0x2209, 0x2209, 0x2209, 0x2209,
    0x2209, 0x2209, 0x2209, 0x2209, 0x2209, 0x2209, 0x2209, 0x2209, 0x2209, 0x2209, 0x2209, 0x2209, 0x2209, 0x2209, 0x2209, 0x2209,
    0x19e9, 0x0000, 0x0000, 0x0000, 0x0000, 0x0000, 0x0000, 0x0000, 0x2209, 0x2209, 0x2209, 0x2209, 0x2209, 0x2209, 0x2209, 0x2209,
    0x2209, 0x2209, 0x2209, 0x2209, 0x2209, 0x2209, 0x2209, 0x19a7, 0x1966, 0x1966, 0x1966, 0x1966, 0x1966, 0x1966, 0x1966, 0x1966,
    0x1966, 0x1966, 0x19c8, 0x2209, 0x2209, 0x2209, 0x2209, 0x2209, 0x2209, 0x2209, 0x2209, 0x2209, 0x2209, 0x2209, 0x2209, 0x2209,
    0x2209, 0x2209, 0x2209, 0x2209, 0x2209, 0x2209, 0x2209, 0x2209, 0x2209, 0x2209, 0x2209, 0x2209, 0x2209, 0x2209, 0x19a8, 0x19c8,
    0x2209, 0x2209, 0x21e9, 0x0000, 0x0000, 0x0000, 0x0000, 0x0000, 0x0000, 0x0000, 0x0000, 0x2209, 0x2209, 0x2209, 0x2209, 0x2209,
    0x2209, 0x2209, 0x2209, 0x2209, 0x2209, 0x2209, 0x2209, 0x2209, 0x2209, 0x2209, 0x19e8, 0x1966, 0x1966, 0x1966, 0x1966, 0x1966,
    0x1966, 0x1966, 0x1966, 0x1966, 0x1987, 0x2209, 0x2209, 0x2209, 0x2209, 0x2209, 0x2209, 0x2209, 0x2209, 0x2209, 0x2209, 0x2209,
    0x2209, 0x2209, 0x2209, 0x2209, 0x2209, 0x2209, 0x2209, 0x2209, 0x2209, 0x2209, 0x2209, 0x2209, 0x2209, 0x2209, 0x2209, 0x2209,
    0x21e9, 0x1966, 0x19a7, 0x2209, 0x2209, 0x2209, 0x0000, 0x0000, 0x0000, 0x0000, 0x0000, 0x0000, 0x0000, 0x0000, 0x19e8, 0x21e9,
    0x2209, 0x2209, 0x2209, 0x2209, 0x2209, 0x2209, 0x2209, 0x2209, 0x2209, 0x2209, 0x2209, 0x2209, 0x2209, 0x2209, 0x19a8, 0x1966,
    0x1966, 0x1966, 0x1966, 0x1966, 0x1966, 0x1966, 0x1987, 0x21e9, 0x2209, 0x2209, 0x2209, 0x2209, 0x2209, 0x2209, 0x2209, 0x2209,
    0x2209, 0x2209, 0x2209, 0x2209, 0x2209, 0x2209, 0x2209, 0x2209, 0x2209, 0x2209, 0x2209, 0x2209, 0x2209, 0x2209, 0x2209, 0x2209,
    0x2209, 0x2209, 0x2209, 0x19a8, 0x1966, 0x19a7, 0x2209, 0x21e9, 0x19e9, 0x0000, 0x0000, 0x0000, 0x0000, 0x0000, 0x0000, 0x0000,
    0x0000, 0x0000, 0x21e9, 0x2209, 0x2209, 0x2209, 0x2209, 0x2209, 0x2209, 0x2209, 0x2209, 0x2209, 0x2209, 0x2209, 0x2209, 0x2209,
    0x2209, 0x2209, 0x19c8, 0x1987, 0x1966, 0x1966, 0x1966, 0x1987, 0x19c8, 0x2209, 0x2209, 0x2209, 0x2209, 0x2209, 0x2209, 0x2209,
    0x2209, 0x2209, 0x2209, 0x2209, 0x2209, 0x2209, 0x2209, 0x2209, 0x2209, 0x2209, 0x2209, 0x2209, 0x2209, 0x2209, 0x2209, 0x2209,
    0x2209, 0x2209, 0x2209, 0x2209, 0x2209, 0x2209, 0x1987, 0x1966, 0x19c8, 0x2209, 0x21e9, 0x0000, 0x0000, 0x0000, 0x0000, 0x0000,
    0x0000, 0x0000, 0x0000, 0x0000, 0x0000, 0x1a09, 0x2209, 0x2209, 0x2209, 0x2209, 0x2209, 0x2209, 0x2209, 0x2209, 0x2209, 0x2209,
    0x2209, 0x2209, 0x2209, 0x2209, 0x2209, 0x2209, 0x2209, 0x21e9, 0x19c8, 0x21e9, 0x2209, 0x2209, 0x2209, 0x2209, 0x2209, 0x2209,
    0x2209, 0x2209, 0x2209, 0x2209, 0x2209, 0x2209, 0x2209, 0x2209, 0x2209, 0x2209, 0x2209, 0x2209, 0x2209, 0x2209, 0x2209, 0x2209,
    0x2209, 0x2209, 0x2209, 0x2209, 0x2209, 0x2209, 0x2209, 0x2209, 0x21e9, 0x1966, 0x19a7, 0x2209, 0x2209, 0x1a09, 0x0000, 0x0000,
    0x0000, 0x0000, 0x0000, 0x0000, 0x0000, 0x0000, 0x0000, 0x0000, 0x0000, 0x21e9, 0x2209, 0x2209, 0x2209, 0x2209, 0x2209, 0x2209,
    0x2209, 0x2209, 0x2209, 0x2209, 0x2209, 0x2209, 0x2209, 0x2209, 0x2209, 0x2209, 0x2209, 0x2209, 0x2209, 0x2209, 0x2209, 0x2209,
    0x2209, 0x2209, 0x2209, 0x2209, 0x2209, 0x2209, 0x2209, 0x2209, 0x2209, 0x2209, 0x2209, 0x2209, 0x2209, 0x2209, 0x2209, 0x2209,
    0x2209, 0x2209, 0x2209, 0x2209, 0x2209, 0x2209, 0x2209, 0x2209, 0x2209, 0x2209, 0x2209, 0x21e9, 0x19e8, 0x2209, 0x2209, 0x21e9,
    0x0000, 0x0000, 0x0000, 0x0000, 0x0000, 0x0000, 0x0000, 0x0000, 0x0000, 0x0000, 0x0000, 0x0000, 0x014a, 0x21e9, 0x2209, 0x2209,
    0x2209, 0x2209, 0x2209, 0x2209, 0x2209, 0x2209, 0x2209, 0x2209, 0x2209, 0x2209, 0x2209, 0x2209, 0x2209, 0x2209, 0x2209, 0x2209,
    0x2209, 0x2209, 0x2209, 0x2209, 0x2209, 0x2209, 0x2209, 0x2209, 0x2209, 0x2209, 0x2209, 0x2209, 0x2209, 0x2209, 0x2209, 0x2209,
    0x2209, 0x2209, 0x2209, 0x2209, 0x2209, 0x2209, 0x2209, 0x2209, 0x2209, 0x2209, 0x2209, 0x2209, 0x19c8, 0x19a7, 0x2209, 0x2209,
    0x2209, 0x21e9, 0x0186, 0x0000, 0x0000, 0x0000, 0x0000, 0x0000, 0x0000, 0x0000, 0x0000, 0x0000, 0x0000, 0x0000, 0x0000, 0x0000,
    0x21e9, 0x21e9, 0x2209, 0x2209, 0x2209, 0x2209, 0x2209, 0x2209, 0x2209, 0x2209, 0x2209, 0x2209, 0x2209, 0x2209, 0x2209, 0x2209,
    0x2209, 0x2209, 0x2209, 0x2209, 0x2209, 0x2209, 0x2209, 0x2209, 0x2209, 0x2209, 0x2209, 0x2209, 0x2209, 0x2209, 0x2209, 0x2209,
    0x2209, 0x2209, 0x2209, 0x2209, 0x2209, 0x2209, 0x2209, 0x2209, 0x2209, 0x2209, 0x2209, 0x2209, 0x2209, 0x2209, 0x19c8, 0x1966,
    0x1987, 0x2209, 0x2209, 0x21e9, 0x21e9, 0x0000, 0x0000, 0x0000, 0x0000, 0x0000, 0x0000, 0x0000, 0x0000, 0x0000, 0x0000, 0x0000,
    0x0000, 0x0000, 0x0000, 0x0000, 0x21e9, 0x2209, 0x2209, 0x2209, 0x2209, 0x2209, 0x2209, 0x2209, 0x2209, 0x2209, 0x2209, 0x2209,
    0x2209, 0x2209, 0x2209, 0x2209, 0x2209, 0x2209, 0x2209, 0x2209, 0x2209, 0x2209, 0x2209, 0x2209, 0x2209, 0x2209, 0x2209, 0x2209,
    0x2209, 0x2209, 0x2209, 0x2209, 0x2209, 0x2209, 0x2209, 0x2209, 0x2209, 0x2209, 0x2209, 0x2209, 0x2209, 0x2209, 0x2209, 0x2209,
    0x19c8, 0x1966, 0x1966, 0x19c8, 0x2209, 0x2209, 0x21e9, 0x0000, 0x0000, 0x0000, 0x0000, 0x0000, 0x0000, 0x0000, 0x0000, 0x0000,
    0x0000, 0x0000, 0x0000, 0x0000, 0x0000, 0x0000, 0x0000, 0x0000, 0x21e9, 0x2209, 0x2209, 0x21c8, 0x19a8, 0x2209, 0x2209, 0x2209,
    0x2209, 0x2209, 0x2209, 0x2209, 0x2209, 0x2209, 0x2209, 0x2209, 0x2209, 0x2209, 0x2209, 0x2209, 0x2209, 0x2209, 0x2209, 0x2209,
    0x2209, 0x2209, 0x2209, 0x2209, 0x2209, 0x2209, 0x2209, 0x2209, 0x2209, 0x2209, 0x2209, 0x2209, 0x2209, 0x2209, 0x2209, 0x2209,
    0x2209, 0x2209, 0x21e9, 0x1986, 0x1966, 0x1987, 0x21e9, 0x2209, 0x21e9, 0x0000, 0x0000, 0x0000, 0x0000, 0x0000, 0x0000, 0x0000,
    0x0000, 0x0000, 0x0000, 0x0000, 0x0000, 0x0000, 0x0000, 0x0000, 0x0000, 0x0000, 0x0000, 0x11e7, 0x21e9, 0x2209, 0x19c8, 0x1966,
    0x19a7, 0x2209, 0x2209, 0x2209, 0x2209, 0x2209, 0x2209, 0x2209, 0x2209, 0x2209, 0x2209, 0x2209, 0x2209, 0x2209, 0x2209, 0x2209,
    0x2209, 0x2209, 0x2209, 0x2209, 0x2209, 0x2209, 0x2209, 0x2209, 0x2209, 0x2209, 0x2209, 0x2209, 0x2209, 0x2209, 0x2209, 0x2209,
    0x2209, 0x2209, 0x2209, 0x2209, 0x2209, 0x1987, 0x1966, 0x1987, 0x21e9, 0x2209, 0x21e9, 0x11e7, 0x0000, 0x0000, 0x0000, 0x0000,
    0x0000, 0x0000, 0x0000, 0x0000, 0x0000, 0x0000, 0x0000, 0x0000, 0x0000, 0x0000, 0x0000, 0x0000, 0x0000, 0x0000, 0x0000, 0x1a08,
    0x21e9, 0x21e9, 0x1987, 0x1966, 0x19a7, 0x21e9, 0x2209, 0x2209, 0x19c8, 0x19a8, 0x21e9, 0x2209, 0x2209, 0x2209, 0x2209, 0x2209,
    0x2209, 0x2209, 0x2209, 0x2209, 0x2209, 0x2209, 0x2209, 0x2209, 0x2209, 0x2209, 0x2209, 0x2209, 0x2209, 0x2209, 0x2209, 0x2209,
    0x2209, 0x2209, 0x2209, 0x2209, 0x2209, 0x2209, 0x2209, 0x2209, 0x19a7, 0x19a8, 0x21e9, 0x2209, 0x21e9, 0x1a08, 0x0000, 0x0000,
    0x0000, 0x0000, 0x0000, 0x0000, 0x0000, 0x0000, 0x0000, 0x0000, 0x0000, 0x0000, 0x0000, 0x0000, 0x0000, 0x0000, 0x0000, 0x0000,
    0x0000, 0x0000, 0x0000, 0x19e9, 0x2209, 0x21e9, 0x1987, 0x1966, 0x19a7, 0x2209, 0x2209, 0x1987, 0x1966, 0x1966, 0x19a7, 0x21e9,
    0x2209, 0x2209, 0x2209, 0x2209, 0x2209, 0x2209, 0x2209, 0x2209, 0x2209, 0x2209, 0x2209, 0x2209, 0x2209, 0x2209, 0x2209, 0x2209,
    0x2209, 0x2209, 0x2209, 0x2209, 0x2209, 0x2209, 0x2209, 0x2209, 0x2209, 0x2209, 0x2209, 0x2209, 0x2209, 0x2209, 0x2209, 0x19e9,
    0x0000, 0x0000, 0x0000, 0x0000, 0x0000, 0x0000, 0x0000, 0x0000, 0x0000, 0x0000, 0x0000, 0x0000, 0x0000, 0x0000, 0x0000, 0x0000,
    0x0000, 0x0000, 0x0000, 0x0000, 0x0000, 0x0000, 0x0000, 0x1989, 0x2209, 0x2209, 0x21e9, 0x21e9, 0x2209, 0x2209, 0x21e8, 0x1966,
    0x1966, 0x1966, 0x1966, 0x19a8, 0x21e9, 0x2209, 0x2209, 0x2209, 0x2209, 0x2209, 0x2209, 0x2209, 0x2209, 0x2209, 0x2209, 0x2209,
    0x2209, 0x2209, 0x2209, 0x2209, 0x2209, 0x2209, 0x2209, 0x2209, 0x2209, 0x2209, 0x2209, 0x2209, 0x2209, 0x2209, 0x2209, 0x2209,
    0x2209, 0x1989, 0x0000, 0x0000, 0x0000, 0x0000, 0x0000, 0x0000, 0x0000, 0x0000, 0x0000, 0x0000, 0x0000, 0x0000, 0x0000, 0x0000,
    0x0000, 0x0000, 0x0000, 0x0000, 0x0000, 0x0000, 0x0000, 0x0000, 0x0000, 0x0000, 0x0000, 0x0000, 0x21e9, 0x21e9, 0x2209, 0x2209,
    0x2209, 0x2209, 0x21e9, 0x19a7, 0x1986, 0x1966, 0x1966, 0x19a7, 0x2209, 0x2209, 0x2209, 0x2209, 0x2209, 0x2209, 0x2209, 0x2209,
    0x2209, 0x2209, 0x2209, 0x2209, 0x2209, 0x2209, 0x2209, 0x2209, 0x2209, 0x2209, 0x2209, 0x2209, 0x2209, 0x2209, 0x2209, 0x2209,
    0x2209, 0x21e9, 0x21e9, 0x0000, 0x0000, 0x0000, 0x0000, 0x0000, 0x0000, 0x0000, 0x0000, 0x0000, 0x0000, 0x0000, 0x0000, 0x0000,
    0x0000, 0x0000, 0x0000, 0x0000, 0x0000, 0x0000, 0x0000, 0x0000, 0x0000, 0x0000, 0x0000, 0x0000, 0x0000, 0x0000, 0x0000, 0x0000,
    0x21e9, 0x21e9, 0x2209, 0x2209, 0x2209, 0x2209, 0x2209, 0x21c8, 0x19c8, 0x19a8, 0x21e9, 0x2209, 0x2209, 0x2209, 0x2209, 0x2209,
    0x2209, 0x2209, 0x2209, 0x2209, 0x2209, 0x2209, 0x2209, 0x2209, 0x2209, 0x2209, 0x2209, 0x2209, 0x2209, 0x2209, 0x2209, 0x2209,
    0x2209, 0x2209, 0x2209, 0x21e9, 0x21e9, 0x0000, 0x0000, 0x0000, 0x0000, 0x0000, 0x0000, 0x0000, 0x0000, 0x0000, 0x0000, 0x0000,
    0x0000, 0x0000, 0x0000, 0x0000, 0x0000, 0x0000, 0x0000, 0x0000, 0x0000, 0x0000, 0x0000, 0x0000, 0x0000, 0x0000, 0x0000, 0x0000,
    0x0000, 0x0000, 0x0000, 0x0000, 0x0000, 0x2209, 0x21e9, 0x2209, 0x2209, 0x2209, 0x1986, 0x1966, 0x19a7, 0x19c8, 0x21e9, 0x2209,
    0x2209, 0x2209, 0x2209, 0x2209, 0x2209, 0x2209, 0x2209, 0x2209, 0x2209, 0x2209, 0x2209, 0x2209, 0x2209, 0x2209, 0x2209, 0x2209,
    0x2209, 0x2209, 0x2209, 0x2209, 0x21e9, 0x2209, 0x0000, 0x0000, 0x0000, 0x0000, 0x0000, 0x0000, 0x0000, 0x0000, 0x0000, 0x0000,
    0x0000, 0x0000, 0x0000, 0x0000, 0x0000, 0x0000, 0x0000, 0x0000, 0x0000, 0x0000, 0x0000, 0x0000, 0x0000, 0x0000, 0x0000, 0x0000,
    0x0000, 0x0000, 0x0000, 0x0000, 0x0000, 0x0000, 0x0000, 0x0000, 0x0000, 0x19e9, 0x21e9, 0x21e9, 0x2209, 0x21e8, 0x1987, 0x1966,
    0x1966, 0x1987, 0x2209, 0x2209, 0x2209, 0x2209, 0x2209, 0x2209, 0x2209, 0x2209, 0x2209, 0x2209, 0x2209, 0x2209, 0x2209, 0x2209,
    0x2209, 0x2209, 0x2209, 0x2209, 0x2209, 0x21e9, 0x21e9, 0x19e9, 0x0000, 0x0000, 0x0000, 0x0000, 0x0000, 0x0000, 0x0000, 0x0000,
    0x0000, 0x0000, 0x0000, 0x0000, 0x0000, 0x0000, 0x0000, 0x0000, 0x0000, 0x0000, 0x0000, 0x0000, 0x0000, 0x0000, 0x0000, 0x0000,
    0x0000, 0x0000, 0x0000, 0x0000, 0x0000, 0x0000, 0x0000, 0x0000, 0x0000, 0x0000, 0x0000, 0x0000, 0x0000, 0x0000, 0x19c9, 0x21e9,
    0x21e9, 0x21e9, 0x19c8, 0x19c8, 0x21e8, 0x2209, 0x2209, 0x2209, 0x2209, 0x2209, 0x2209, 0x2209, 0x2209, 0x2209, 0x2209, 0x2209,
    0x2209, 0x2209, 0x2209, 0x2209, 0x2209, 0x2209, 0x21e9, 0x21e9, 0x19c9, 0x0000, 0x0000, 0x0000, 0x0000, 0x0000, 0x0000, 0x0000,
    0x0000, 0x0000, 0x0000, 0x0000, 0x0000, 0x0000, 0x0000, 0x0000, 0x0000, 0x0000, 0x0000, 0x0000, 0x0000, 0x0000, 0x0000, 0x0000,
    0x0000, 0x0000, 0x0000, 0x0000, 0x0000, 0x0000, 0x0000, 0x0000, 0x0000, 0x0000, 0x0000, 0x0000, 0x0000, 0x0000, 0x0000, 0x0000,
    0x0000, 0x0000, 0x0000, 0x0000, 0x19e9, 0x21e9, 0x21e9, 0x2209, 0x2209, 0x2209, 0x2209, 0x2209, 0x2209, 0x2209, 0x2209, 0x2209,
    0x2209, 0x2209, 0x2209, 0x2209, 0x2209, 0x2209, 0x21e9, 0x21e9, 0x21e9, 0x0000, 0x0000, 0x0000, 0x0000, 0x0000, 0x0000, 0x0000,
    0x0000, 0x0000, 0x0000, 0x0000, 0x0000, 0x0000, 0x0000, 0x0000, 0x0000, 0x0000, 0x0000, 0x0000, 0x0000, 0x0000, 0x0000, 0x0000,
    0x0000, 0x0000, 0x0000, 0x0000, 0x0000, 0x0000, 0x0000, 0x0000, 0x0000, 0x0000, 0x0000, 0x0000, 0x0000, 0x0000, 0x0000, 0x0000,
    0x0000, 0x0000, 0x0000, 0x0000, 0x0000, 0x0000, 0x0000, 0x0000, 0x0000, 0x0000, 0x19e9, 0x21e9, 0x21e9, 0x21e9, 0x21e9, 0x21e9,
    0x21e9, 0x2209, 0x21e9, 0x21e9, 0x21e9, 0x2209, 0x21e9, 0x21e9, 0x19c8, 0x0000, 0x0000, 0x0000, 0x0000, 0x0000, 0x0000, 0x0000,
    0x0000, 0x0000, 0x0000, 0x0000, 0x0000, 0x0000, 0x0000, 0x0000, 0x0000, 0x0000, 0x0000, 0x0000, 0x0000, 0x0000, 0x0000, 0x0000,
    0x0000, 0x0000, 0x0000, 0x0000, 0x0000, 0x0000, 0x0000, 0x0000, 0x0000, 0x0000, 0x0000, 0x0000, 0x0000, 0x0000, 0x0000, 0x0000,
    0x0000, 0x0000, 0x0000, 0x0000, 0x0000, 0x0000, 0x0000, 0x0000, 0x0000, 0x0000, 0x0000, 0x0000, 0x0000, 0x0000, 0x0000, 0x0000,
    0x0000, 0x0000, 0x0000, 0x0000, 0x0000, 0x0000, 0x0000, 0x0000, 0x0000, 0x0000, 0x0000, 0x0000, 0x0000, 0x0000, 0x0000, 0x0000,
    0x0000, 0x0000, 0x0000, 0x0000, 0x0000, 0x0000, 0x0000, 0x0000, 0x0000, 0x0000, 0x0000, 0x0000, 0x0000, 0x0000, 0x0000, 0x0000,
    0x0000, 0x0000, 0x0000, 0x0000, 0x0000, 0x0000, 0x0000, 0x0000, 0x0000, 0x0000, 0x0000, 0x0000, 0x0000, 0x0000, 0x0000, 0x0000,
    0x0000, 0x0000, 0x0000, 0x0000, 0x0000, 0x0000, 0x0000, 0x0000, 0x0000, 0x0000, 0x0000, 0x0000, 0x0000, 0x0000, 0x0000, 0x0000,
    0x0000, 0x0000, 0x0000, 0x0000, 0x0000, 0x0000, 0x0000, 0x0000, 0x0000, 0x0000, 0x0000, 0x0000, 0x0000, 0x0000, 0x0000, 0x0000,
    0x0000, 0x0000, 0x0000, 0x0000, 0x0000, 0x0000, 0x0000, 0x0000, 0x0000, 0x0000, 0x0000, 0x0000, 0x0000, 0x0000, 0x0000, 0x0000,
    0x0000, 0x0000, 0x0000, 0x0000, 0x0000, 0x0000, 0x0000, 0x0000, 0x0000};
// 'clear', 67x67px
const uint16_t weather_clear[] PROGMEM = {
    0x0000, 0x0000, 0x0000, 0x0000, 0x0000, 0x0000, 0x0000, 0x0000, 0x0000, 0x0000, 0x0000, 0x0000, 0x0000, 0x0000, 0x0000, 0x0000,
    0x0000, 0x0000, 0x0000, 0x0000, 0x0000, 0x0000, 0x0000, 0x0000, 0x0000, 0x0000, 0x0000, 0x0000, 0x0000, 0x0000, 0x0000, 0x0000,
    0x0000, 0x0000, 0x0000, 0x0000, 0x0000, 0x0000, 0x0000, 0x0000, 0x0000, 0x0000, 0x0000, 0x0000, 0x0000, 0x0000, 0x0000, 0x0000,
    0x0000, 0x0000, 0x0000, 0x0000, 0x0000, 0x0000, 0x0000, 0x0000, 0x0000, 0x0000, 0x0000, 0x0000, 0x0000, 0x0000, 0x0000, 0x0000,
    0x0000, 0x0000, 0x0000, 0x0000, 0x0000, 0x0000, 0x0000, 0x0000, 0x0000, 0x0000, 0x0000, 0x0000, 0x0000, 0x0000, 0x0000, 0x0000,
    0x0000, 0x0000, 0x0000, 0x0000, 0x0000, 0x0000, 0x0000, 0x0000, 0x0000, 0x0000, 0x0000, 0x0000, 0x0000, 0x0000, 0x0000, 0x0000,
    0x0000, 0x0000, 0x0000, 0x0000, 0x0000, 0x0000, 0x0000, 0x0000, 0x0000, 0xfd24, 0xfd24, 0xfd23, 0x0000, 0x0000, 0x0000, 0x0000,
    0x0000, 0x0000, 0x0000, 0x0000, 0x0000, 0x0000, 0x0000, 0x0000, 0x0000, 0x0000, 0x0000, 0x0000, 0x0000, 0x0000, 0x0000, 0x0000,
    0x0000, 0x0000, 0x0000, 0x0000, 0x0000, 0x0000, 0x0000, 0x0000, 0x0000, 0x0000, 0x0000, 0x0000, 0x0000, 0x0000, 0x0000, 0x0000,
    0x0000, 0x0000, 0x0000, 0x0000, 0x0000, 0x0000, 0x0000, 0x0000, 0x0000, 0x0000, 0x0000, 0x0000, 0x0000, 0x0000, 0x0000, 0x0000,
    0x0000, 0x0000, 0x0000, 0x0000, 0x0000, 0x0000, 0x0000, 0x0000, 0x0000, 0x0000, 0x0000, 0xfd23, 0xfd24, 0xfd24, 0xfd24, 0x0000,
    0x0000, 0x0000, 0x0000, 0x0000, 0x0000, 0x0000, 0x0000, 0x0000, 0x0000, 0x0000, 0x0000, 0x0000, 0x0000, 0x0000, 0x0000, 0x0000,
    0x0000, 0x0000, 0x0000, 0x0000, 0x0000, 0x0000, 0x0000, 0x0000, 0x0000, 0x0000, 0x0000, 0x0000, 0x0000, 0x0000, 0x0000, 0x0000,
    0x0000, 0x0000, 0x0000, 0x0000, 0x0000, 0x0000, 0x0000, 0x0000, 0x0000, 0x0000, 0x0000, 0x0000, 0x0000, 0x0000, 0x0000, 0x0000,
    0x0000, 0x0000, 0x0000, 0x0000, 0x0000, 0x0000, 0x0000, 0x0000, 0x0000, 0x0000, 0x0000, 0x0000, 0x0000, 0xffe0, 0xfd24, 0xfd24,
    0xfd24, 0xfd24, 0x0000, 0x0000, 0x0000, 0x0000, 0x0000, 0x0000, 0x0000, 0x0000, 0x0000, 0x0000, 0x0000, 0x0000, 0x0000, 0x0000,
    0x0000, 0x0000, 0x0000, 0x0000, 0x0000, 0x0000, 0x0000, 0x0000, 0x0000, 0x0000, 0x0000, 0x0000, 0x0000, 0x0000, 0x0000, 0x0000,
    0x0000, 0x0000, 0x0000, 0x0000, 0x0000, 0x0000, 0x0000, 0x0000, 0x0000, 0x0000, 0x0000, 0x0000, 0x0000, 0x0000, 0x0000, 0x0000,
    0x0000, 0x0000, 0x0000, 0x0000, 0x0000, 0x0000, 0x0000, 0x0000, 0x0000, 0x0000, 0x0000, 0x0000, 0x0000, 0x0000, 0x0000, 0x0000,
    0xfd24, 0xfd24, 0xfd24, 0xfd24, 0xfd24, 0x0000, 0x0000, 0x0000, 0x0000, 0x0000, 0x0000, 0x0000, 0x0000, 0x0000, 0x0000, 0x0000,
    0x0000, 0x0000, 0x0000, 0x0000, 0x0000, 0x0000, 0x0000, 0x0000, 0x0000, 0x0000, 0x0000, 0x0000, 0x0000, 0x0000, 0x0000, 0x0000,
    0x0000, 0x0000, 0x0000, 0x0000, 0x0000, 0x0000, 0x0000, 0x0000, 0x0000, 0x0000, 0x0000, 0x0000, 0x0000, 0xfd24, 0xfd24, 0xfd64,
    0x0000, 0x0000, 0x0000, 0x0000, 0x0000, 0x0000, 0x0000, 0x0000, 0x0000, 0x0000, 0x0000, 0x0000, 0x0000, 0x0000, 0x0000, 0x0000,
    0x0000, 0x0000, 0xfd63, 0xfd24, 0xfd24, 0xfd24, 0xfd24, 0xfd24, 0x0000, 0x0000, 0x0000, 0x0000, 0x0000, 0x0000, 0x0000, 0x0000,
    0x0000, 0x0000, 0x0000, 0x0000, 0x0000, 0x0000, 0x0000, 0x0000, 0x0000, 0x0000, 0x0000, 0x0000, 0x0000, 0x0000, 0x0000, 0x0000,
    0x0000, 0x0000, 0x0000, 0x0000, 0x0000, 0x0000, 0x0000, 0x0000, 0x0000, 0x0000, 0x0000, 0x0000, 0x0000, 0x0000, 0x0000, 0x0000,
    0xfd24, 0xfd24, 0xfd24, 0xfd44, 0x0000, 0x0000, 0x0000, 0x0000, 0x0000, 0x0000, 0x0000, 0x0000, 0x0000, 0x0000, 0x0000, 0x0000,
    0x0000, 0x0000, 0x0000, 0x0000, 0x0000, 0xfd24, 0xfd24, 0xfd24, 0xfd24, 0xfd24, 0xfd24, 0xfd43, 0x0000, 0x0000, 0x0000, 0x0000,
    0x0000, 0x0000, 0x0000, 0x0000, 0x0000, 0x0000, 0x0000, 0x0000, 0x0000, 0x0000, 0x0000, 0x0000, 0x0000, 0x0000, 0x0000, 0x0000,
    0x0000, 0x0000, 0x0000, 0x0000, 0x0000, 0x0000, 0x0000, 0x0000, 0x0000, 0x0000, 0x0000, 0x0000, 0x0000, 0x0000, 0x0000, 0x0000,
    0x0000, 0x0000, 0x0000, 0xfd24, 0xfd24, 0xfd24, 0xfd24, 0xfd24, 0xfde0, 0x0000, 0x0000, 0x0000, 0x0000, 0x0000, 0x0000, 0x0000,
    0x0000, 0x0000, 0x0000, 0x0000, 0x0000, 0x0000, 0x0000, 0xfd24, 0xfd24, 0xfd24, 0xfd24, 0xfd24, 0xfd24, 0xfd24, 0xfd23, 0x0000,
    0x0000, 0x0000, 0x0000, 0x0000, 0x0000, 0x0000, 0x0000, 0x0000, 0x0000, 0x0000, 0x0000, 0x0000, 0x0000, 0x0000, 0x0000, 0x0000,
    0x0000, 0x0000, 0x0000, 0x0000, 0x0000, 0x0000, 0x0000, 0x0000, 0x0000, 0x0000, 0x0000, 0x0000, 0x0000, 0x0000, 0x0000, 0x0000,
    0x0000, 0x0000, 0x0000, 0x0000, 0x0000, 0x0000, 0xfd42, 0xfd24, 0xfd24, 0xfd24, 0xfd24, 0xfd24, 0xfd23, 0x0000, 0x0000, 0x0000,
    0x0000, 0x0000, 0x0000, 0x0000, 0x0000, 0x0000, 0x0000, 0x0000, 0x0000, 0xfde0, 0xfd24, 0xfd24, 0xfd24, 0xfd24, 0xfd24, 0xfd24,
    0xfd24, 0xfd24, 0x0000, 0x0000, 0x0000, 0x0000, 0x0000, 0x0000, 0x0000, 0x0000, 0x0000, 0x0000, 0x0000, 0x0000, 0x0000, 0x0000,
    0x0000, 0x0000, 0x0000, 0x0000, 0x0000, 0x0000, 0x0000, 0x0000, 0x0000, 0x0000, 0x0000, 0x0000, 0x0000, 0x0000, 0x0000, 0x0000,
    0x0000, 0x0000, 0x0000, 0x0000, 0x0000, 0x0000, 0x0000, 0x0000, 0x0000, 0x0000, 0xfd24, 0xfd24, 0xfd24, 0xfd24, 0xfd24, 0xfd24,
    0xfd44, 0x0000, 0x0000, 0x0000, 0x0000, 0x0000, 0x0000, 0x0000, 0x0000, 0x0000, 0x0000, 0x0000, 0xfd24, 0xfd24, 0xfd24, 0xfd24,
    0xfd24, 0xfd24, 0xfd24, 0xfd24, 0xfd24, 0x0000, 0x0000, 0x0000, 0x0000, 0x0000, 0x0000, 0x0000, 0x0000, 0x0000, 0x0000, 0x0000,
    0x0000, 0x0000, 0x0000, 0x0000, 0x0000, 0x0000, 0x0000, 0x0000, 0x0000, 0x0000, 0x0000, 0x0000, 0x0000, 0x0000, 0x0000, 0x0000,
    0x0000, 0x0000, 0x0000, 0x0000, 0x0000, 0x0000, 0x0000, 0x0000, 0x0000, 0x0000, 0x0000, 0x0000, 0x0000, 0xfd24, 0xfd24, 0xfd24,
    0xfd24, 0xfd24, 0xfd24, 0xfd24, 0xfd24, 0xfd40, 0x0000, 0x0000, 0x0000, 0x0000, 0x0000, 0x0000, 0x0000, 0x0000, 0xfd82, 0xfd24,
    0xfd24, 0xfd24, 0xfd24, 0xfd24, 0xfd24, 0xfd24, 0xfd24, 0xfd24, 0x0000, 0x0000, 0x0000, 0x0000, 0x0000, 0x0000, 0x0000, 0x0000,
    0x0000, 0x0000, 0x0000, 0x0000, 0x0000, 0x0000, 0x0000, 0x0000, 0x0000, 0x0000, 0x0000, 0x0000, 0x0000, 0x0000, 0x0000, 0x0000,
    0x0000, 0x0000, 0x0000, 0x0000, 0x0000, 0x0000, 0x0000, 0x0000, 0x0000, 0x0000, 0x0000, 0x0000, 0x0000, 0x0000, 0x0000, 0x0000,
    0xfd24, 0xfd24, 0xfd24, 0xfd24, 0xfd24, 0xfd24, 0xfd24, 0xfd24, 0xfd24, 0xfd23, 0x0000, 0x0000, 0x0000, 0x0000, 0x0000, 0x0000,
    0x0000, 0xfd24, 0xfd24, 0xfd24, 0xfd24, 0xfd24, 0xfd24, 0xfd24, 0xfd24, 0xfd24, 0xfd24, 0x0000, 0x0000, 0x0000, 0x0000, 0x0000,
    0x0000, 0x0000, 0x0000, 0x0000, 0x0000, 0x0000, 0x0000, 0x0000, 0x0000, 0x0000, 0x0000, 0x0000, 0x0000, 0x0000, 0x0000, 0x0000,
    0x0000, 0x0000, 0x0000, 0x0000, 0x0000, 0x0000, 0x0000, 0x0000, 0x0000, 0x0000, 0x0000, 0x0000, 0x0000, 0x0000, 0x0000, 0x0000,
    0x0000, 0x0000, 0x0000, 0xfd03, 0xfd24, 0xfd24, 0xfd24, 0xfd24, 0xfd24, 0xfd24, 0xfd24, 0xfd24, 0xfd24, 0xfd43, 0x0000, 0x0000,
    0x0000, 0x0000, 0x0000, 0x0000, 0x0000, 0xfd24, 0xfd24, 0xfd24, 0xfd24, 0xfd24, 0xfd24, 0xfd24, 0xfd24, 0xfd24, 0xfde0, 0x0000,
    0x0000, 0x0000, 0x0000, 0x0000, 0x0000, 0x0000, 0x0000, 0x0000, 0x0000, 0x0000, 0x0000, 0x0000, 0x0000, 0x0000, 0x0000, 0x0000,
    0x0000, 0x0000, 0x0000, 0x0000, 0x0000, 0x0000, 0x0000, 0x0000, 0x0000, 0x0000, 0x0000, 0x0000, 0x0000, 0x0000, 0x0000, 0x0000,
    0x0000, 0x0000, 0x0000, 0x0000, 0x0000, 0x0000, 0x0000, 0xfd24, 0xfd24, 0xfd24, 0xfd24, 0xfd24, 0xfd24, 0xfd24, 0xfd24, 0xfd24,
    0xfd24, 0x0000, 0x0000, 0x0000, 0x0000, 0x0000, 0x0000, 0x0000, 0x0000, 0x0000, 0x0000, 0xfd42, 0xfd24, 0xfd23, 0xfd24, 0xfd24,
    0xfd24, 0x0000, 0x0000, 0x0000, 0x0000, 0x0000, 0x0000, 0x0000, 0x0000, 0x0000, 0x0000, 0x0000, 0x0000, 0x0000, 0x0000, 0x0000,
    0x0000, 0x0000, 0x0000, 0x0000, 0x0000, 0x0000, 0x0000, 0x0000, 0x0000, 0x0000, 0x0000, 0x0000, 0x0000, 0x0000, 0x0000, 0x0000,
    0x0000, 0x0000, 0x0000, 0x0000, 0x0000, 0x0000, 0x0000, 0x0000, 0x0000, 0x0000, 0xfd24, 0xfd24, 0xfd24, 0xfd24, 0xfd24, 0xfd24,
    0xfd24, 0xfd24, 0xfd24, 0xfd40, 0x0000, 0x0000, 0x0000, 0x0000, 0x0000, 0x0000, 0x0000, 0x0000, 0x0000, 0x0000, 0x0000, 0x0000,
    0x0000, 0x0000, 0x0000, 0x0000, 0x0000, 0x0000, 0x0000, 0x0000, 0x0000, 0x0000, 0x0000, 0x0000, 0x0000, 0x0000, 0x0000, 0x0000,
    0x0000, 0x0000, 0xfd43, 0xfd23, 0xfd24, 0xfd24, 0xfd23, 0x0000, 0x0000, 0x0000, 0x0000, 0x0000, 0x0000, 0x0000, 0x0000, 0x0000,
    0x0000, 0x0000, 0x0000, 0x0000, 0x0000, 0x0000, 0x0000, 0x0000, 0x0000, 0x0000, 0x0000, 0x0000, 0x0000, 0xfd24, 0xfd24, 0xfd24,
    0xfd24, 0xfd24, 0xfd24, 0xfd24, 0xfd44, 0x0000, 0x0000, 0x0000, 0x0000, 0x0000, 0xfe02, 0xfe03, 0xfe03, 0xfe03, 0xfe03, 0xfe03,
    0xfe03, 0xfe03, 0xfe02, 0x0000, 0x0000, 0x0000, 0x0000, 0x0000, 0x0000, 0x0000, 0x0000, 0x0000, 0x0000, 0x0000, 0x0000, 0x0000,
    0x0000, 0xfd43, 0xfd24, 0xfd24, 0xfd24, 0xfd24, 0xfd24, 0xfd24, 0xfd24, 0xfd24, 0x0000, 0x0000, 0x0000, 0x0000, 0x0000, 0x0000,
    0x0000, 0x0000, 0x0000, 0x0000, 0x0000, 0x0000, 0x0000, 0x0000, 0x0000, 0x0000, 0x0000, 0x0000, 0x0000, 0x0000, 0x0000, 0x0000,
    0xfd43, 0xfd24, 0xfd24, 0xfd24, 0xfd24, 0xfd24, 0xfd40, 0x0000, 0x0000, 0x0000, 0xfe03, 0xfe03, 0xfe03, 0xfe03, 0xfe03, 0xfe03,
    0xfe03, 0xfe03, 0xfe03, 0xfe03, 0xfe03, 0xfe03, 0xfe03, 0xfe03, 0xfe02, 0x0000, 0x0000, 0x0000, 0x0000, 0x0000, 0x0000, 0x0000,
    0xfd43, 0xfd23, 0xfd24, 0xfd24, 0xfd24, 0xfd24, 0xfd24, 0xfd24, 0xfd24, 0xfd24, 0xfd24, 0xfd24, 0xfd43, 0x0000, 0x0000, 0x0000,
    0x0000, 0x0000, 0x0000, 0x0000, 0x0000, 0x0000, 0x0000, 0x0000, 0x0000, 0x0000, 0x0000, 0x0000, 0x0000, 0x0000, 0x0000, 0x0000,
    0x0000, 0x0000, 0x0000, 0x0000, 0xfd24, 0xfd24, 0xfd24, 0xfd24, 0x0000, 0x0000, 0x0000, 0xfe03, 0xfe03, 0xfe03, 0xfe03, 0xfe03,
    0xfe03, 0xfe03, 0xfe03, 0xfe03, 0xfe03, 0xfe03, 0xfe03, 0xfe03, 0xfe03, 0xfe03, 0xfe03, 0xfe03, 0xfe03, 0xfde2, 0x0000, 0x0000,
    0x0000, 0x0000, 0xfd03, 0xfd24, 0xfd24, 0xfd24, 0xfd24, 0xfd24, 0xfd24, 0xfd24, 0xfd24, 0xfd24, 0xfd24, 0xfd24, 0xfd24, 0x0000,
    0x0000, 0x0000, 0x0000, 0x0000, 0x0000, 0x0000, 0x0000, 0x0000, 0x0000, 0x0000, 0x0000, 0x0000, 0x0000, 0x0000, 0x0000, 0x0000,
    0x0000, 0x0000, 0x0000, 0x0000, 0x0000, 0x0000, 0x0000, 0xfd43, 0xfd24, 0xfd23, 0x0000, 0x0000, 0xfde2, 0xfe03, 0xfe03, 0xfe03,
    0xfe03, 0xfe03, 0xfe03, 0xfe03, 0xfe03, 0xfe03, 0xfe03, 0xfe03, 0xfe03, 0xfe03, 0xfe03, 0xfe03, 0xfe03, 0xfe03, 0xfe03, 0xfe03,
    0xfe03, 0xfe03, 0x0000, 0x0000, 0x0000, 0x0000, 0xfd24, 0xfd24, 0xfd24, 0xfd24, 0xfd24, 0xfd24, 0xfd24, 0xfd24, 0xfd24, 0xfd24,
    0xfd24, 0x0000, 0x0000, 0x0000, 0x0000, 0x0000, 0x0000, 0x0000, 0x0000, 0x0000, 0x0000, 0x0000, 0x0000, 0x0000, 0x0000, 0x0000,
    0x0000, 0x0000, 0x0000, 0x0000, 0x0000, 0x0000, 0x0000, 0x0000, 0x0000, 0x0000, 0x0000, 0x0000, 0x0000, 0x0000, 0xfe03, 0xfe03,
    0xfe03, 0xfe03, 0xfe24, 0xfe67, 0xfe66, 0xfe03, 0xfe03, 0xfe03, 0xfe03, 0xfe03, 0xfe03, 0xfe03, 0xfe03, 0xfe03, 0xfe03, 0xfe03,
    0xfe03, 0xfe03, 0xfe03, 0xfe03, 0xfe03, 0xfe03, 0xfe43, 0x0000, 0x0000, 0xfd23, 0xfd24, 0xfd24, 0xfd24, 0xfd24, 0xfd24, 0xfd24,
    0xfd24, 0xfd24, 0xfd24, 0x0000, 0x0000, 0x0000, 0x0000, 0x0000, 0x0000, 0x0000, 0x0000, 0x0000, 0x0000, 0x0000, 0x0000, 0x0000,
    0x0000, 0x0000, 0x0000, 0x0000, 0x0000, 0x0000, 0x0000, 0x0000, 0x0000, 0x0000, 0x0000, 0x0000, 0x0000, 0x0000, 0x0000, 0x0000,
    0xfe02, 0xfe03, 0xfe03, 0xfe03, 0xfe66, 0xff0c, 0xff0d, 0xff0d, 0xfea9, 0xfe03, 0xfe03, 0xfe03, 0xfe03, 0xfe03, 0xfe03, 0xfe03,
    0xfe03, 0xfe03, 0xfe03, 0xfe03, 0xfe03, 0xfe03, 0xfe03, 0xfe03, 0xfe03, 0xfe03, 0xfe03, 0x0000, 0x0000, 0xfd24, 0xfd24, 0xfd24,
    0xfd24, 0xfd24, 0xfd24, 0xfd24, 0xfd24, 0xfd63, 0x0000, 0x0000, 0x0000, 0x0000, 0x0000, 0x0000, 0x0000, 0x0000, 0x0000, 0x0000,
    0x0000, 0x0000, 0x0000, 0x0000, 0x0000, 0x0000, 0x0000, 0x0000, 0x0000, 0x0000, 0x0000, 0x0000, 0x0000, 0x0000, 0x0000, 0x0000,
    0x0000, 0x0000, 0xfe02, 0xfe03, 0xfe03, 0xfe03, 0xfe67, 0xff0d, 0xff0d, 0xff0d, 0xff0d, 0xff0d, 0xfe24, 0xfe03, 0xfe03, 0xfe03,
    0xfe03, 0xfe03, 0xfe03, 0xfe03, 0xfe03, 0xfe03, 0xfe03, 0xfe03, 0xfe03, 0xfe03, 0xfe03, 0xfe03, 0xfe03, 0xfe03, 0xfde0, 0x0000,
    0xfde0, 0xfd24, 0xfd24, 0xfd24, 0xfd24, 0xfd24, 0xfd24, 0xfd23, 0x0000, 0x0000, 0x0000, 0x0000, 0x0000, 0x0000, 0x0000, 0x0000,
    0x0000, 0x0000, 0x0000, 0x0000, 0x0000, 0x0000, 0x0000, 0x0000, 0x0000, 0x0000, 0x0000, 0x0000, 0x0000, 0x0000, 0x0000, 0x0000,
    0x0000, 0x0000, 0x0000, 0x0000, 0x0000, 0xfde3, 0xfe03, 0xfe03, 0xfe24, 0xff0c, 0xff0d, 0xff0d, 0xff0d, 0xff0d, 0xff0d, 0xfe03,
    0xfe03, 0xfe03, 0xfe03, 0xfe03, 0xfe03, 0xfe03, 0xfe03, 0xfe03, 0xfe03, 0xfe03, 0xfe03, 0xfe03, 0xfe03, 0xfe03, 0xfe03, 0xfe03,
    0xfe03, 0xfe03, 0x0000, 0x0000, 0xfd23, 0xfd24, 0xfd24, 0xfd24, 0xfd24, 0xfd24, 0x0000, 0x0000, 0x0000, 0x0000, 0x0000, 0x0000,
    0x0000, 0x0000, 0x0000, 0x0000, 0x0000, 0x0000, 0x0000, 0x0000, 0x0000, 0x0000, 0x0000, 0x0000, 0x0000, 0x0000, 0x0000, 0x0000,
    0x0000, 0x0000, 0x0000, 0x0000, 0x0000, 0x0000, 0x0000, 0xfe03, 0xfe03, 0xfe03, 0xfe03, 0xfea9, 0xff0d, 0xff0d, 0xff0d, 0xff0d,
    0xff0d, 0xfeca, 0xfe03, 0xfe03, 0xfe03, 0xfe03, 0xfe03, 0xfe03, 0xfe03, 0xfe03, 0xfe03, 0xfe03, 0xfe03, 0xfe03, 0xfe03, 0xfe03,
    0xfe03, 0xfe03, 0xfe03, 0xfe03, 0xfe03, 0xfe03, 0x0000, 0x0000, 0xfd24, 0xfd24, 0xfd24, 0xfd24, 0xfbe0, 0x0000, 0x0000, 0x0000,
    0x0000, 0x0000, 0x0000, 0x0000, 0x0000, 0x0000, 0x0000, 0x0000, 0x0000, 0x0000, 0x0000, 0x0000, 0x0000, 0x0000, 0x0000, 0xfd40,
    0xfd24, 0xfd23, 0xfd24, 0xfd24, 0xfd24, 0xfd24, 0xfd40, 0x0000, 0x0000, 0xfde0, 0xfe03, 0xfe03, 0xfe03, 0xfe24, 0xff0d, 0xff0d,
    0xff0d, 0xff0d, 0xff0d, 0xff0d, 0xfe46, 0xfe03, 0xfe03, 0xfe03, 0xfe03, 0xfe03, 0xfe03, 0xfe03, 0xfe03, 0xfe03, 0xfe03, 0xfe03,
    0xfe03, 0xfe03, 0xfe03, 0xfe03, 0xfe03, 0xfe03, 0xfe03, 0xfe03, 0xfe03, 0x0000, 0x0000, 0xfd42, 0xfd24, 0xfd24, 0xfd43, 0x0000,
    0x0000, 0x0000, 0x0000, 0x0000, 0x0000, 0x0000, 0x0000, 0x0000, 0x0000, 0x0000, 0x0000, 0x0000, 0x0000, 0xfd43, 0xfd24, 0xfd24,
    0xfd24, 0xfd24, 0xfd24, 0xfd24, 0xfd24, 0xfd24, 0xfd24, 0xfd24, 0xfd24, 0xfd24, 0x0000, 0x0000, 0xfde2, 0xfe03, 0xfe03, 0xfe03,
    0xfe66, 0xff0d, 0xff0d, 0xff0d, 0xff0d, 0xff0d, 0xfeeb, 0xfe03, 0xfe03, 0xfe03, 0xfe03, 0xfe03, 0xfe03, 0xfe03, 0xfe03, 0xfe03,
    0xfe03, 0xfe03, 0xfe03, 0xfe03, 0xfe03, 0xfe03, 0xfe03, 0xfe03, 0xfe03, 0xfe03, 0xfe03, 0xfe03, 0xfe02, 0x0000, 0x0000, 0xfd43,
    0xfd43, 0x0000, 0x0000, 0x0000, 0x0000, 0x0000, 0x0000, 0x0000, 0x0000, 0x0000, 0x0000, 0x0000, 0x0000, 0x0000, 0x0000, 0xfd23,
    0xfd24, 0xfd24, 0xfd24, 0xfd24, 0xfd24, 0xfd24, 0xfd24, 0xfd24, 0xfd24, 0xfd24, 0xfd24, 0xfd24, 0xfd44, 0x0000, 0x0000, 0xfe03,
    0xfe03, 0xfe03, 0xfe03, 0xfe87, 0xff0d, 0xff0d, 0xff0d, 0xff0d, 0xff0d, 0xfe45, 0xfe03, 0xfe03, 0xfe03, 0xfe03, 0xfe03, 0xfe03,
    0xfe03, 0xfe03, 0xfe03, 0xfe03, 0xfe03, 0xfe03, 0xfe03, 0xfe03, 0xfe03, 0xfe03, 0xfe03, 0xfe03, 0xfe03, 0xfe03, 0xfe03, 0xfe03,
    0x0000, 0x0000, 0x0000, 0x0000, 0x0000, 0x0000, 0x0000, 0x0000, 0x0000, 0x0000, 0x0000, 0x0000, 0x0000, 0x0000, 0x0000, 0x0000,
    0x0000, 0x0000, 0xfd24, 0xfd24, 0xfd24, 0xfd24, 0xfd24, 0xfd24, 0xfd24, 0xfd24, 0xfd24, 0xfd24, 0xfd24, 0xfd24, 0xfd24, 0xfbe0,
    0x0000, 0xfe23, 0xfe03, 0xfe03, 0xfe03, 0xfe03, 0xfe66, 0xff0d, 0xff0d, 0xff0d, 0xff0d, 0xfe67, 0xfe03, 0xfe03, 0xfe03, 0xfe03,
    0xfe03, 0xfe03, 0xfe03, 0xfe03, 0xfe03, 0xfe03, 0xfe03, 0xfe03, 0xfe03, 0xfe03, 0xfe03, 0xfe03, 0xfe03, 0xfe03, 0xfe03, 0xfe03,
    0xfe03, 0xfe03, 0xfe03, 0xfe22, 0x0000, 0x0000, 0x0000, 0x0000, 0x0000, 0x0000, 0x0000, 0x0000, 0x0000, 0x0000, 0x0000, 0x0000,
    0x0000, 0x0000, 0x0000, 0x0000, 0x0000, 0xfda4, 0xfd24, 0xfd24, 0xfd24, 0xfd24, 0xfd24, 0xfd24, 0xfd24, 0xfd24, 0xfd24, 0xfd24,
    0xfd24, 0xfd24, 0x0000, 0x0000, 0xfde3, 0xfe03, 0xfe03, 0xfe03, 0xfe03, 0xfe03, 0xfe88, 0xff0c, 0xfeeb, 0xfe66, 0xfe03, 0xfe03,
    0xfe03, 0xfe03, 0xfe03, 0xfe03, 0xfe03, 0xfe03, 0xfe03, 0xfe03, 0xfe03, 0xfe03, 0xfe03, 0xfe03, 0xfe03, 0xfe03, 0xfe03, 0xfe03,
    0xfe03, 0xfe03, 0xfe03, 0xfe03, 0xfe03, 0xfe03, 0xfe03, 0x0000, 0x0000, 0x0000, 0x0000, 0x0000, 0x0000, 0x0000, 0x0000, 0x0000,
    0x0000, 0x0000, 0x0000, 0x0000, 0x0000, 0x0000, 0x0000, 0x0000, 0x0000, 0x0000, 0xfd24, 0xfd24, 0xfd24, 0xfd24, 0xfd24, 0xfd24,
    0xfd24, 0xfd24, 0xfd24, 0xfd24, 0xfd24, 0x0000, 0x0000, 0xfe03, 0xfe03, 0xfe03, 0xfe03, 0xfe03, 0xfe03, 0xfe03, 0xfe03, 0xfe03,
    0xfe03, 0xfe03, 0xfe03, 0xfe03, 0xfe03, 0xfe03, 0xfe03, 0xfe03, 0xfe03, 0xfe03, 0xfe03, 0xfe03, 0xfe03, 0xfe03, 0xfe03, 0xfe03,
    0xfe03, 0xfe03, 0xfe03, 0xfe03, 0xfe03, 0xfe03, 0xfe03, 0xfe03, 0xfe03, 0xfde3, 0x0000, 0x0000, 0x0000, 0x0000, 0x0000, 0x0000,
    0x0000, 0x0000, 0x0000, 0x0000, 0x0000, 0x0000, 0x0000, 0x0000, 0x0000, 0x0000, 0x0000, 0x0000, 0x0000, 0x0000, 0x0000, 0xfd24,
    0xfd24, 0xfd24, 0xfd24, 0xfd24, 0xfd24, 0xfd24, 0xfd24, 0xfd23, 0x0000, 0x0000, 0xfe03, 0xfe03, 0xfe03, 0xfe03, 0xfe03, 0xfe03,
    0xfe03, 0xfe03, 0xfe03, 0xfe03, 0xfe03, 0xfe03, 0xfe03, 0xfe03, 0xfe03, 0xfe03, 0xfe03, 0xfe03, 0xfe03, 0xfe03, 0xfe03, 0xfe03,
    0xfe03, 0xfe03, 0xfe03, 0xfe03, 0xfe03, 0xfe03, 0xfe03, 0xfe03, 0xfe03, 0xfe03, 0xfe03, 0xfe03, 0xfe03, 0x0000, 0x0000, 0x0000,
    0x0000, 0x0000, 0x0000, 0x0000, 0x0000, 0x0000, 0x0000, 0x0000, 0x0000, 0x0000, 0x0000, 0x0000, 0x0000, 0x0000, 0x0000, 0x0000,
    0x0000, 0x0000, 0x0000, 0xfd23, 0xfd24, 0xfd24, 0xfd24, 0xfd24, 0xfd24, 0xfd24, 0xfd23, 0x0000, 0x0000, 0xfe03, 0xfe03, 0xfe03,
    0xfe03, 0xfe03, 0xfe03, 0xfe03, 0xfe03, 0xfe03, 0xfe03, 0xfe03, 0xfe03, 0xfe03, 0xfe03, 0xfe03, 0xfe03, 0xfe03, 0xfe03, 0xfe03,
    0xfe03, 0xfe03, 0xfe03, 0xfe03, 0xfe03, 0xfe03, 0xfe03, 0xfe03, 0xfe03, 0xfe03, 0xfe03, 0xfe03, 0xfe03, 0xfe03, 0xfe03, 0xfe03,
    0x0000, 0x0000, 0x0000, 0x0000, 0x0000, 0x0000, 0x0000, 0x0000, 0x0000, 0x0000, 0x0000, 0x0000, 0x0000, 0x0000, 0x0000, 0x0000,
    0x0000, 0x0000, 0x0000, 0x0000, 0x0000, 0x0000, 0x0000, 0x0000, 0xfd03, 0xfd24, 0xfd24, 0xfd24, 0xfd24, 0xfbe0, 0x0000, 0x0000,
    0xfe03, 0xfe03, 0xfe03, 0xfe03, 0xfe03, 0xfe03, 0xfe03, 0xfe03, 0xfe03, 0xfe03, 0xfe03, 0xfe03, 0xfe03, 0xfe03, 0xfe03, 0xfe03,
    0xfe03, 0xfe03, 0xfe03, 0xfe03, 0xfe03, 0xfe03, 0xfe03, 0xfe03, 0xfe03, 0xfe03, 0xfe03, 0xfe03, 0xfe03, 0xfe03, 0xfe03, 0xfe03,
    0xfe03, 0xfe03, 0xfe03, 0xfde0, 0x0000, 0x0000, 0xfd24, 0xfd24, 0xfd24, 0x0000, 0x0000, 0x0000, 0x0000, 0x0000, 0x0000, 0x0000,
    0x0000, 0x0000, 0x0000, 0x0000, 0x0000, 0x0000, 0x0000, 0x0000, 0x0000, 0x0000, 0x0000, 0x0000, 0x0000, 0xfd23, 0xfd24, 0xfd24,
    0x0000, 0x0000, 0xffe0, 0xfe03, 0xfe03, 0xfe03, 0xfe03, 0xfe03, 0xfe03, 0xfe03, 0xfe03, 0xfe03, 0xfe03, 0xfe03, 0xfe03, 0xfe03,
    0xfe03, 0xfe03, 0xfe03, 0xfe03, 0xfe03, 0xfe03, 0xfe03, 0xfe03, 0xfe03, 0xfe03, 0xfe03, 0xfe03, 0xfe03, 0xfe03, 0xfe03, 0xfe03,
    0xfe03, 0xfe03, 0xfe03, 0xfe03, 0xfe03, 0xfe03, 0xffe0, 0x0000, 0xfd03, 0xfd24, 0xfd24, 0xfd24, 0xfd24, 0xfde0, 0x0000, 0x0000,
    0x0000, 0x0000, 0x0000, 0x0000, 0x0000, 0x0000, 0x0000, 0x0000, 0x0000, 0x0000, 0x0000, 0x0000, 0x0000, 0x0000, 0x0000, 0x0000,
    0x0000, 0x0000, 0x0000, 0x0000, 0x0000, 0x0000, 0xfe03, 0xfe03, 0xfe03, 0xfe03, 0xfe03, 0xfe03, 0xfe03, 0xfe03, 0xfe03, 0xfe03,
    0xfe03, 0xfe03, 0xfe03, 0xfe03, 0xfe03, 0xfe03, 0xfe03, 0xfe03, 0xfe03, 0xfe03, 0xfe03, 0xfe03, 0xfe03, 0xfe03, 0xfe03, 0xfe03,
    0xfe03, 0xfe03, 0xfe03, 0xfe03, 0xfe03, 0xfe03, 0xfe03, 0xfe03, 0xfe03, 0x0000, 0x0000, 0xfd24, 0xfd24, 0xfd24, 0xfd24, 0xfd24,
    0xfd24, 0xfd44, 0x0000, 0x0000, 0x0000, 0x0000, 0x0000, 0x0000, 0x0000, 0x0000, 0x0000, 0x0000, 0x0000, 0x0000, 0x0000, 0x0000,
    0x0000, 0x0000, 0x0000, 0x0000, 0x0000, 0x0000, 0x0000, 0x0000, 0x0000, 0xfe03, 0xfe03, 0xfe03, 0xfe03, 0xfe03, 0xfe03, 0xfe03,
    0xfe03, 0xfe03, 0xfe03, 0xfe03, 0xfe03, 0xfe03, 0xfe03, 0xfe03, 0xfe03, 0xfe03, 0xfe03, 0xfe03, 0xfe03, 0xfe03, 0xfe03, 0xfe03,
    0xfe03, 0xfe03, 0xfe03, 0xfe03, 0xfe03, 0xfe03, 0xfe03, 0xfe03, 0xfe03, 0xfe03, 0xfe03, 0xfe03, 0x0000, 0x0000, 0xfd24, 0xfd24,
    0xfd24, 0xfd24, 0xfd24, 0xfd24, 0xfd24, 0xfd24, 0xfd43, 0x0000, 0x0000, 0x0000, 0x0000, 0x0000, 0x0000, 0x0000, 0x0000, 0x0000,
    0x0000, 0x0000, 0x0000, 0x0000, 0x0000, 0x0000, 0x0000, 0x0000, 0x0000, 0x0000, 0x0000, 0x0000, 0xfe03, 0xfe03, 0xfe03, 0xfe03,
    0xfe03, 0xfe03, 0xfe03, 0xfe03, 0xfe03, 0xfe03, 0xfe03, 0xfe03, 0xfe03, 0xfe03, 0xfe03, 0xfe03, 0xfe03, 0xfe03, 0xfe03, 0xfe03,
    0xfe03, 0xfe03, 0xfe03, 0xfe03, 0xfe03, 0xfe03, 0xfe03, 0xfe03, 0xfe03, 0xfe03, 0xfe03, 0xfe03, 0xfe03, 0xfe03, 0xfe03, 0x0000,
    0x0000, 0xfd24, 0xfd24, 0xfd24, 0xfd24, 0xfd24, 0xfd24, 0xfd24, 0xfd24, 0xfd24, 0xfd24, 0xffe0, 0x0000, 0x0000, 0x0000, 0x0000,
    0x0000, 0x0000, 0x0000, 0x0000, 0x0000, 0x0000, 0x0000, 0x0000, 0x0000, 0x0000, 0x0000, 0x0000, 0x0000, 0x0000, 0x0000, 0xfe03,
    0xfe03, 0xfe03, 0xfe03, 0xfe03, 0xfe03, 0xfe03, 0xfe03, 0xfe03, 0xfe03, 0xfe03, 0xfe03, 0xfe03, 0xfe03, 0xfe03, 0xfe03, 0xfe03,
    0xfe03, 0xfe03, 0xfe03, 0xfe03, 0xfe03, 0xfe03, 0xfe03, 0xfe03, 0xfe03, 0xfe03, 0xfe03, 0xfe03, 0xfe03, 0xfe03, 0xfe03, 0xfe03,
    0xfe03, 0xfe03, 0x0000, 0x0000, 0xfd24, 0xfd24, 0xfd24, 0xfd24, 0xfd24, 0xfd24, 0xfd24, 0xfd24, 0xfd24, 0xfd24, 0xfd24, 0xfd24,
    0x0000, 0x0000, 0x0000, 0x0000, 0x0000, 0x0000, 0x0000, 0x0000, 0x0000, 0x0000, 0x0000, 0x0000, 0x0000, 0x0000, 0x0000, 0x0000,
    0x0000, 0x0000, 0xfe03, 0xfe03, 0xfe03, 0xfe03, 0xfe03, 0xfe03, 0xfe03, 0xfe03, 0xfe03, 0xfe03, 0xfe03, 0xfe03, 0xfe03, 0xfe03,
    0xfe03, 0xfe03, 0xfe03, 0xfe03, 0xfe03, 0xfe03, 0xfe03, 0xfe03, 0xfe03, 0xfe03, 0xfe03, 0xfe03, 0xfe03, 0xfe03, 0xfe03, 0xfe03,
    0xfe03, 0xfe03, 0xfe03, 0xfe03, 0xfde2, 0x0000, 0xfda4, 0xfd24, 0xfd24, 0xfd24, 0xfd24, 0xfd24, 0xfd24, 0xfd24, 0xfd24, 0xfd24,
    0xfd24, 0xfd24, 0xfd24, 0xfd23, 0x0000, 0x0000, 0x0000, 0x0000, 0x0000, 0x0000, 0x0000, 0x0000, 0x0000, 0x0000, 0x0000, 0x0000,
    0x0000, 0x0000, 0x0000, 0x0000, 0x0000, 0xfe23, 0xfe03, 0xfe03, 0xfe03, 0xfe03, 0xfe03, 0xfe03, 0xfe03, 0xfe03, 0xfe03, 0xfe03,
    0xfe03, 0xfe03, 0xfe03, 0xfe03, 0xfe03, 0xfe03, 0xfe03, 0xfe03, 0xfe03, 0xfe03, 0xfe03, 0xfe03, 0xfe03, 0xfe03, 0xfe03, 0xfe03,
    0xfe03, 0xfe03, 0xfe03, 0xfe03, 0xfe03, 0xfe03, 0xfe03, 0x0000, 0x0000, 0xfd43, 0xfd24, 0xfd24, 0xfd24, 0xfd24, 0xfd24, 0xfd24,
    0xfd24, 0xfd24, 0xfd24, 0xfd24, 0xfd24, 0xfd24, 0xfd23, 0x0000, 0x0000, 0x0000, 0x0000, 0x0000, 0x0000, 0x0000, 0x0000, 0x0000,
    0x0000, 0x0000, 0x0000, 0x0000, 0x0000, 0xfd23, 0xffe0, 0x0000, 0x0000, 0xfe03, 0xfe03, 0xfe03, 0xfe03, 0xfe03, 0xfe03, 0xfe03,
    0xfe03, 0xfe03, 0xfe03, 0xfe03, 0xfe03, 0xfe03, 0xfe03, 0xfe03, 0xfe03, 0xfe03, 0xfe03, 0xfe03, 0xfe03, 0xfe03, 0xfe03, 0xfe03,
    0xfe03, 0xfe03, 0xfe03, 0xfe03, 0xfe03, 0xfe03, 0xfe03, 0xfe03, 0xfe03, 0xfe03, 0x0000, 0x0000, 0xfd23, 0xfd24, 0xfd24, 0xfd24,
    0xfd24, 0xfd24, 0xfd24, 0xfd24, 0xfd24, 0xfd24, 0xfd23, 0xfd23, 0x0000, 0x0000, 0x0000, 0x0000, 0x0000, 0x0000, 0x0000, 0x0000,
    0x0000, 0x0000, 0x0000, 0x0000, 0x0000, 0x0000, 0x0000, 0xfd24, 0xfd24, 0xfd24, 0x0000, 0x0000, 0xfe02, 0xfe03, 0xfe03, 0xfe03,
    0xfe03, 0xfe03, 0xfe03, 0xfe03, 0xfe03, 0xfe03, 0xfe03, 0xfe03, 0xfe03, 0xfe03, 0xfe03, 0xfe03, 0xfe03, 0xfe03, 0xfe03, 0xfe03,
    0xfe03, 0xfe03, 0xfe03, 0xfe03, 0xfe03, 0xfe03, 0xfe03, 0xfe03, 0xfe03, 0xfe03, 0xfe03, 0xfe03, 0x0000, 0x0000, 0x0000, 0xfd24,
    0xfd24, 0xfd24, 0xfd24, 0xfd44, 0xfd44, 0x0000, 0x0000, 0x0000, 0x0000, 0x0000, 0x0000, 0x0000, 0x0000, 0x0000, 0x0000, 0x0000,
    0x0000, 0x0000, 0x0000, 0x0000, 0x0000, 0x0000, 0x0000, 0x0000, 0x0000, 0xfd44, 0xfd24, 0xfd24, 0xfd24, 0xfd44, 0x0000, 0x0000,
    0xfe03, 0xfe03, 0xfe03, 0xfe03, 0xfe03, 0xfe03, 0xfe03, 0xfe03, 0xfe03, 0xfe03, 0xfe03, 0xfe03, 0xfe03, 0xfe03, 0xfe03, 0xfe03,
    0xfe03, 0xfe03, 0xfe03, 0xfe03, 0xfe03, 0xfe03, 0xfe03, 0xfe03, 0xfe03, 0xfe03, 0xfe03, 0xfe03, 0xfe03, 0xfe03, 0xfe03, 0x0000,
    0x0000, 0x0000, 0x0000, 0x0000, 0x0000, 0x0000, 0x0000, 0x0000, 0x0000, 0x0000, 0x0000, 0x0000, 0x0000, 0x0000, 0x0000, 0x0000,
    0x0000, 0x0000, 0x0000, 0x0000, 0x0000, 0x0000, 0x0000, 0x0000, 0x0000, 0x0000, 0x0000, 0xfd82, 0xfd24, 0xfd24, 0xfd24, 0xfd24,
    0xfd24, 0xfd43, 0x0000, 0xfde2, 0xfe03, 0xfe03, 0xfe03, 0xfe03, 0xfe03, 0xfe03, 0xfe03, 0xfe03, 0xfe03, 0xfe03, 0xfe03, 0xfe03,
    0xfe03, 0xfe03, 0xfe03, 0xfe03, 0xfe03, 0xfe03, 0xfe03, 0xfe03, 0xfe03, 0xfe03, 0xfe03, 0xfe03, 0xfe03, 0xfe03, 0xfe03, 0xfe03,
    0xfe03, 0x0000, 0x0000, 0x0000, 0x0000, 0x0000, 0x0000, 0x0000, 0x0000, 0x0000, 0x0000, 0x0000, 0x0000, 0x0000, 0x0000, 0x0000,
    0x0000, 0x0000, 0x0000, 0x0000, 0x0000, 0x0000, 0x0000, 0x0000, 0x0000, 0x0000, 0x0000, 0x0000, 0x0000, 0x0000, 0xfd24, 0xfd24,
    0xfd24, 0xfd24, 0xfd24, 0xfd24, 0xfd24, 0xfd40, 0x0000, 0xfe02, 0xfe03, 0xfe03, 0xfe03, 0xfe03, 0xfe03, 0xfe03, 0xfe03, 0xfe03,
    0xfe03, 0xfe03, 0xfe03, 0xfe03, 0xfe03, 0xfe03, 0xfe03, 0xfe03, 0xfe03, 0xfe03, 0xfe03, 0xfe03, 0xfe03, 0xfe03, 0xfe03, 0xfe03,
    0xfe03, 0xfe03, 0xfe03, 0xfea0, 0x0000, 0x0000, 0x0000, 0x0000, 0x0000, 0x0000, 0x0000, 0x0000, 0x0000, 0x0000, 0x0000, 0x0000,
    0x0000, 0x0000, 0x0000, 0x0000, 0x0000, 0x0000, 0x0000, 0x0000, 0x0000, 0x0000, 0x0000, 0x0000, 0x0000, 0x0000, 0x0000, 0x0000,
    0xfd24, 0xfd24, 0xfd24, 0xfd24, 0xfd24, 0xfd24, 0xfd24, 0xfd24, 0xfd24, 0x0000, 0x0000, 0xfe03, 0xfe03, 0xfe03, 0xfe03, 0xfe03,
    0xfe03, 0xfe03, 0xfe03, 0xfe03, 0xfe03, 0xfe03, 0xfe03, 0xfe03, 0xfe03, 0xfe03, 0xfe03, 0xfe03, 0xfe03, 0xfe03, 0xfe03, 0xfe03,
    0xfe03, 0xfe03, 0xfe03, 0xfe03, 0xfe03, 0xfde2, 0x0000, 0x0000, 0x0000, 0x0000, 0x0000, 0x0000, 0x0000, 0x0000, 0x0000, 0x0000,
    0x0000, 0x0000, 0x0000, 0x0000, 0x0000, 0x0000, 0x0000, 0x0000, 0x0000, 0x0000, 0x0000, 0x0000, 0x0000, 0x0000, 0x0000, 0x0000,
    0x0000, 0x0000, 0xfd43, 0xfd24, 0xfd24, 0xfd24, 0xfd24, 0xfd24, 0xfd24, 0xfd24, 0xfd24, 0xfd24, 0xfd24, 0x0000, 0x0000, 0xfe02,
    0xfe03, 0xfe03, 0xfe03, 0xfe03, 0xfe03, 0xfe03, 0xfe03, 0xfe03, 0xfe03, 0xfe03, 0xfe03, 0xfe03, 0xfe03, 0xfe03, 0xfe03, 0xfe03,
    0xfe03, 0xfe03, 0xfe03, 0xfe03, 0xfe03, 0xfe03, 0xfe03, 0xfe02, 0x0000, 0x0000, 0x0000, 0x0000, 0x0000, 0x0000, 0x0000, 0x0000,
    0x0000, 0x0000, 0x0000, 0x0000, 0x0000, 0x0000, 0x0000, 0x0000, 0x0000, 0x0000, 0x0000, 0x0000, 0x0000, 0x0000, 0x0000, 0x0000,
    0x0000, 0x0000, 0x0000, 0x0000, 0xffe0, 0xfd24, 0xfd24, 0xfd24, 0xfd24, 0xfd24, 0xfd24, 0xfd24, 0xfd24, 0xfd24, 0xfd24, 0xfd24,
    0xfcc0, 0x0000, 0x0000, 0xfec0, 0xfe03, 0xfe03, 0xfe03, 0xfe03, 0xfe03, 0xfe03, 0xfe03, 0xfe03, 0xfe03, 0xfe03, 0xfe03, 0xfe03,
    0xfe03, 0xfe03, 0xfe03, 0xfe03, 0xfe03, 0xfe03, 0xfe03, 0xfe03, 0xfde3, 0xfde2, 0x0000, 0x0000, 0xfd23, 0xfd24, 0xfd24, 0x0000,
    0x0000, 0x0000, 0x0000, 0x0000, 0x0000, 0x0000, 0x0000, 0x0000, 0x0000, 0x0000, 0x0000, 0x0000, 0x0000, 0x0000, 0x0000, 0x0000,
    0x0000, 0x0000, 0x0000, 0x0000, 0x0000, 0x0000, 0x0000, 0xfd24, 0xfd24, 0xfd24, 0xfd24, 0xfd24, 0xfd24, 0xfd24, 0xfd24, 0xfd24,
    0xfd24, 0xfd24, 0xfd24, 0xfd43, 0x0000, 0x0000, 0x0000, 0x0000, 0xfde2, 0xfe03, 0xfe03, 0xfe03, 0xfe03, 0xfe03, 0xfe03, 0xfe03,
    0xfe03, 0xfe03, 0xfe03, 0xfe03, 0xfe03, 0xfe03, 0xfe03, 0xfe03, 0xfe03, 0xfe03, 0xfe03, 0x0000, 0x0000, 0x0000, 0xfd24, 0xfd24,
    0xfd24, 0xfd24, 0x0000, 0x0000, 0x0000, 0x0000, 0x0000, 0x0000, 0x0000, 0x0000, 0x0000, 0x0000, 0x0000, 0x0000, 0x0000, 0x0000,
    0x0000, 0x0000, 0x0000, 0x0000, 0x0000, 0x0000, 0x0000, 0x0000, 0x0000, 0xfd23, 0xfd24, 0xfd24, 0xfd24, 0xfd24, 0xfd24, 0xfd24,
    0xfd24, 0xfd24, 0xfd24, 0xfd24, 0xfd24, 0xfd23, 0x0000, 0x0000, 0x0000, 0x0000, 0x0000, 0x0000, 0x0000, 0xfe02, 0xfe03, 0xfe03,
    0xfe03, 0xfe03, 0xfe03, 0xfe03, 0xfe03, 0xfe03, 0xfe03, 0xfe03, 0xfe03, 0xfe03, 0xfe03, 0xfe02, 0x0000, 0x0000, 0x0000, 0xfd24,
    0xfd24, 0xfd24, 0xfd24, 0xfd24, 0xfd24, 0xfd02, 0x0000, 0x0000, 0x0000, 0x0000, 0x0000, 0x0000, 0x0000, 0x0000, 0x0000, 0x0000,
    0x0000, 0x0000, 0x0000, 0x0000, 0x0000, 0x0000, 0x0000, 0x0000, 0x0000, 0x0000, 0x0000, 0x0000, 0xfd24, 0xfd24, 0xfd24, 0xfd24,
    0xfd24, 0xfd24, 0xfd24, 0xfd24, 0xfd23, 0x0000, 0x0000, 0x0000, 0x0000, 0x0000, 0x0000, 0x0000, 0x0000, 0x0000, 0x0000, 0x0000,
    0x0000, 0x0000, 0x0000, 0xfde2, 0xfe03, 0xfe03, 0xfe03, 0xfe03, 0xfe03, 0xfe03, 0xfe03, 0xfe02, 0x0000, 0x0000, 0x0000, 0x0000,
    0x0000, 0xfd24, 0xfd24, 0xfd24, 0xfd24, 0xfd24, 0xfd24, 0xfd24, 0xfd24, 0x0000, 0x0000, 0x0000, 0x0000, 0x0000, 0x0000, 0x0000,
    0x0000, 0x0000, 0x0000, 0x0000, 0x0000, 0x0000, 0x0000, 0x0000, 0x0000, 0x0000, 0x0000, 0x0000, 0x0000, 0x0000, 0x0000, 0xfd43,
    0xfd24, 0xfd24, 0xfd24, 0xfd24, 0xfd40, 0x0000, 0x0000, 0x0000, 0x0000, 0x0000, 0x0000, 0x0000, 0x0000, 0x0000, 0x0000, 0x0000,
    0x0000, 0x0000, 0x0000, 0x0000, 0x0000, 0x0000, 0x0000, 0x0000, 0x0000, 0x0000, 0x0000, 0x0000, 0x0000, 0x0000, 0x0000, 0x0000,
    0x0000, 0x0000, 0xfd43, 0xfd24, 0xfd24, 0xfd24, 0xfd24, 0xfd24, 0xfd24, 0xfd24, 0xfd24, 0xfd24, 0x0000, 0x0000, 0x0000, 0x0000,
    0x0000, 0x0000, 0x0000, 0x0000, 0x0000, 0x0000, 0x0000, 0x0000, 0x0000, 0x0000, 0x0000, 0x0000, 0x0000, 0x0000, 0x0000, 0x0000,
    0x0000, 0x0000, 0x0000, 0x0000, 0x0000, 0x0000, 0x0000, 0x0000, 0x0000, 0x0000, 0x0000, 0x0000, 0x0000, 0x0000, 0x0000, 0x0000,
    0x0000, 0x0000, 0x0000, 0x0000, 0xfd42, 0xfd24, 0xfd24, 0xfd24, 0xfd24, 0xfd23, 0xfd43, 0x0000, 0x0000, 0x0000, 0x0000, 0x0000,
    0x0000, 0x0000, 0x0000, 0x0000, 0x0000, 0xfd24, 0xfd24, 0xfd24, 0xfd24, 0xfd24, 0xfd24, 0xfd24, 0xfd24, 0xfd24, 0xfd24, 0x0000,
    0x0000, 0x0000, 0x0000, 0x0000, 0x0000, 0x0000, 0x0000, 0x0000, 0x0000, 0x0000, 0x0000, 0x0000, 0x0000, 0x0000, 0x0000, 0x0000,
    0x0000, 0x0000, 0x0000, 0x0000, 0x0000, 0x0000, 0x0000, 0x0000, 0x0000, 0x0000, 0x0000, 0x0000, 0x0000, 0x0000, 0x0000, 0x0000,
    0x0000, 0x0000, 0x0000, 0x0000, 0x0000, 0x0000, 0x0000, 0xfd44, 0xfd24, 0xfd24, 0xfd24, 0xfd24, 0xfd24, 0xfd24, 0xfd24, 0xfd24,
    0xfd24, 0xfd23, 0x0000, 0x0000, 0x0000, 0x0000, 0x0000, 0x0000, 0xfd24, 0xfd24, 0xfd24, 0xfd24, 0xfd24, 0xfd24, 0xfd24, 0xfd24,
    0xfd24, 0xfd24, 0x0000, 0x0000, 0x0000, 0x0000, 0x0000, 0x0000, 0x0000, 0x0000, 0x0000, 0x0000, 0x0000, 0x0000, 0x0000, 0x0000,
    0x0000, 0x0000, 0x0000, 0x0000, 0x0000, 0x0000, 0x0000, 0x0000, 0x0000, 0x0000, 0x0000, 0x0000, 0x0000, 0x0000, 0x0000, 0x0000,
    0x0000, 0x0000, 0x0000, 0x0000, 0x0000, 0x0000, 0x0000, 0x0000, 0x0000, 0x0000, 0xfd40, 0xfd24, 0xfd24, 0xfd24, 0xfd24, 0xfd24,
    0xfd24, 0xfd24, 0xfd24, 0xfd24, 0xfd24, 0x0000, 0x0000, 0x0000, 0x0000, 0x0000, 0x0000, 0x0000, 0xfd24, 0xfd24, 0xfd24, 0xfd24,
    0xfd24, 0xfd24, 0xfd24, 0xfd24, 0xfd24, 0xfd44, 0x0000, 0x0000, 0x0000, 0x0000, 0x0000, 0x0000, 0x0000, 0x0000, 0x0000, 0x0000,
    0x0000, 0x0000, 0x0000, 0x0000, 0x0000, 0x0000, 0x0000, 0x0000, 0x0000, 0x0000, 0x0000, 0x0000, 0x0000, 0x0000, 0x0000, 0x0000,
    0x0000, 0x0000, 0x0000, 0x0000, 0x0000, 0x0000, 0x0000, 0x0000, 0x0000, 0x0000, 0x0000, 0x0000, 0x0000, 0x0000, 0xfd24, 0xfd24,
    0xfd24, 0xfd24, 0xfd24, 0xfd24, 0xfd24, 0xfd24, 0xfd24, 0xfd23, 0x0000, 0x0000, 0x0000, 0x0000, 0x0000, 0x0000, 0x0000, 0x0000,
    0xfd23, 0xfd24, 0xfd24, 0xfd24, 0xfd24, 0xfd24, 0xfd24, 0xfd24, 0xfd24, 0x0000, 0x0000, 0x0000, 0x0000, 0x0000, 0x0000, 0x0000,
    0x0000, 0x0000, 0x0000, 0x0000, 0x0000, 0x0000, 0x0000, 0x0000, 0x0000, 0x0000, 0x0000, 0x0000, 0x0000, 0x0000, 0x0000, 0x0000,
    0x0000, 0x0000, 0x0000, 0x0000, 0x0000, 0x0000, 0x0000, 0x0000, 0x0000, 0x0000, 0x0000, 0x0000, 0x0000, 0x0000, 0x0000, 0x0000,
    0x0000, 0xfd24, 0xfd24, 0xfd24, 0xfd24, 0xfd24, 0xfd24, 0xfd24, 0xfd24, 0xfd24, 0x0000, 0x0000, 0x0000, 0x0000, 0x0000, 0x0000,
    0x0000, 0x0000, 0x0000, 0x0000, 0x0000, 0xfd24, 0xfd24, 0xfd24, 0xfd24, 0xfd24, 0xfd24, 0xfd24, 0x0000, 0x0000, 0x0000, 0x0000,
    0x0000, 0x0000, 0x0000, 0x0000, 0x0000, 0x0000, 0x0000, 0x0000, 0x0000, 0x0000, 0x0000, 0x0000, 0x0000, 0x0000, 0x0000, 0x0000,
    0x0000, 0x0000, 0x0000, 0x0000, 0x0000, 0x0000, 0x0000, 0x0000, 0x0000, 0x0000, 0x0000, 0x0000, 0x0000, 0x0000, 0x0000, 0x0000,
    0x0000, 0x0000, 0x0000, 0x0000, 0xfd24, 0xfd24, 0xfd24, 0xfd24, 0xfd24, 0xfd24, 0xfd24, 0xfd24, 0xfda4, 0x0000, 0x0000, 0x0000,
    0x0000, 0x0000, 0x0000, 0x0000, 0x0000, 0x0000, 0x0000, 0x0000, 0x0000, 0xfd43, 0xfd24, 0xfd24, 0xfd24, 0xfd24, 0xfd24, 0x0000,
    0x0000, 0x0000, 0x0000, 0x0000, 0x0000, 0x0000, 0x0000, 0x0000, 0x0000, 0x0000, 0x0000, 0x0000, 0x0000, 0x0000, 0x0000, 0x0000,
    0x0000, 0x0000, 0x0000, 0x0000, 0x0000, 0x0000, 0x0000, 0x0000, 0x0000, 0x0000, 0x0000, 0x0000, 0x0000, 0x0000, 0x0000, 0x0000,
    0x0000, 0x0000, 0x0000, 0x0000, 0x0000, 0x0000, 0x0000, 0xfd23, 0xfd24, 0xfd24, 0xfd24, 0xfd24, 0xfd24, 0xfd24, 0xfd23, 0x0000,
    0x0000, 0x0000, 0x0000, 0x0000, 0x0000, 0x0000, 0x0000, 0x0000, 0x0000, 0x0000, 0x0000, 0x0000, 0x0000, 0x0000, 0xfd44, 0xfd24,
    0xfd24, 0xfd24, 0xfd24, 0x0000, 0x0000, 0x0000, 0x0000, 0x0000, 0x0000, 0x0000, 0x0000, 0x0000, 0x0000, 0x0000, 0x0000, 0x0000,
    0x0000, 0x0000, 0x0000, 0x0000, 0x0000, 0x0000, 0x0000, 0x0000, 0x0000, 0x0000, 0x0000, 0x0000, 0x0000, 0x0000, 0x0000, 0x0000,
    0x0000, 0x0000, 0x0000, 0x0000, 0x0000, 0x0000, 0x0000, 0x0000, 0x0000, 0x0000, 0xfd44, 0xfd24, 0xfd24, 0xfd24, 0xfd24, 0xfd24,
    0xfd24, 0x0000, 0x0000, 0x0000, 0x0000, 0x0000, 0x0000, 0x0000, 0x0000, 0x0000, 0x0000, 0x0000, 0x0000, 0x0000, 0x0000, 0x0000,
    0x0000, 0x0000, 0xfd43, 0xfd24, 0xfd24, 0xfd23, 0x0000, 0x0000, 0x0000, 0x0000, 0x0000, 0x0000, 0x0000, 0x0000, 0x0000, 0x0000,
    0x0000, 0x0000, 0x0000, 0x0000, 0x0000, 0x0000, 0x0000, 0x0000, 0x0000, 0x0000, 0x0000, 0x0000, 0x0000, 0x0000, 0x0000, 0x0000,
    0x0000, 0x0000, 0x0000, 0x0000, 0x0000, 0x0000, 0x0000, 0x0000, 0x0000, 0x0000, 0x0000, 0x0000, 0x0000, 0xfd03, 0xfd24, 0xfd24,
    0xfd24, 0xfd24, 0xfd24, 0xfd24, 0x0000, 0x0000, 0x0000, 0x0000, 0x0000, 0x0000, 0x0000, 0x0000, 0x0000, 0x0000, 0x0000, 0x0000,
    0x0000, 0x0000, 0x0000, 0x0000, 0x0000, 0x0000, 0x0000, 0xfd23, 0x0000, 0x0000, 0x0000, 0x0000, 0x0000, 0x0000, 0x0000, 0x0000,
    0x0000, 0x0000, 0x0000, 0x0000, 0x0000, 0x0000, 0x0000, 0x0000, 0x0000, 0x0000, 0x0000, 0x0000, 0x0000, 0x0000, 0x0000, 0x0000,
    0x0000, 0x0000, 0x0000, 0x0000, 0x0000, 0x0000, 0x0000, 0x0000, 0x0000, 0x0000, 0x0000, 0x0000, 0x0000, 0x0000, 0x0000, 0x0000,
    0xffe0, 0xfd24, 0xfd24, 0xfd24, 0xfd24, 0xfd24, 0x0000, 0x0000, 0x0000, 0x0000, 0x0000, 0x0000, 0x0000, 0x0000, 0x0000, 0x0000,
    0x0000, 0x0000, 0x0000, 0x0000, 0x0000, 0x0000, 0x0000, 0x0000, 0x0000, 0x0000, 0x0000, 0x0000, 0x0000, 0x0000, 0x0000, 0x0000,
    0x0000, 0x0000, 0x0000, 0x0000, 0x0000, 0x0000, 0x0000, 0x0000, 0x0000, 0x0000, 0x0000, 0x0000, 0x0000, 0x0000, 0x0000, 0x0000,
    0x0000, 0x0000, 0x0000, 0x0000, 0x0000, 0x0000, 0x0000, 0x0000, 0x0000, 0x0000, 0x0000, 0x0000, 0x0000, 0x0000, 0x0000, 0x0000,
    0x0000, 0x0000, 0x0000, 0x0000, 0xfd24, 0xfd24, 0xfd24, 0xfd24, 0x0000, 0x0000, 0x0000, 0x0000, 0x0000, 0x0000, 0x0000, 0x0000,
    0x0000, 0x0000, 0x0000, 0x0000, 0x0000, 0x0000, 0x0000, 0x0000, 0x0000, 0x0000, 0x0000, 0x0000, 0x0000, 0x0000, 0x0000, 0x0000,
    0x0000, 0x0000, 0x0000, 0x0000, 0x0000, 0x0000, 0x0000, 0x0000, 0x0000, 0x0000, 0x0000, 0x0000, 0x0000, 0x0000, 0x0000, 0x0000,
    0x0000, 0x0000, 0x0000, 0x0000, 0x0000, 0x0000, 0x0000, 0x0000, 0x0000, 0x0000, 0x0000, 0x0000, 0x0000, 0x0000, 0x0000, 0x0000,
    0x0000, 0x0000, 0x0000, 0x0000, 0x0000, 0x0000, 0x0000, 0xfd24, 0xfd24, 0xfd24, 0xfd23, 0x0000, 0x0000, 0x0000, 0x0000, 0x0000,
    0x0000, 0x0000, 0x0000, 0x0000, 0x0000, 0x0000, 0x0000, 0x0000, 0x0000, 0x0000, 0x0000, 0x0000, 0x0000, 0x0000, 0x0000, 0x0000,
    0x0000, 0x0000, 0x0000, 0x0000, 0x0000, 0x0000, 0x0000, 0x0000, 0x0000, 0x0000, 0x0000, 0x0000, 0x0000, 0x0000, 0x0000, 0x0000,
    0x0000, 0x0000, 0x0000, 0x0000, 0x0000, 0x0000, 0x0000, 0x0000, 0x0000, 0x0000, 0x0000, 0x0000, 0x0000, 0x0000, 0x0000, 0x0000,
    0x0000, 0x0000, 0x0000, 0x0000, 0x0000, 0x0000, 0x0000, 0x0000, 0x0000, 0x0000, 0xfd24, 0xfd24, 0xfd24, 0x0000, 0x0000, 0x0000,
    0x0000, 0x0000, 0x0000, 0x0000, 0x0000, 0x0000, 0x0000, 0x0000, 0x0000, 0x0000, 0x0000, 0x0000, 0x0000, 0x0000, 0x0000, 0x0000,
    0x0000, 0x0000, 0x0000, 0x0000, 0x0000, 0x0000, 0x0000, 0x0000, 0x0000, 0x0000, 0x0000, 0x0000, 0x0000, 0x0000, 0x0000, 0x0000,
    0x0000, 0x0000, 0x0000, 0x0000, 0x0000, 0x0000, 0x0000, 0x0000, 0x0000, 0x0000, 0x0000, 0x0000, 0x0000, 0x0000, 0x0000, 0x0000,
    0x0000, 0x0000, 0x0000, 0x0000, 0x0000, 0x0000, 0x0000, 0x0000, 0x0000, 0x0000, 0x0000, 0x0000, 0x0000, 0xffe0, 0xfd24, 0xfbe0,
    0x0000, 0x0000, 0x0000, 0x0000, 0x0000, 0x0000, 0x0000, 0x0000, 0x0000, 0x0000, 0x0000, 0x0000, 0x0000, 0x0000, 0x0000, 0x0000,
    0x0000, 0x0000, 0x0000, 0x0000, 0x0000, 0x0000, 0x0000, 0x0000, 0x0000, 0x0000, 0x0000, 0x0000, 0x0000, 0x0000, 0x0000, 0x0000,
    0x0000, 0x0000, 0x0000, 0x0000, 0x0000, 0x0000, 0x0000, 0x0000, 0x0000, 0x0000, 0x0000, 0x0000, 0x0000, 0x0000, 0x0000, 0x0000,
    0x0000, 0x0000, 0x0000, 0x0000, 0x0000, 0x0000, 0x0000, 0x0000, 0x0000, 0x0000, 0x0000, 0x0000, 0x0000, 0x0000, 0x0000, 0x0000,
    0x0000, 0x0000, 0x0000, 0x0000, 0x0000, 0x0000, 0x0000, 0x0000, 0x0000, 0x0000, 0x0000, 0x0000, 0x0000, 0x0000, 0x0000, 0x0000,
    0x0000, 0x0000, 0x0000, 0x0000, 0x0000, 0x0000, 0x0000, 0x0000, 0x0000, 0x0000, 0x0000, 0x0000, 0x0000, 0x0000, 0x0000, 0x0000,
    0x0000, 0x0000, 0x0000, 0x0000, 0x0000, 0x0000, 0x0000, 0x0000, 0x0000};
// 'clouds', 67x67px
const uint16_t weather_clouds[] PROGMEM = {
    0x0000, 0x0000, 0x0000, 0x0000, 0x0000, 0x0000, 0x0000, 0x0000, 0x0000, 0x0000, 0x0000, 0x0000, 0x0000, 0x0000, 0x0000, 0x0000,
    0x0000, 0x0000, 0x0000, 0x0000, 0x0000, 0x0000, 0x0000, 0x0000, 0x0000, 0x0000, 0x0000, 0x0000, 0x0000, 0x0000, 0x0000, 0x0000,
    0x0000, 0x0000, 0x0000, 0x0000, 0x0000, 0x0000, 0x0000, 0x0000, 0x0000, 0x0000, 0x0000, 0x0000, 0x0000, 0x0000, 0x0000, 0x0000,
    0x0000, 0x0000, 0x0000, 0x0000, 0x0000, 0x0000, 0x0000, 0x0000, 0x0000, 0x0000, 0x0000, 0x0000, 0x0000, 0x0000, 0x0000, 0x0000,
    0x0000, 0x0000, 0x0000, 0x0000, 0x0000, 0x0000, 0x0000, 0x0000, 0x0000, 0x0000, 0x0000, 0x0000, 0x0000, 0x0000, 0x0000, 0x0000,
    0x0000, 0x0000, 0x0000, 0x0000, 0x0000, 0x0000, 0x0000, 0x0000, 0x0000, 0x0000, 0x0000, 0x0000, 0x0000, 0x0000, 0x0000, 0x0000,
    0x0000, 0x0000, 0x0000, 0x0000, 0x0000, 0x0000, 0x0000, 0x0000, 0x0000, 0x0000, 0x0000, 0x0000, 0x0000, 0x0000, 0x0000, 0x0000,
    0x0000, 0x0000, 0x0000, 0x0000, 0x0000, 0x0000, 0x0000, 0x0000, 0x0000, 0x0000, 0x0000, 0x0000, 0x0000, 0x0000, 0x0000, 0x0000,
    0x0000, 0x0000, 0x0000, 0x0000, 0x0000, 0x0000, 0x0000, 0x0000, 0x0000, 0x0000, 0x0000, 0x0000, 0x0000, 0x0000, 0x0000, 0x0000,
    0x0000, 0x0000, 0x0000, 0x0000, 0x0000, 0x0000, 0x0000, 0x0000, 0x0000, 0x0000, 0x0000, 0x0000, 0x0000, 0x0000, 0x0000, 0x0000,
    0x0000, 0x0000, 0x0000, 0x0000, 0x0000, 0x0000, 0x0000, 0x0000, 0x0000, 0x0000, 0x0000, 0x0000, 0x0000, 0x0000, 0x0000, 0x0000,
    0x0000, 0x0000, 0x0000, 0x0000, 0x0000, 0x0000, 0x0000, 0x0000, 0x0000, 0x0000, 0x0000, 0x0000, 0x0000, 0x0000, 0x0000, 0x0000,
    0x0000, 0x0000, 0x0000, 0x0000, 0x0000, 0x0000, 0x0000, 0x0000, 0x0000, 0x0000, 0x0000, 0x0000, 0x0000, 0x0000, 0x0000, 0x0000,
    0x0000, 0x0000, 0x0000, 0x0000, 0x0000, 0x0000, 0x0000, 0x0000, 0x0000, 0x0000, 0x0000, 0x0000, 0x0000, 0x0000, 0x0000, 0x0000,
    0x0000, 0x0000, 0x0000, 0x0000, 0x0000, 0x0000, 0x0000, 0x0000, 0x0000, 0x0000, 0x0000, 0x0000, 0x0000, 0x0000, 0x0000, 0x0000,
    0x0000, 0x0000, 0x0000, 0x0000, 0x0000, 0x0000, 0x0000, 0x0000, 0x0000, 0x0000, 0x0000, 0x0000, 0x0000, 0x0000, 0x0000, 0x0000,
    0x0000, 0x0000, 0x0000, 0x0000, 0x0000, 0x0000, 0x0000, 0x0000, 0x0000, 0x0000, 0x0000, 0x0000, 0x0000, 0x0000, 0x0000, 0x0000,
    0x0000, 0x0000, 0x0000, 0x0000, 0x0000, 0x0000, 0x0000, 0x0000, 0x0000, 0x0000, 0x0000, 0x0000, 0x0000, 0x0000, 0x0000, 0x0000,
    0x0000, 0x0000, 0x0000, 0x0000, 0x0000, 0x0000, 0x0000, 0x0000, 0x0000, 0x0000, 0x0000, 0x0000, 0x0000, 0x0000, 0x0000, 0x0000,
    0x0000, 0x0000, 0x0000, 0x0000, 0x0000, 0x0000, 0x0000, 0x0000, 0x0000, 0x0000, 0x0000, 0x0000, 0x0000, 0x0000, 0x0000, 0x0000,
    0x0000, 0x0000, 0x0000, 0x0000, 0x0000, 0x0000, 0x0000, 0x0000, 0x0000, 0x0000, 0x0000, 0x0000, 0x0000, 0x0000, 0x0000, 0x0000,
    0x0000, 0x0000, 0x0000, 0x0000, 0x0000, 0x0000, 0x0000, 0x0000, 0x0000, 0x0000, 0x0000, 0x0000, 0x0000, 0x0000, 0x0000, 0x0000,
    0x0000, 0x0000, 0x0000, 0x0000, 0x0000, 0x0000, 0x0000, 0x0000, 0x0000, 0x0000, 0x0000, 0x0000, 0x0000, 0x0000, 0x0000, 0x0000,
    0x0000, 0x0000, 0x0000, 0x0000, 0x0000, 0x0000, 0x0000, 0x0000, 0x0000, 0x0000, 0x0000, 0x0000, 0x0000, 0x0000, 0x0000, 0x0000,
    0x0000, 0x0000, 0x0000, 0x0000, 0x0000, 0x0000, 0x0000, 0x0000, 0x0000, 0x0000, 0x0000, 0x0000, 0x0000, 0x0000, 0x0000, 0x0000,
    0x0000, 0x0000, 0x0000, 0x0000, 0x0000, 0x0000, 0x0000, 0x0000, 0x0000, 0x0000, 0x0000, 0x0000, 0x0000, 0x0000, 0x0000, 0x0000,
    0x0000, 0x0000, 0x0000, 0x0000, 0x0000, 0x0000, 0x0000, 0x0000, 0x0000, 0x0000, 0x0000, 0x0000, 0x0000, 0x0000, 0x0000, 0x0000,
    0x0000, 0x0000, 0x0000, 0x0000, 0x0000, 0xb596, 0xb5b6, 0xb5b6, 0xb5b6, 0xb596, 0xb596, 0xb5b6, 0xb596, 0xb596, 0xb596, 0x0000,
    0x0000, 0x0000, 0x0000, 0x0000, 0x0000, 0x0000, 0x0000, 0x0000, 0x0000, 0x0000, 0x0000, 0x0000, 0x0000, 0x0000, 0x0000, 0x0000,
    0x0000, 0x0000, 0x0000, 0x0000, 0x0000, 0x0000, 0x0000, 0x0000, 0x0000, 0x0000, 0x0000, 0x0000, 0x0000, 0x0000, 0x0000, 0x0000,
    0x0000, 0x0000, 0x0000, 0x0000, 0x0000, 0x0000, 0x0000, 0x0000, 0x0000, 0x0000, 0x0000, 0x0000, 0x0000, 0x0000, 0x0000, 0x0000,
    0x0000, 0x0000, 0x0000, 0x0000, 0x0000, 0x0000, 0xb596, 0xb596, 0xb5b6, 0xb5b6, 0xb5b6, 0xb5b6, 0xb5b6, 0xb5b6, 0xb5b6, 0xb5b6,
    0xb5b6, 0xb5b6, 0xb5b6, 0xb5b6, 0xb596, 0x0000, 0x0000, 0x0000, 0x0000, 0x0000, 0x0000, 0x0000, 0x0000, 0x0000, 0x0000, 0x0000,
    0x0000, 0x0000, 0x0000, 0x0000, 0x0000, 0x0000, 0x0000, 0x0000, 0x0000, 0x0000, 0x0000, 0x0000, 0x0000, 0x0000, 0x0000, 0x0000,
    0x0000, 0x0000, 0x0000, 0x0000, 0x0000, 0x0000, 0x0000, 0x0000, 0x0000, 0x0000, 0x0000, 0x0000, 0x0000, 0x0000, 0x0000, 0x0000,
    0x0000, 0x0000, 0x0000, 0x0000, 0x0000, 0x0000, 0x0000, 0xb596, 0xb596, 0xb5b6, 0xb5b6, 0xb5b6, 0xb5b6, 0xb5b6, 0xb5b6, 0xb5b6,
    0xb5b6, 0xb5b6, 0xb5b6, 0xb5b6, 0xb5b6, 0xb5b6, 0xb5b6, 0xb5b6, 0xb596, 0xb5b6, 0x0000, 0x0000, 0x0000, 0x0000, 0x0000, 0x0000,
    0x0000, 0x0000, 0x0000, 0x0000, 0x0000, 0x0000, 0x0000, 0x0000, 0x0000, 0x0000, 0x0000, 0x0000, 0x0000, 0x0000, 0x0000, 0x0000,
    0x0000, 0x0000, 0x0000, 0x0000, 0x0000, 0x0000, 0x0000, 0x0000, 0x0000, 0x0000, 0x0000, 0x0000, 0x0000, 0x0000, 0x0000, 0x0000,
    0x0000, 0x0000, 0x0000, 0x0000, 0x0000, 0x0000, 0x0000, 0x0000, 0x0000, 0xb596, 0xb5b6, 0xb5b6, 0xb5b6, 0xb5b6, 0xb5b6, 0xb5b6,
    0xb5b6, 0xb5b6, 0xb5b6, 0xb5b6, 0xb5b6, 0xb5b6, 0xb5b6, 0xb5b6, 0xb5b6, 0xb5b6, 0xb5b6, 0xb5b6, 0xb5b6, 0xb596, 0x0000, 0x0000,
    0x0000, 0x0000, 0x0000, 0x0000, 0x0000, 0x0000, 0x0000, 0x0000, 0x0000, 0x0000, 0x0000, 0x0000, 0x0000, 0x0000, 0x0000, 0x0000,
    0x0000, 0x0000, 0x0000, 0x0000, 0x0000, 0x0000, 0x0000, 0x0000, 0x0000, 0x0000, 0x0000, 0x0000, 0x0000, 0x0000, 0x0000, 0x0000,
    0x0000, 0x0000, 0x0000, 0x0000, 0x0000, 0x0000, 0x0000, 0x0000, 0x0000, 0x0000, 0x0000, 0xb596, 0xb5b6, 0xb5b6, 0xb5b6, 0xb5b6,
    0xb5b6, 0xb5b6, 0xb5b6, 0xb5b6, 0xb5b6, 0xb5b6, 0xb5b6, 0xb5b6, 0xb5b6, 0xb5b6, 0xb5b6, 0xb5b6, 0xb5b6, 0xb5b6, 0xb5b6, 0xb5b6,
    0xb5b6, 0xb596, 0xbdd7, 0x0000, 0x0000, 0x0000, 0x0000, 0x0000, 0x0000, 0x0000, 0x0000, 0x0000, 0x0000, 0x0000, 0x0000, 0x0000,
    0x0000, 0x0000, 0x0000, 0x0000, 0x0000, 0x0000, 0x0000, 0x0000, 0x0000, 0x0000, 0x0000, 0x0000, 0x0000, 0x0000, 0x0000, 0x0000,
    0x0000, 0x0000, 0x0000, 0x0000, 0x0000, 0x0000, 0x0000, 0x0000, 0x0000, 0x0000, 0x0000, 0x0000, 0x0000, 0xb596, 0xb5b6, 0xb5b6,
    0xb5b6, 0xb5b6, 0xb5b6, 0xb5b6, 0xb5b6, 0xb5b6, 0xb5b6, 0xb5b6, 0xb5b6, 0xb5b6, 0xb5b6, 0xb5b6, 0xb5b6, 0xb5b6, 0xb5b6, 0xb5b6,
    0xb5b6, 0xb5b6, 0xb5b6, 0xb5b6, 0xb5b6, 0xb596, 0x0000, 0x0000, 0x0000, 0x0000, 0x0000, 0x0000, 0x0000, 0x0000, 0x0000, 0x0000,
    0x0000, 0x0000, 0x0000, 0x0000, 0x0000, 0x0000, 0x0000, 0x0000, 0x0000, 0x0000, 0x0000, 0x0000, 0x0000, 0x0000, 0x0000, 0x0000,
    0x0000, 0x0000, 0x0000, 0x0000, 0x0000, 0x0000, 0x0000, 0x0000, 0x0000, 0x0000, 0x0000, 0x0000, 0x0000, 0x0000, 0x0000, 0xb5b6,
    0xb5b6, 0xb5b6, 0xb5b6, 0xb5b6, 0xb5b6, 0xb5b6, 0xb5b6, 0xb5b6, 0xb5b6, 0xb5b6, 0xb5b6, 0xb5b6, 0xb5b6, 0xb5b6, 0xb5b6, 0xb5b6,
    0xb5b6, 0xb5b6, 0xb5b6, 0xb5b6, 0xb5b6, 0xb5b6, 0xb5b6, 0xb5b6, 0xb5b6, 0xb5b6, 0x0000, 0x0000, 0x0000, 0x0000, 0x0000, 0x0000,
    0x0000, 0x0000, 0x0000, 0x0000, 0x0000, 0x0000, 0x0000, 0x0000, 0x0000, 0x0000, 0x0000, 0x0000, 0x0000, 0x0000, 0x0000, 0x0000,
    0x0000, 0x0000, 0x0000, 0x0000, 0x0000, 0x0000, 0x0000, 0x0000, 0x0000, 0x0000, 0x0000, 0x0000, 0x0000, 0x0000, 0x0000, 0x0000,
    0x0000, 0xb596, 0xb5b6, 0xb5b6, 0xb5b6, 0xb5b6, 0xb5b6, 0xb5b6, 0xb5b6, 0xb5b6, 0xb5b6, 0xb5b6, 0xb5b6, 0xb5b6, 0xb5b6, 0xb5b6,
    0xb5b6, 0xb5b6, 0xb5b6, 0xb5b6, 0xb5b6, 0xb5b6, 0xb5b6, 0xb5b6, 0xb5b6, 0xb5b6, 0xb5b6, 0xb5b6, 0xb5b6, 0xb596, 0x0000, 0x0000,
    0x0000, 0x0000, 0x0000, 0x0000, 0x0000, 0x0000, 0x0000, 0x0000, 0x0000, 0x0000, 0x0000, 0x0000, 0x0000, 0x0000, 0x0000, 0x0000,
    0x0000, 0x0000, 0x0000, 0x0000, 0x0000, 0x0000, 0x0000, 0x0000, 0x0000, 0x0000, 0x0000, 0x0000, 0x0000, 0x0000, 0x0000, 0x0000,
    0x0000, 0x0000, 0x0000, 0x0000, 0xb596, 0xb5b6, 0xb5b6, 0xb5b6, 0xb5b6, 0xb5b6, 0xb5b6, 0xb5b6, 0xb5b6, 0xb5b6, 0xb5b6, 0xb5b6,
    0xb5b6, 0xb5b6, 0xb5b6, 0xb5b6, 0xb5b6, 0xb5b6, 0xb5b6, 0xb5b6, 0xb5b6, 0xb5b6, 0xb5b6, 0xb5b6, 0xb5b6, 0xb5b6, 0xb5b6, 0xb5b6,
    0xb596, 0x0000, 0x0000, 0x0000, 0x0000, 0x0000, 0x0000, 0x0000, 0x0000, 0x0000, 0x0000, 0x0000, 0x0000, 0x0000, 0x0000, 0x0000,
    0x0000, 0x0000, 0x0000, 0x0000, 0x0000, 0x0000, 0x0000, 0x0000, 0x0000, 0x0000, 0x0000, 0x0000, 0x0000, 0x0000, 0x0000, 0x0000,
    0x0000, 0x0000, 0x0000, 0x0000, 0x0000, 0x0000, 0xb5b6, 0xb5b6, 0xb5b6, 0xb5b6, 0xb5b6, 0xb5b6, 0xb5b6, 0xb5b6, 0xb5b6, 0xb5b6,
    0xb5b6, 0xb5b6, 0xb5b6, 0xb5b6, 0xb5b6, 0xb5b6, 0xb5b6, 0xb5b6, 0xb5b6, 0xb5b6, 0xb5b6, 0xb5b6, 0xb5b6, 0xb5b6, 0xb5b6, 0xb5b6,
    0xb5b6, 0xb5b6, 0xb5b6, 0xb5b6, 0xb5b6, 0x0000, 0x0000, 0x0000, 0x0000, 0x0000, 0x0000, 0x0000, 0x0000, 0x0000, 0x0000, 0x0000,
    0x0000, 0x0000, 0x0000, 0x0000, 0x0000, 0x0000, 0x0000, 0x0000, 0x0000, 0x0000, 0x0000, 0x0000, 0x0000, 0x0000, 0x0000, 0x0000,
    0x0000, 0x0000, 0x0000, 0x0000, 0x0000, 0x0000, 0x0000, 0x0000, 0x0000, 0xb5b6, 0xb5b6, 0xb5b6, 0xb5b6, 0xb5b6, 0xb5b6, 0xb5b6,
    0xb5b6, 0xb5b6, 0xb5b6, 0xb5b6, 0xb5b6, 0xb5b6, 0xb5b6, 0xb5b6, 0xb5b6, 0xb5b6, 0xb5b6, 0xb5b6, 0xb5b6, 0xb5b6, 0xb5b6, 0xb5b6,
    0xb5b6, 0xb5b6, 0xb5b6, 0xb5b6, 0xb5b6, 0xb5b6, 0xb5b6, 0xb596, 0x0000, 0x0000, 0x0000, 0x0000, 0x0000, 0x0000, 0x0000, 0x0000,
    0x0000, 0x0000, 0x0000, 0x0000, 0x0000, 0x0000, 0x0000, 0x0000, 0x0000, 0x0000, 0x0000, 0x0000, 0x0000, 0x0000, 0x0000, 0x0000,
    0x0000, 0x0000, 0x0000, 0x0000, 0x0000, 0x0000, 0x0000, 0x0000, 0x0000, 0x0000, 0x0000, 0xb5b6, 0xb596, 0xb5b6, 0xb5b6, 0xb5b6,
    0xb5b6, 0xb5b6, 0xb5b6, 0xb5b6, 0xb5b6, 0xb5b6, 0xb5b6, 0xb5b6, 0xb5b6, 0xb5b6, 0xb5b6, 0xb5b6, 0xb5b6, 0xb5b6, 0xb5b6, 0xb5b6,
    0xb5b6, 0xb5b6, 0xb5b6, 0xb5b6, 0xb5b6, 0xb5b6, 0xb5b6, 0xb5b6, 0xb5b6, 0xb5b6, 0xb5b6, 0x0000, 0x0000, 0x0000, 0x0000, 0x0000,
    0x0000, 0x0000, 0x0000, 0x0000, 0x0000, 0x0000, 0x0000, 0x0000, 0x0000, 0x0000, 0x0000, 0x0000, 0x0000, 0x0000, 0x0000, 0x0000,
    0x0000, 0x0000, 0x0000, 0x0000, 0x0000, 0x0000, 0x0000, 0x0000, 0xb5b6, 0xb596, 0xb596, 0xb5b6, 0xb5b6, 0xb596, 0xb596, 0xb5b6,
    0xb5b6, 0xb5b6, 0xb5b6, 0xb5b6, 0xb5b6, 0xb5b6, 0xb5b6, 0xb5b6, 0xb5b6, 0xb5b6, 0xb5b6, 0xb5b6, 0xb5b6, 0xb5b6, 0xb5b6, 0xb5b6,
    0xb5b6, 0xb5b6, 0xb5b6, 0xb5b6, 0xb5b6, 0xb5b6, 0xb5b6, 0xb5b6, 0xb5b6, 0xb5b6, 0xb5b6, 0xb5b6, 0xb5b6, 0xb5b6, 0xbdd7, 0x0000,
    0x0000, 0x0000, 0x0000, 0x0000, 0x0000, 0x0000, 0x0000, 0x0000, 0x0000, 0x0000, 0x0000, 0x0000, 0x0000, 0x0000, 0x0000, 0x0000,
    0x0000, 0x0000, 0x0000, 0x0000, 0x0000, 0x0000, 0x0000, 0x0000, 0x0000, 0xb596, 0xb596, 0xb5b6, 0xb5b6, 0xb5b6, 0xb5b6, 0xb5b6,
    0xb5b6, 0xb5b6, 0xb5b6, 0xb5b6, 0xb5b6, 0xb5b6, 0xb5b6, 0xb5b6, 0xb5b6, 0xb5b6, 0xb5b6, 0xb5b6, 0xb5b6, 0xb5b6, 0xb5b6, 0xb5b6,
    0xb5b6, 0xb5b6, 0xb5b6, 0xb5b6, 0xb5b6, 0xb5b6, 0xb5b6, 0xb5b6, 0xb5b6, 0xb5b6, 0xb5b6, 0xb5b6, 0xb5b6, 0xb5b6, 0xb5b6, 0xb5b6,
    0xb5b6, 0xb5b6, 0x0000, 0x0000, 0x0000, 0x0000, 0x0000, 0x0000, 0x0000, 0x0000, 0x0000, 0x0000, 0x0000, 0x0000, 0x0000, 0x0000,
    0x0000, 0x0000, 0x0000, 0x0000, 0x0000, 0x0000, 0x0000, 0x0000, 0x0000, 0x0000, 0x0000, 0xb596, 0xb5b6, 0xb5b6, 0xb5b6, 0xb5b6,
    0xb5b6, 0xb5b6, 0xb5b6, 0xb5b6, 0xb5b6, 0xb5b6, 0xb5b6, 0xb5b6, 0xb5b6, 0xb5b6, 0xb5b6, 0xb5b6, 0xb5b6, 0xb5b6, 0xb5b6, 0xb5b6,
    0xb5b6, 0xb5b6, 0xb5b6, 0xb5b6, 0xb5b6, 0xb5b6, 0xb5b6, 0xb5b6, 0xb5b6, 0xb5b6, 0xb5b6, 0xb5b6, 0xb5b6, 0xb5b6, 0xb5b6, 0xb5b6,
    0xb5b6, 0xb5b6, 0xb5b6, 0xb5b6, 0xb596, 0x0000, 0x0000, 0x0000, 0x0000, 0x0000, 0x0000, 0x0000, 0x0000, 0x0000, 0x0000, 0x0000,
    0x0000, 0x0000, 0x0000, 0x0000, 0x0000, 0x0000, 0x0000, 0x0000, 0x0000, 0x0000, 0x0000, 0x0000, 0x0000, 0xb596, 0xb5b6, 0xb5b6,
    0xb5b6, 0xb5b6, 0xb5b6, 0xb5b6, 0xb5b6, 0xb5b6, 0xb5b6, 0xb5b6, 0xb5b6, 0xb5b6, 0xb5b6, 0xb5b6, 0xb5b6, 0xb5b6, 0xb5b6, 0xb5b6,
    0xb5b6, 0xb5b6, 0xb5b6, 0xb5b6, 0xb5b6, 0xb5b6, 0xb5b6, 0xb5b6, 0xb5b6, 0xb5b6, 0xb5b6, 0xb5b6, 0xb5b6, 0xb5b6, 0xb5b6, 0xb5b6,
    0xb5b6, 0xb5b6, 0xb5b6, 0xb5b6, 0xb5b6, 0xb5b6, 0xb5b6, 0xb5b6, 0x0000, 0x0000, 0x0000, 0x0000, 0x0000, 0x0000, 0x0000, 0x0000,
    0x0000, 0x0000, 0x0000, 0x0000, 0x0000, 0x0000, 0x0000, 0x0000, 0x0000, 0x0000, 0x0000, 0x0000, 0x0000, 0x0000, 0x0000, 0xb596,
    0xb596, 0xb5b6, 0xb5b6, 0xb5b6, 0xb5b6, 0xb5b6, 0xb5b6, 0xb5b6, 0xb5b6, 0xb5b6, 0xb5b6, 0xb5b6, 0xb5b6, 0xb5b6, 0xb5b6, 0xb5b6,
    0xb5b6, 0xb5b6, 0xb5b6, 0xb5b6, 0xb5b6, 0xb5b6, 0xb5b6, 0xb5b6, 0xb5b6, 0xb5b6, 0xb5b6, 0xb5b6, 0xb5b6, 0xb5b6, 0xb5b6, 0xb5b6,
    0xb5b6, 0xb5b6, 0xb5b6, 0xb5b6, 0xb5b6, 0xb5b6, 0xb5b6, 0xb5b6, 0xb5b6, 0xb5b6, 0xb596, 0x0000, 0x0000, 0x0000, 0x0000, 0x0000,
    0x0000, 0x0000, 0x0000, 0x0000, 0x0000, 0x0000, 0x0000, 0x0000, 0x0000, 0x0000, 0x0000, 0x0000, 0x0000, 0x0000, 0x0000, 0x0000,
    0x0000, 0x0000, 0xb596, 0xb5b6, 0xb5b6, 0xb5b6, 0xb5b6, 0xb5b6, 0xb5b6, 0xb5b6, 0xb5b6, 0xb5b6, 0xb5b6, 0xb5b6, 0xb5b6, 0xb5b6,
    0xb5b6, 0xb5b6, 0xb5b6, 0xb5b6, 0xb5b6, 0xb5b6, 0xb5b6, 0xb5b6, 0xb5b6, 0xb5b6, 0xb5b6, 0xb5b6, 0xb5b6, 0xb5b6, 0xb5b6, 0xb5b6,
    0xb5b6, 0xb5b6, 0xb5b6, 0xb5b6, 0xb5b6, 0xb5b6, 0xb5b6, 0xb5b6, 0xb5b6, 0xb5b6, 0xb5b6, 0xb5b6, 0xb5b6, 0xb596, 0x0000, 0x0000,
    0x0000, 0x0000, 0x0000, 0x0000, 0x0000, 0x0000, 0x0000, 0x0000, 0x0000, 0x0000, 0x0000, 0x0000, 0x0000, 0x0000, 0x0000, 0x0000,
    0x0000, 0x0000, 0x0000, 0x0000, 0xb596, 0xb5b6, 0xb5b6, 0xb5b6, 0xb5b6, 0xb5b6, 0xb5b6, 0xb5b6, 0xb5b6, 0xb5b6, 0xb5b6, 0xb5b6,
    0xb5b6, 0xb5b6, 0xb5b6, 0xb5b6, 0xb5b6, 0xb5b6, 0xb5b6, 0xb5b6, 0xb5b6, 0xb5b6, 0xb5b6, 0xb5b6, 0xb5b6, 0xb5b6, 0xb5b6, 0xb5b6,
    0xb5b6, 0xb5b6, 0xb5b6, 0xb5b6, 0xb5b6, 0xb5b6, 0xb5b6, 0xb5b6, 0xb5b6, 0xb5b6, 0xb5b6, 0xb5b6, 0xb5b6, 0xb5b6, 0xb5b6, 0xb5b6,
    0xb596, 0x0000, 0x0000, 0x0000, 0x0000, 0x0000, 0x0000, 0x0000, 0x0000, 0x0000, 0x0000, 0x0000, 0x0000, 0x0000, 0x0000, 0x0000,
    0x0000, 0x0000, 0x0000, 0x0000, 0x0000, 0x0000, 0x0000, 0xb5b6, 0xb5b6, 0xb5b6, 0xb5b6, 0xb5b6, 0xb5b6, 0xb5b6, 0xb5b6, 0xb5b6,
    0xb5b6, 0xb5b6, 0xb5b6, 0xb5b6, 0xb5b6, 0xb5b6, 0xb5b6, 0xb5b6, 0xb5b6, 0xb5b6, 0xb5b6, 0xb5b6, 0xb5b6, 0xb5b6, 0xb5b6, 0xb5b6,
    0xb5b6, 0xb5b6, 0xb5b6, 0xb5b6, 0xb5b6, 0xb5b6, 0xb5b6, 0xb5b6, 0xb5b6, 0xb5b6, 0xb5b6, 0xb5b6, 0xb5b6, 0xb5b6, 0xb5b6, 0xb5b6,
    0xb5b6, 0xb5b6, 0xb5b6, 0xb596, 0x0000, 0x0000, 0x0000, 0x0000, 0x0000, 0x0000, 0x0000, 0x0000, 0x0000, 0x0000, 0x0000, 0x0000,
    0x0000, 0x0000, 0x0000, 0x0000, 0x0000, 0x0000, 0x0000, 0x0000, 0x0000, 0x0000, 0xb596, 0xb5b6, 0xb5b6, 0xb5b6, 0xb5b6, 0xb5b6,
    0xb5b6, 0xb5b6, 0xb5b6, 0xb5b6, 0xb5b6, 0xb5b6, 0xb5b6, 0xb5b6, 0xb5b6, 0xb5b6, 0xb5b6, 0xb5b6, 0xb5b6, 0xb5b6, 0xb5b6, 0xb5b6,
    0xb5b6, 0xb5b6, 0xb5b6, 0xb5b6, 0xb5b6, 0xb5b6, 0xb5b6, 0xb5b6, 0xb5b6, 0xb5b6, 0xb5b6, 0xb5b6, 0xb5b6, 0xb5b6, 0xb5b6, 0xb5b6,
    0xb5b6, 0xb5b6, 0xb5b6, 0xb5b6, 0xb5b6, 0xb5b6, 0xb5b6, 0x0000, 0x0000, 0x0000, 0x0000, 0x0000, 0x0000, 0x0000, 0x0000, 0x0000,
    0x0000, 0x0000, 0x0000, 0x0000, 0x0000, 0x0000, 0x0000, 0x0000, 0x0000, 0x0000, 0x0000, 0x0000, 0x0000, 0xb596, 0xb5b6, 0xb5b6,
    0xb5b6, 0xb5b6, 0xb5b6, 0xb5b6, 0xb5b6, 0xb5b6, 0xb5b6, 0xb5b6, 0xb5b6, 0xb5b6, 0xb5b6, 0xb5b6, 0xb5b6, 0xb5b6, 0xb5b6, 0xb5b6,
    0xb5b6, 0xb5b6, 0xb5b6, 0xb5b6, 0xb5b6, 0xb5b6, 0xb5b6, 0xb5b6, 0xb5b6, 0xb5b6, 0xb5b6, 0xb5b6, 0xb5b6, 0xb5b6, 0xb5b6, 0xb5b6,
    0xb5b6, 0xb5b6, 0xb5b6, 0xb5b6, 0xb5b6, 0xb5b6, 0xb5b6, 0xb5b6, 0xb5b6, 0xb596, 0x0000, 0x0000, 0x0000, 0x0000, 0x0000, 0x0000,
    0x0000, 0x0000, 0x0000, 0x0000, 0x0000, 0x0000, 0x0000, 0x0000, 0x0000, 0x0000, 0x0000, 0x0000, 0xbdf7, 0xb5b6, 0xb5b6, 0xb596,
    0xb596, 0xb5b6, 0xb5b6, 0xb5b6, 0xb5b6, 0xb5b6, 0xb5b6, 0xb5b6, 0xb5b6, 0xb5b6, 0xb5b6, 0xb5b6, 0xb5b6, 0xb5b6, 0xb5b6, 0xb5b6,
    0xb5b6, 0xb5b6, 0xb5b6, 0xb5b6, 0xb5b6, 0xb5b6, 0xb5b6, 0xb5b6, 0xb5b6, 0xb5b6, 0xb5b6, 0xb5b6, 0xb5b6, 0xb5b6, 0xb5b6, 0xb5b6,
    0xb5b6, 0xb5b6, 0xb5b6, 0xb5b6, 0xb5b6, 0xb5b6, 0xb5b6, 0xb5b6, 0xb5b6, 0xb5b6, 0xb5b6, 0xb5b6, 0xb5b6, 0xb596, 0xb5b6, 0xb5b6,
    0x0000, 0x0000, 0x0000, 0x0000, 0x0000, 0x0000, 0x0000, 0x0000, 0x0000, 0x0000, 0x0000, 0x0000, 0x0000, 0xb596, 0xb596, 0xb5b6,
    0xb5b6, 0xb5b6, 0xb5b6, 0xb5b6, 0xb5b6, 0xb5b6, 0xb5b6, 0xb5b6, 0xb5b6, 0xb5b6, 0xb5b6, 0xb5b6, 0xb5b6, 0xb5b6, 0xb5b6, 0xb5b6,
    0xb5b6, 0xb5b6, 0xb5b6, 0xb5b6, 0xb5b6, 0xb5b6, 0xb5b6, 0xb5b6, 0xb5b6, 0xb5b6, 0xb5b6, 0xb5b6, 0xb5b6, 0xb5b6, 0xb5b6, 0xb5b6,
    0xb5b6, 0xb5b6, 0xb5b6, 0xb5b6, 0xb5b6, 0xb5b6, 0xb5b6, 0xb5b6, 0xb5b6, 0xb5b6, 0xb5b6, 0xb5b6, 0xb5b6, 0xb5b6, 0xb5b6, 0xb5b6,
    0xb5b6, 0xb5b6, 0xb5b6, 0xb596, 0xb596, 0x0000, 0x0000, 0x0000, 0x0000, 0x0000, 0x0000, 0x0000, 0x0000, 0x0000, 0xbdd7, 0xb596,
    0xb5b6, 0xb5b6, 0xb5b6, 0xb5b6, 0xb5b6, 0xb5b6, 0xb5b6, 0xb5b6, 0xb5b6, 0xb5b6, 0xb5b6, 0xb5b6, 0xb5b6, 0xb5b6, 0xb5b6, 0xb5b6,
    0xb5b6, 0xb5b6, 0xb5b6, 0xb5b6, 0xb5b6, 0xb5b6, 0xb5b6, 0xb5b6, 0xb5b6, 0xb5b6, 0xb5b6, 0xb5b6, 0xb5b6, 0xb5b6, 0xb5b6, 0xb5b6,
    0xb5b6, 0xb5b6, 0xb5b6, 0xb5b6, 0xb5b6, 0xb5b6, 0xb5b6, 0xb5b6, 0xb5b6, 0xb5b6, 0xb5b6, 0xb5b6, 0xb5b6, 0xb5b6, 0xb5b6, 0xb5b6,
    0xb5b6, 0xb5b6, 0xb5b6, 0xb5b6, 0xb5b6, 0xb5b6, 0xb5b6, 0xb596, 0xb596, 0x0000, 0x0000, 0x0000, 0x0000, 0x0000, 0x0000, 0x0000,
    0xb596, 0xb596, 0xb5b6, 0xb5b6, 0xb5b6, 0xb5b6, 0xb5b6, 0xb5b6, 0xb5b6, 0xb5b6, 0xb5b6, 0xb5b6, 0xb5b6, 0xb5b6, 0xb5b6, 0xb5b6,
    0xb5b6, 0xb5b6, 0xb5b6, 0xb5b6, 0xb5b6, 0xb5b6, 0xb5b6, 0xb5b6, 0xb5b6, 0xb5b6, 0xb5b6, 0xb5b6, 0xb5b6, 0xb5b6, 0xb5b6, 0xb5b6,
    0xb5b6, 0xb5b6, 0xb5b6, 0xb5b6, 0xb5b6, 0xb5b6, 0xb5b6, 0xb5b6, 0xb5b6, 0xb5b6, 0xb5b6, 0xb5b6, 0xb5b6, 0xb5b6, 0xb5b6, 0xb5b6,
    0xb5b6, 0xb5b6, 0xb5b6, 0xb5b6, 0xb5b6, 0xb5b6, 0xb5b6, 0xb5b6, 0xb5b6, 0xb5b6, 0xb5b6, 0xb596, 0xbdf7, 0x0000, 0x0000, 0x0000,
    0x0000, 0x0000, 0x0000, 0xb596, 0xb5b6, 0xb5b6, 0xb5b6, 0xb5b6, 0xb5b6, 0xb5b6, 0xb5b6, 0xb5b6, 0xb5b6, 0xb5b6, 0xb5b6, 0xb5b6,
    0xb5b6, 0xb5b6, 0xb5b6, 0xb5b6, 0xb5b6, 0xb5b6, 0xb5b6, 0xb5b6, 0xb5b6, 0xb5b6, 0xb5b6, 0xb5b6, 0xb5b6, 0xb5b6, 0xb5b6, 0xb5b6,
    0xb5b6, 0xb5b6, 0xb5b6, 0xb5b6, 0xb5b6, 0xb5b6, 0xb5b6, 0xb5b6, 0xb5b6, 0xb5b6, 0xb5b6, 0xb5b6, 0xb5b6, 0xb5b6, 0xb5b6, 0xb5b6,
    0xb5b6, 0xb5b6, 0xb5b6, 0xb5b6, 0xb5b6, 0xb5b6, 0xb5b6, 0xb5b6, 0xb5b6, 0xb5b6, 0xb5b6, 0xb5b6, 0xb5b6, 0xb5b6, 0xb5b6, 0xb5b6,
    0x0000, 0x0000, 0x0000, 0x0000, 0x0000, 0xb596, 0xb5b6, 0xb5b6, 0xb5b6, 0xb5b6, 0xb5b6, 0xb5b6, 0xb5b6, 0xb5b6, 0xb5b6, 0xb5b6,
    0xb5b6, 0xb5b6, 0xb5b6, 0xb5b6, 0xb5b6, 0xb5b6, 0xb5b6, 0xb5b6, 0xb5b6, 0xb5b6, 0xb5b6, 0xb5b6, 0xb5b6, 0xb5b6, 0xb5b6, 0xb5b6,
    0xb5b6, 0xb5b6, 0xb5b6, 0xb5b6, 0xb5b6, 0xb5b6, 0xb5b6, 0xb5b6, 0xb5b6, 0xb5b6, 0xb5b6, 0xb5b6, 0xb5b6, 0xb5b6, 0xb5b6, 0xb5b6,
    0xb5b6, 0xb5b6, 0xb5b6, 0xb5b6, 0xb5b6, 0xb5b6, 0xb5b6, 0xb5b6, 0xb5b6, 0xb5b6, 0xb5b6, 0xb5b6, 0xb5b6, 0xb5b6, 0xb5b6, 0xb5b6,
    0xb5b6, 0xb5b6, 0xb596, 0x0000, 0x0000, 0x0000, 0x0000, 0x0000, 0xb596, 0xb5b6, 0xb5b6, 0xb5b6, 0xb5b6, 0xb5b6, 0xb5b6, 0xb5b6,
    0xb5b6, 0xb5b6, 0xb5b6, 0xb5b6, 0xb5b6, 0xb5b6, 0xb5b6, 0xb5b6, 0xb5b6, 0xb5b6, 0xb5b6, 0xb5b6, 0xb5b6, 0xb5b6, 0xb5b6, 0xb5b6,
    0xb5b6, 0xb5b6, 0xb5b6, 0xb5b6, 0xb5b6, 0xb5b6, 0xb5b6, 0xb5b6, 0xb5b6, 0xb5b6, 0xb5b6, 0xb5b6, 0xb5b6, 0xb5b6, 0xb5b6, 0xb5b6,
    0xb5b6, 0xb5b6, 0xb5b6, 0xb5b6, 0xb5b6, 0xb5b6, 0xb5b6, 0xb5b6, 0xb5b6, 0xb5b6, 0xb5b6, 0xb5b6, 0xb5b6, 0xb5b6, 0xb5b6, 0xb5b6,
    0xb5b6, 0xb5b6, 0xb5b6, 0xb5b6, 0xb5b6, 0xb5b6, 0xb596, 0x0000, 0x0000, 0x0000, 0x0000, 0x9cf3, 0xad55, 0xb5b6, 0xb5b6, 0xb5b6,
    0xb5b6, 0xb5b6, 0xb5b6, 0xb5b6, 0xb5b6, 0xb5b6, 0xb5b6, 0xb5b6, 0xb5b6, 0xb5b6, 0xb5b6, 0xb5b6, 0xb5b6, 0xb5b6, 0xb5b6, 0xb5b6,
    0xb5b6, 0xb5b6, 0xb5b6, 0xb5b6, 0xb5b6, 0xb5b6, 0xb5b6, 0xb5b6, 0xb5b6, 0xb5b6, 0xb5b6, 0xb5b6, 0xb5b6, 0xb5b6, 0xb5b6, 0xb5b6,
    0xb5b6, 0xb5b6, 0xb5b6, 0xb5b6, 0xbdd7, 0xc638, 0xc659, 0xce79, 0xce7a, 0xc659, 0xbdf7, 0xb5b6, 0xb5b6, 0xb5b6, 0xb5b6, 0xb5b6,
    0xb5b6, 0xb5b6, 0xb5b6, 0xb5b6, 0xb5b6, 0xb5b6, 0xb5b6, 0xb5b6, 0xb5b6, 0xb5b6, 0x0000, 0x0000, 0x0000, 0x0000, 0x9cd3, 0x9cd3,
    0x9cf3, 0xad55, 0xb596, 0xb5b6, 0xb5b6, 0xb5b6, 0xb5b6, 0xb5b6, 0xb5b6, 0xb5b6, 0xb5b6, 0xb5b6, 0xb5b6, 0xb5b6, 0xb5b6, 0xb5b6,
    0xb5b6, 0xb5b6, 0xb5b6, 0xb5b6, 0xb5b6, 0xb5b6, 0xb5b6, 0xb5b6, 0xb5b6, 0xb5b6, 0xb5b6, 0xb5b6, 0xb5b6, 0xb5b6, 0xb5b6, 0xb5b6,
    0xb5b6, 0xb5b6, 0xb5b6, 0xb5b6, 0xb5b6, 0xbdd7, 0xce7a, 0xcebb, 0xcebb, 0xcebb, 0xcebb, 0xcebb, 0xcebb, 0xcebb, 0xcebb, 0xc659,
    0xbdd7, 0xb5b6, 0xb5b6, 0xb5b6, 0xb5b6, 0xb5b6, 0xb5b6, 0xb5b6, 0xb5b6, 0xb5b6, 0xb5b6, 0xb5b6, 0xb596, 0x0000, 0x0000, 0x0000,
    0x0000, 0x9cd3, 0x9cd3, 0x9cd3, 0x9cd3, 0x9cd3, 0xa514, 0xad55, 0xb596, 0xb5b6, 0xb5b6, 0xb5b6, 0xb5b6, 0xb5b6, 0xb5b6, 0xb5b6,
    0xb5b6, 0xb5b6, 0xb5b6, 0xb5b6, 0xb5b6, 0xb5b6, 0xb5b6, 0xb5b6, 0xb5b6, 0xb5b6, 0xb5b6, 0xb5b6, 0xb5b6, 0xb5b6, 0xb5b6, 0xb5b6,
    0xb5b6, 0xb5b6, 0xb5b6, 0xb5b6, 0xb5b6, 0xb5b6, 0xb5b6, 0xc618, 0xcebb, 0xcebb, 0xcebb, 0xcebb, 0xcebb, 0xcebb, 0xcebb, 0xcebb,
    0xcebb, 0xcebb, 0xcebb, 0xcebb, 0xc659, 0xb5b6, 0xb5b6, 0xb5b6, 0xb5b6, 0xb5b6, 0xb5b6, 0xb5b6, 0xb5b6, 0xb596, 0xa534, 0x9cf3,
    0x0000, 0x0000, 0x0000, 0x0000, 0x9cd3, 0x9cd3, 0x9cd3, 0x9cd3, 0x9cd3, 0x9cd3, 0x9cd3, 0x9cd3, 0x9cd3, 0x9cf3, 0xa514, 0xa534,
    0xa534, 0xa534, 0xa534, 0xa534, 0xa514, 0xa514, 0xad75, 0xb5b6, 0xb5b6, 0xb5b6, 0xb5b6, 0xb5b6, 0xb5b6, 0xb5b6, 0xb5b6, 0xb5b6,
    0xb5b6, 0xb5b6, 0xb5b6, 0xb5b6, 0xb5b6, 0xb5b6, 0xb5b6, 0xb5b6, 0xb5b6, 0xc639, 0xcebb, 0xcebb, 0xcebb, 0xcebb, 0xcebb, 0xcebb,
    0xcebb, 0xcebb, 0xcebb, 0xcebb, 0xcebb, 0xcebb, 0xcebb, 0xcebb, 0xce7a, 0xa534, 0xad55, 0xad75, 0xad75, 0xad75, 0xad55, 0xa514,
    0x9cd3, 0x9cd3, 0x9cd3, 0x0000, 0x0000, 0x0000, 0x0000, 0x9cd3, 0x9cd3, 0x9cd3, 0x9cd3, 0x9cd3, 0x9cd3, 0x9cd3, 0x9cd3, 0x9cd3,
    0x9cd3, 0x9cd3, 0x9cd3, 0x9cd3, 0x9cd3, 0x9cd3, 0x9cd3, 0x9cd3, 0x9cd3, 0x9cd3, 0xad55, 0xb5b6, 0xb5b6, 0xb5b6, 0xb5b6, 0xb5b6,
    0xb5b6, 0xb5b6, 0xb5b6, 0xb5b6, 0xb5b6, 0xb5b6, 0xb5b6, 0xb5b6, 0xb5b6, 0xb596, 0xb5b6, 0xbe18, 0xcebb, 0xcebb, 0xcebb, 0xcebb,
    0xcebb, 0xcebb, 0xcebb, 0xcebb, 0xcebb, 0xcebb, 0xcebb, 0xcebb, 0xcebb, 0xcebb, 0xcebb, 0xcebb, 0xc659, 0x9cd3, 0x9cd3, 0x9cd3,
    0x9cd3, 0x9cd3, 0x9cd3, 0x9cd3, 0x9cd3, 0x9cd3, 0x0000, 0x0000, 0x0000, 0x0000, 0x0000, 0x9cd3, 0x9cd3, 0x9cd3, 0x9cd3, 0x9cd3,
    0x9cd3, 0x9cd3, 0x9cd3, 0x9cd3, 0x9cd3, 0x9cd3, 0x9cd3, 0x9cd3, 0x9cd3, 0x9cd3, 0x9cd3, 0x9cd3, 0x9cd3, 0x9cd3, 0x9cf3, 0xad75,
    0xb5b6, 0xb5b6, 0xb5b6, 0xb5b6, 0xb5b6, 0xb5b6, 0xb5b6, 0xb5b6, 0xb5b6, 0xb5b6, 0xb596, 0xa514, 0x9cd3, 0xad75, 0xceba, 0xcebb,
    0xcebb, 0xcebb, 0xcebb, 0xcebb, 0xcebb, 0xcebb, 0xcebb, 0xcebb, 0xcebb, 0xcebb, 0xcebb, 0xcebb, 0xcebb, 0xcebb, 0xcebb, 0xcebb,
    0xb5d7, 0x9cd3, 0x9cd3, 0x9cd3, 0x9cd3, 0x9cd3, 0x9cd3, 0x9cd3, 0x0000, 0x0000, 0x0000, 0x0000, 0x0000, 0x0000, 0x0000, 0x9cd3,
    0x9cd3, 0x9cd3, 0x9cd3, 0x9cd3, 0x9cd3, 0x9cd3, 0x9cd3, 0x9cd3, 0x9cd3, 0x9cd3, 0x9cd3, 0x9cd3, 0x9cd3, 0x9cd3, 0x9cd3, 0x9cd3,
    0x9cd3, 0x9cd3, 0x9cd3, 0x9cf3, 0xa534, 0xad75, 0xb596, 0xb5b6, 0xb5b6, 0xb5b6, 0xb596, 0xad55, 0xa514, 0x9cd3, 0x9cd3, 0x9cd3,
    0xbdf7, 0xcebb, 0xcebb, 0xcebb, 0xcebb, 0xcebb, 0xcebb, 0xcebb, 0xcebb, 0xcebb, 0xcebb, 0xcebb, 0xcebb, 0xcebb, 0xcebb, 0xcebb,
    0xcebb, 0xcebb, 0xcebb, 0xcebb, 0xa514, 0x9cd3, 0x9cd3, 0x9cd3, 0x9cd3, 0x9cd3, 0x9cd3, 0x0000, 0x0000, 0x0000, 0x0000, 0x0000,
    0x0000, 0x0000, 0x0000, 0x94b2, 0x9cd3, 0x9cd3, 0x9cd3, 0x9cd3, 0x9cd3, 0x9cd3, 0x9cd3, 0x9cd3, 0x9cd3, 0x9cd3, 0x9cd3, 0x9cd3,
    0x9cd3, 0x9cd3, 0x9cd3, 0x9cd3, 0x9cd3, 0x9cd3, 0x9cd3, 0x9cd3, 0x9cd3, 0x9cd3, 0x9cd3, 0x9cd3, 0x9cd3, 0x9cd3, 0x9cd3, 0x9cd3,
    0xa514, 0xa555, 0xa534, 0xce9a, 0xcebb, 0xcebb, 0xcebb, 0xcebb, 0xcebb, 0xcebb, 0xcebb, 0xcebb, 0xcebb, 0xcebb, 0xcebb, 0xcebb,
    0xcebb, 0xcebb, 0xcebb, 0xcebb, 0xcebb, 0xcebb, 0xcebb, 0xbdf7, 0x9cd3, 0x9cd3, 0x9cd3, 0x94b2, 0x9cd3, 0x0000, 0x0000, 0x0000,
    0x0000, 0x0000, 0x0000, 0x0000, 0x0000, 0x0000, 0x0000, 0x9cd3, 0x94b2, 0x9cd3, 0x9cd3, 0x9cd3, 0x9cd3, 0x9cd3, 0x9cd3, 0x9cd3,
    0x9cd3, 0x9cd3, 0x9cd3, 0x9cd3, 0x9cd3, 0x9cd3, 0x9cd3, 0x9cd3, 0x9cd3, 0x9cd3, 0x9cd3, 0x9cd3, 0x9cd3, 0x9cd3, 0x9cd3, 0x9cd3,
    0x9cf3, 0xbdf7, 0xce9a, 0xcebb, 0xcebb, 0xcebb, 0xcebb, 0xcebb, 0xcebb, 0xcebb, 0xcebb, 0xcebb, 0xcebb, 0xcebb, 0xcebb, 0xcebb,
    0xcebb, 0xcebb, 0xcebb, 0xcebb, 0xcebb, 0xcebb, 0xcebb, 0xcebb, 0xcebb, 0xcebb, 0xce9a, 0x9cd3, 0x9cd3, 0x94b2, 0x0000, 0x0000,
    0x0000, 0x0000, 0x0000, 0x0000, 0x0000, 0x0000, 0x0000, 0x0000, 0x0000, 0x0000, 0x0000, 0x0000, 0x0000, 0x0000, 0x94b2, 0x9cd3,
    0x9cd3, 0x9cd3, 0x9cd3, 0x9cd3, 0x9cd3, 0x94b2, 0x9cd3, 0x9cd3, 0x9cd3, 0x9cd3, 0x9cd3, 0x9cd3, 0x9cd3, 0x9cd3, 0x9cd3, 0x9cd3,
    0x9cd3, 0x9cd3, 0xa555, 0xce9a, 0xcebb, 0xcebb, 0xcebb, 0xcebb, 0xcebb, 0xcebb, 0xcebb, 0xcebb, 0xcebb, 0xcebb, 0xcebb, 0xcebb,
    0xcebb, 0xcebb, 0xcebb, 0xcebb, 0xcebb, 0xcebb, 0xcebb, 0xcebb, 0xcebb, 0xcebb, 0xcebb, 0xcebb, 0xcebb, 0xcebb, 0xcebb, 0x0000,
    0x0000, 0x0000, 0x0000, 0x0000, 0x0000, 0x0000, 0x0000, 0x0000, 0x0000, 0x0000, 0x0000, 0x0000, 0x0000, 0x0000, 0x0000, 0x0000,
    0x0000, 0x0000, 0x0000, 0x0000, 0x0000, 0x0000, 0x0000, 0x0000, 0x0000, 0x0000, 0x94b2, 0x9cd3, 0x9cd3, 0x9cd3, 0x9cd3, 0x9cd3,
    0x9cd3, 0x9cd3, 0x9cd3, 0x9cd3, 0xa534, 0xcebb, 0xcebb, 0xcebb, 0xcebb, 0xcebb, 0xcebb, 0xcebb, 0xcebb, 0xcebb, 0xcebb, 0xcebb,
    0xcebb, 0xcebb, 0xcebb, 0xcebb, 0xcebb, 0xcebb, 0xcebb, 0xcebb, 0xcebb, 0xcebb, 0xcebb, 0xcebb, 0xcebb, 0xcebb, 0xcebb, 0xcebb,
    0xcebb, 0xceba, 0x0000, 0x0000, 0x0000, 0x0000, 0x0000, 0x0000, 0x0000, 0x0000, 0x0000, 0x0000, 0x0000, 0x0000, 0x0000, 0x0000,
    0x0000, 0x0000, 0x0000, 0x0000, 0x0000, 0x0000, 0x0000, 0x0000, 0x0000, 0x0000, 0x0000, 0x0000, 0x0000, 0x0000, 0x9cd3, 0x94b2,
    0x9cd3, 0x9cd3, 0x9cd3, 0x9cd3, 0x9cd3, 0x9cd3, 0x9cd3, 0xc679, 0xcebb, 0xcebb, 0xcebb, 0xcebb, 0xcebb, 0xcebb, 0xcebb, 0xcebb,
    0xcebb, 0xcebb, 0xcebb, 0xcebb, 0xcebb, 0xcebb, 0xcebb, 0xcebb, 0xcebb, 0xcebb, 0xcebb, 0xcebb, 0xcebb, 0xcebb, 0xcebb, 0xcebb,
    0xcebb, 0xcebb, 0xcebb, 0xcebb, 0xcebb, 0x0000, 0x0000, 0x0000, 0x0000, 0x0000, 0x0000, 0x0000, 0x0000, 0x0000, 0x0000, 0x0000,
    0x0000, 0x0000, 0x0000, 0x0000, 0x0000, 0x0000, 0x0000, 0x0000, 0x0000, 0x0000, 0x0000, 0x0000, 0x0000, 0x0000, 0x0000, 0x0000,
    0x0000, 0x0000, 0x0000, 0x0000, 0x9cd3, 0x9cd3, 0x9cd3, 0x9cd3, 0x9cd3, 0xb596, 0xcebb, 0xcebb, 0xcebb, 0xcebb, 0xcebb, 0xcebb,
    0xcebb, 0xcebb, 0xcebb, 0xcebb, 0xcebb, 0xcebb, 0xcebb, 0xcebb, 0xcebb, 0xcebb, 0xcebb, 0xcebb, 0xcebb, 0xcebb, 0xcebb, 0xcebb,
    0xcebb, 0xcebb, 0xcebb, 0xcebb, 0xcebb, 0xcebb, 0xcebb, 0xcebb, 0x0000, 0x0000, 0x0000, 0x0000, 0x0000, 0x0000, 0x0000, 0x0000,
    0x0000, 0x0000, 0x0000, 0x0000, 0x0000, 0x0000, 0x0000, 0x0000, 0x0000, 0x0000, 0x0000, 0x0000, 0x0000, 0x0000, 0x0000, 0x0000,
    0x0000, 0x0000, 0x0000, 0x0000, 0x0000, 0x0000, 0x0000, 0x0000, 0x0000, 0x0000, 0x0000, 0x0000, 0xcebb, 0xcebb, 0xcebb, 0xcebb,
    0xcebb, 0xcebb, 0xcebb, 0xcebb, 0xcebb, 0xcebb, 0xcebb, 0xcebb, 0xcebb, 0xcebb, 0xcebb, 0xcebb, 0xcebb, 0xcebb, 0xcebb, 0xcebb,
    0xcebb, 0xcebb, 0xcebb, 0xcebb, 0xcebb, 0xcebb, 0xcebb, 0xcebb, 0xcebb, 0xcebb, 0xcebb, 0x0000, 0x0000, 0x0000, 0x0000, 0x0000,
    0x0000, 0x0000, 0x0000, 0x0000, 0x0000, 0x0000, 0x0000, 0x0000, 0x0000, 0x0000, 0x0000, 0x0000, 0x0000, 0x0000, 0x0000, 0x0000,
    0x0000, 0x0000, 0x0000, 0x0000, 0x0000, 0x0000, 0x0000, 0x0000, 0x0000, 0x0000, 0x0000, 0x0000, 0xd6bc, 0xd6db, 0xcebb, 0xcebb,
    0xcebb, 0xcebb, 0xcebb, 0xcebb, 0xcebb, 0xcebb, 0xcebb, 0xcebb, 0xcebb, 0xcebb, 0xcebb, 0xcebb, 0xcebb, 0xcebb, 0xcebb, 0xcebb,
    0xcebb, 0xcebb, 0xcebb, 0xcebb, 0xcebb, 0xcebb, 0xcebb, 0xcebb, 0xcebb, 0xcebb, 0xcebb, 0xcebb, 0xcebb, 0xcebb, 0xcebb, 0xd6db,
    0x0000, 0x0000, 0x0000, 0x0000, 0x0000, 0x0000, 0x0000, 0x0000, 0x0000, 0x0000, 0x0000, 0x0000, 0x0000, 0x0000, 0x0000, 0x0000,
    0x0000, 0x0000, 0x0000, 0x0000, 0x0000, 0x0000, 0x0000, 0x0000, 0x0000, 0x0000, 0x0000, 0x0000, 0x0000, 0xcebb, 0xcebb, 0xcebb,
    0xcebb, 0xcebb, 0xcebb, 0xcebb, 0xcebb, 0xcebb, 0xcebb, 0xcebb, 0xcebb, 0xcebb, 0xcebb, 0xcebb, 0xcebb, 0xcebb, 0xcebb, 0xcebb,
    0xcebb, 0xcebb, 0xcebb, 0xcebb, 0xcebb, 0xcebb, 0xcebb, 0xcebb, 0xcebb, 0xcebb, 0xcebb, 0xcebb, 0xcebb, 0xcebb, 0xcebb, 0xcebb,
    0xcebb, 0xcebb, 0xcebb, 0xcebb, 0xcedb, 0x0000, 0x0000, 0x0000, 0x0000, 0x0000, 0x0000, 0x0000, 0x0000, 0x0000, 0x0000, 0x0000,
    0x0000, 0x0000, 0x0000, 0x0000, 0x0000, 0x0000, 0x0000, 0x0000, 0x0000, 0x0000, 0x0000, 0x0000, 0x0000, 0x0000, 0xdefb, 0xcebb,
    0xcebb, 0xcebb, 0xcebb, 0xcebb, 0xcebb, 0xcebb, 0xcebb, 0xcebb, 0xcebb, 0xcebb, 0xcebb, 0xcebb, 0xcebb, 0xcebb, 0xcebb, 0xcebb,
    0xcebb, 0xcebb, 0xcebb, 0xcebb, 0xcebb, 0xcebb, 0xcebb, 0xcebb, 0xcebb, 0xcebb, 0xcebb, 0xcebb, 0xcebb, 0xcebb, 0xcebb, 0xcebb,
    0xcebb, 0xcebb, 0xcebb, 0xcebb, 0xcebb, 0xcebb, 0xcebb, 0xcebb, 0xcedb, 0x0000, 0x0000, 0x0000, 0x0000, 0x0000, 0x0000, 0x0000,
    0x0000, 0x0000, 0x0000, 0x0000, 0x0000, 0x0000, 0x0000, 0x0000, 0x0000, 0x0000, 0x0000, 0x0000, 0x0000, 0x0000, 0x0000, 0x0000,
    0x0000, 0xcebb, 0xcebb, 0xcebb, 0xcebb, 0xcebb, 0xcebb, 0xcebb, 0xcebb, 0xcebb, 0xcebb, 0xcebb, 0xcebb, 0xcebb, 0xcebb, 0xcebb,
    0xcebb, 0xcebb, 0xcebb, 0xcebb, 0xcebb, 0xcebb, 0xcebb, 0xcebb, 0xcebb, 0xcebb, 0xcebb, 0xcebb, 0xcebb, 0xcebb, 0xcebb, 0xcebb,
    0xcebb, 0xcebb, 0xcebb, 0xcebb, 0xcebb, 0xcebb, 0xcebb, 0xcebb, 0xcebb, 0xcebb, 0xcebb, 0xcebb, 0x0000, 0x0000, 0x0000, 0x0000,
    0x0000, 0x0000, 0x0000, 0x0000, 0x0000, 0x0000, 0x0000, 0x0000, 0x0000, 0x0000, 0x0000, 0x0000, 0x0000, 0x0000, 0x0000, 0x0000,
    0x0000, 0x0000, 0x0000, 0xcefb, 0xcebb, 0xcebb, 0xcebb, 0xcebb, 0xcebb, 0xcebb, 0xcebb, 0xcebb, 0xcebb, 0xcebb, 0xcebb, 0xcebb,
    0xcebb, 0xcebb, 0xcebb, 0xcebb, 0xcebb, 0xcebb, 0xcebb, 0xcebb, 0xcebb, 0xcebb, 0xcebb, 0xcebb, 0xcebb, 0xcebb, 0xcebb, 0xcebb,
    0xcebb, 0xcebb, 0xcebb, 0xcebb, 0xcebb, 0xcebb, 0xcebb, 0xcebb, 0xcebb, 0xcebb, 0xcebb, 0xcebb, 0xcebb, 0xcebb, 0xcebb, 0xceba,
    0x0000, 0x0000, 0x0000, 0x0000, 0x0000, 0x0000, 0x0000, 0x0000, 0x0000, 0x0000, 0x0000, 0x0000, 0x0000, 0x0000, 0x0000, 0x0000,
    0x0000, 0x0000, 0x0000, 0x0000, 0x0000, 0x0000, 0xc659, 0xc679, 0xcebb, 0xcebb, 0xcebb, 0xcebb, 0xcebb, 0xcebb, 0xcebb, 0xcebb,
    0xceba, 0xc659, 0xc67a, 0xcebb, 0xcebb, 0xcebb, 0xcebb, 0xcebb, 0xcebb, 0xcebb, 0xcebb, 0xcebb, 0xcebb, 0xcebb, 0xcebb, 0xcebb,
    0xcebb, 0xcebb, 0xcebb, 0xcebb, 0xcebb, 0xcebb, 0xcebb, 0xcebb, 0xcebb, 0xcebb, 0xceba, 0xcebb, 0xcebb, 0xcebb, 0xcebb, 0xcebb,
    0xcebb, 0xcebb, 0xcebb, 0x0000, 0x0000, 0x0000, 0x0000, 0x0000, 0x0000, 0x0000, 0x0000, 0x0000, 0x0000, 0x0000, 0x0000, 0x0000,
    0x0000, 0x0000, 0x0000, 0x0000, 0x0000, 0x0000, 0x0000, 0x0000, 0x0000, 0xbe18, 0xadd7, 0xb5d7, 0xbe18, 0xbe39, 0xbe59, 0xbe59,
    0xbe59, 0xbe38, 0xb5f8, 0xadd7, 0xadd7, 0xadd7, 0xb5f7, 0xbe39, 0xc659, 0xce9a, 0xce9a, 0xcebb, 0xcebb, 0xcebb, 0xcebb, 0xcebb,
    0xcebb, 0xcebb, 0xcebb, 0xcebb, 0xcebb, 0xcebb, 0xcebb, 0xcebb, 0xceba, 0xce9a, 0xc679, 0xbe39, 0xb5f8, 0xadd7, 0xb618, 0xc679,
    0xce9a, 0xcebb, 0xcebb, 0xcebb, 0xcebb, 0xcebb, 0x0000, 0x0000, 0x0000, 0x0000, 0x0000, 0x0000, 0x0000, 0x0000, 0x0000, 0x0000,
    0x0000, 0x0000, 0x0000, 0x0000, 0x0000, 0x0000, 0x0000, 0x0000, 0x0000, 0x0000, 0x0000, 0x0000, 0xb5d7, 0xadd7, 0xadd7, 0xadd7,
    0xadd7, 0xadd7, 0xadd7, 0xadd7, 0xadd7, 0xadd7, 0xadd7, 0xadd7, 0xadd7, 0xadd7, 0xadd7, 0xadd7, 0xadd7, 0xadd7, 0xadd7, 0xb5d7,
    0xb5f8, 0xbe18, 0xbe38, 0xbe39, 0xbe38, 0xb618, 0xb618, 0xb618, 0xb618, 0xb5f8, 0xadd7, 0xadd7, 0xadd7, 0xadd7, 0xadd7, 0xadd7,
    0xadd7, 0xadd7, 0xadd7, 0xadd7, 0xadd7, 0xb5d7, 0xb618, 0xb5f8, 0xb5d7, 0x0000, 0x0000, 0x0000, 0x0000, 0x0000, 0x0000, 0x0000,
    0x0000, 0x0000, 0x0000, 0x0000, 0x0000, 0x0000, 0x0000, 0x0000, 0x0000, 0x0000, 0x0000, 0x0000, 0x0000, 0x0000, 0x0000, 0x0000,
    0xadd7, 0xadd7, 0xadd7, 0xadd7, 0xadd7, 0xadd7, 0xadd7, 0xadd7, 0xadd7, 0xadd7, 0xadd7, 0xadd7, 0xadd7, 0xadd7, 0xadd7, 0xadd7,
    0xadd7, 0xadd7, 0xadd7, 0xadd7, 0xadd7, 0xadd7, 0xadd7, 0xadd7, 0xadd7, 0xadd7, 0xadd7, 0xadd7, 0xadd7, 0xadd7, 0xadd7, 0xadd7,
    0xadd7, 0xadd7, 0xadd7, 0xadd7, 0xadd7, 0xadd7, 0xadd7, 0xadd7, 0xadd7, 0xadd7, 0xadd7, 0xadd7, 0x0000, 0x0000, 0x0000, 0x0000,
    0x0000, 0x0000, 0x0000, 0x0000, 0x0000, 0x0000, 0x0000, 0x0000, 0x0000, 0x0000, 0x0000, 0x0000, 0x0000, 0x0000, 0x0000, 0x0000,
    0x0000, 0x0000, 0x0000, 0xb599, 0xadd7, 0xadd7, 0xadd7, 0xadd7, 0xadd7, 0xadd7, 0xadd7, 0xadd7, 0xadd7, 0xadd7, 0xadd7, 0xadd7,
    0xadd7, 0xadd7, 0xadd7, 0xadd7, 0xadd7, 0xadd7, 0xadd7, 0xadd7, 0xadd7, 0xadd7, 0xadd7, 0xadd7, 0xadd7, 0xadd7, 0xadd7, 0xadd7,
    0xadd7, 0xadd7, 0xadd7, 0xadd7, 0xadd7, 0xadd7, 0xadd7, 0xadd7, 0xadd7, 0xadd7, 0xadd7, 0xadd7, 0xadd7, 0xadb7, 0x0000, 0x0000,
    0x0000, 0x0000, 0x0000, 0x0000, 0x0000, 0x0000, 0x0000, 0x0000, 0x0000, 0x0000, 0x0000, 0x0000, 0x0000, 0x0000, 0x0000, 0x0000,
    0x0000, 0x0000, 0x0000, 0x0000, 0x0000, 0x0000, 0x0000, 0x0000, 0xadb7, 0xadd7, 0xadd7, 0xadd7, 0xadd7, 0xadd7, 0xadd7, 0xadd7,
    0xadd7, 0xadd7, 0xadd7, 0xadd7, 0xadd7, 0xadd7, 0xadd7, 0xadd7, 0xadd7, 0xadd7, 0xadd7, 0xadd7, 0xadd7, 0xadd7, 0xadd7, 0xadd7,
    0xadd7, 0xadd7, 0xadd7, 0xadd7, 0xadd7, 0xadd7, 0xadd7, 0xadd7, 0xadd7, 0xadd7, 0xadd7, 0xadd7, 0xadd7, 0xadb7, 0xadd7, 0xadb8,
    0x0000, 0x0000, 0x0000, 0x0000, 0x0000, 0x0000, 0x0000, 0x0000, 0x0000, 0x0000, 0x0000, 0x0000, 0x0000, 0x0000, 0x0000, 0x0000,
    0x0000, 0x0000, 0x0000, 0x0000, 0x0000, 0x0000, 0x0000, 0x0000, 0x0000, 0x0000, 0x0000, 0x0000, 0x0000, 0x0000, 0x0000, 0x0000,
    0x0000, 0x0000, 0x0000, 0x0000, 0x0000, 0x0000, 0x0000, 0x0000, 0x0000, 0x0000, 0x0000, 0x0000, 0x0000, 0x0000, 0x0000, 0x0000,
    0x0000, 0x0000, 0x0000, 0x0000, 0x0000, 0x0000, 0x0000, 0x0000, 0x0000, 0x0000, 0x0000, 0x0000, 0x0000, 0x0000, 0x0000, 0x0000,
    0x0000, 0x0000, 0x0000, 0x0000, 0x0000, 0x0000, 0x0000, 0x0000, 0x0000, 0x0000, 0x0000, 0x0000, 0x0000, 0x0000, 0x0000, 0x0000,
    0x0000, 0x0000, 0x0000, 0x0000, 0x0000, 0x0000, 0x0000, 0x0000, 0x0000, 0x0000, 0x0000, 0x0000, 0x0000, 0x0000, 0x0000, 0x0000,
    0x0000, 0x0000, 0x0000, 0x0000, 0x0000, 0x0000, 0x0000, 0x0000, 0x0000, 0x0000, 0x0000, 0x0000, 0x0000, 0x0000, 0x0000, 0x0000,
    0x0000, 0x0000, 0x0000, 0x0000, 0x0000, 0x0000, 0x0000, 0x0000, 0x0000, 0x0000, 0x0000, 0x0000, 0x0000, 0x0000, 0x0000, 0x0000,
    0x0000, 0x0000, 0x0000, 0x0000, 0x0000, 0x0000, 0x0000, 0x0000, 0x0000, 0x0000, 0x0000, 0x0000, 0x0000, 0x0000, 0x0000, 0x0000,
    0x0000, 0x0000, 0x0000, 0x0000, 0x0000, 0x0000, 0x0000, 0x0000, 0x0000, 0x0000, 0x0000, 0x0000, 0x0000, 0x0000, 0x0000, 0x0000,
    0x0000, 0x0000, 0x0000, 0x0000, 0x0000, 0x0000, 0x0000, 0x0000, 0x0000, 0x0000, 0x0000, 0x0000, 0x0000, 0x0000, 0x0000, 0x0000,
    0x0000, 0x0000, 0x0000, 0x0000, 0x0000, 0x0000, 0x0000, 0x0000, 0x0000, 0x0000, 0x0000, 0x0000, 0x0000, 0x0000, 0x0000, 0x0000,
    0x0000, 0x0000, 0x0000, 0x0000, 0x0000, 0x0000, 0x0000, 0x0000, 0x0000, 0x0000, 0x0000, 0x0000, 0x0000, 0x0000, 0x0000, 0x0000,
    0x0000, 0x0000, 0x0000, 0x0000, 0x0000, 0x0000, 0x0000, 0x0000, 0x0000, 0x0000, 0x0000, 0x0000, 0x0000, 0x0000, 0x0000, 0x0000,
    0x0000, 0x0000, 0x0000, 0x0000, 0x0000, 0x0000, 0x0000, 0x0000, 0x0000, 0x0000, 0x0000, 0x0000, 0x0000, 0x0000, 0x0000, 0x0000,
    0x0000, 0x0000, 0x0000, 0x0000, 0x0000, 0x0000, 0x0000, 0x0000, 0x0000, 0x0000, 0x0000, 0x0000, 0x0000, 0x0000, 0x0000, 0x0000,
    0x0000, 0x0000, 0x0000, 0x0000, 0x0000, 0x0000, 0x0000, 0x0000, 0x0000, 0x0000, 0x0000, 0x0000, 0x0000, 0x0000, 0x0000, 0x0000,
    0x0000, 0x0000, 0x0000, 0x0000, 0x0000, 0x0000, 0x0000, 0x0000, 0x0000, 0x0000, 0x0000, 0x0000, 0x0000, 0x0000, 0x0000, 0x0000,
    0x0000, 0x0000, 0x0000, 0x0000, 0x0000, 0x0000, 0x0000, 0x0000, 0x0000, 0x0000, 0x0000, 0x0000, 0x0000, 0x0000, 0x0000, 0x0000,
    0x0000, 0x0000, 0x0000, 0x0000, 0x0000, 0x0000, 0x0000, 0x0000, 0x0000, 0x0000, 0x0000, 0x0000, 0x0000, 0x0000, 0x0000, 0x0000,
    0x0000, 0x0000, 0x0000, 0x0000, 0x0000, 0x0000, 0x0000, 0x0000, 0x0000, 0x0000, 0x0000, 0x0000, 0x0000, 0x0000, 0x0000, 0x0000,
    0x0000, 0x0000, 0x0000, 0x0000, 0x0000, 0x0000, 0x0000, 0x0000, 0x0000, 0x0000, 0x0000, 0x0000, 0x0000, 0x0000, 0x0000, 0x0000,
    0x0000, 0x0000, 0x0000, 0x0000, 0x0000, 0x0000, 0x0000, 0x0000, 0x0000, 0x0000, 0x0000, 0x0000, 0x0000, 0x0000, 0x0000, 0x0000,
    0x0000, 0x0000, 0x0000, 0x0000, 0x0000, 0x0000, 0x0000, 0x0000, 0x0000, 0x0000, 0x0000, 0x0000, 0x0000, 0x0000, 0x0000, 0x0000,
    0x0000, 0x0000, 0x0000, 0x0000, 0x0000, 0x0000, 0x0000, 0x0000, 0x0000, 0x0000, 0x0000, 0x0000, 0x0000, 0x0000, 0x0000, 0x0000,
    0x0000, 0x0000, 0x0000, 0x0000, 0x0000, 0x0000, 0x0000, 0x0000, 0x0000, 0x0000, 0x0000, 0x0000, 0x0000, 0x0000, 0x0000, 0x0000,
    0x0000, 0x0000, 0x0000, 0x0000, 0x0000, 0x0000, 0x0000, 0x0000, 0x0000, 0x0000, 0x0000, 0x0000, 0x0000, 0x0000, 0x0000, 0x0000,
    0x0000, 0x0000, 0x0000, 0x0000, 0x0000, 0x0000, 0x0000, 0x0000, 0x0000, 0x0000, 0x0000, 0x0000, 0x0000, 0x0000, 0x0000, 0x0000,
    0x0000, 0x0000, 0x0000, 0x0000, 0x0000, 0x0000, 0x0000, 0x0000, 0x0000, 0x0000, 0x0000, 0x0000, 0x0000, 0x0000, 0x0000, 0x0000,
    0x0000, 0x0000, 0x0000, 0x0000, 0x0000, 0x0000, 0x0000, 0x0000, 0x0000};
// 'few-clouds-n', 67x67px
const uint16_t weather_few_clouds_n[] PROGMEM = {
    0x0000, 0x0000, 0x0000, 0x0000, 0x0000, 0x0000, 0x0000, 0x0000, 0x0000, 0x0000, 0x0000, 0x0000, 0x0000, 0x0000, 0x0000, 0x0000,
    0x0000, 0x0000, 0x0000, 0x0000, 0x0000, 0x0000, 0x0000, 0x0000, 0x0000, 0x0000, 0x0000, 0x0000, 0x0000, 0x0000, 0x0000, 0x0000,
    0x0000, 0x0000, 0x0000, 0x0000, 0x0000, 0x0000, 0x0000, 0x0000, 0x0000, 0x0000, 0x0000, 0x0000, 0x0000, 0x0000, 0x0000, 0x0000,
    0x0000, 0x0000, 0x0000, 0x0000, 0x0000, 0x0000, 0x0000, 0x0000, 0x0000, 0x0000, 0x0000, 0x0000, 0x0000, 0x0000, 0x0000, 0x0000,
    0x0000, 0x0000, 0x0000, 0x0000, 0x0000, 0x0000, 0x0000, 0x0000, 0x0000, 0x0000, 0x0000, 0x0000, 0x0000, 0x0000, 0x0000, 0x0000,
    0x0000, 0x0000, 0x0000, 0x0000, 0x0000, 0x0000, 0x0000, 0x0000, 0x0000, 0x0000, 0x0000, 0x0000, 0x0000, 0x0000, 0x0000, 0x0000,
    0x0000, 0x0000, 0x0000, 0x0000, 0x0000, 0x0000, 0x0000, 0x0000, 0x0000, 0x0000, 0x0000, 0x0000, 0x0000, 0x0000, 0x0000, 0x0000,
    0x0000, 0x0000, 0x0000, 0x0000, 0x0000, 0x0000, 0x0000, 0x0000, 0x0000, 0x0000, 0x0000, 0x0000, 0x0000, 0x0000, 0x0000, 0x0000,
    0x0000, 0x0000, 0x0000, 0x0000, 0x0000, 0x0000, 0x0000, 0x0000, 0x0000, 0x0000, 0x0000, 0x0000, 0x0000, 0x0000, 0x0000, 0x0000,
    0x0000, 0x0000, 0x0000, 0x0000, 0x0000, 0x0000, 0x0000, 0x0000, 0x0000, 0x0000, 0x0000, 0x0000, 0x0000, 0x0000, 0x0000, 0x0000,
    0x0000, 0x0000, 0x0000, 0x0000, 0x0000, 0x0000, 0x0000, 0x0000, 0x0000, 0x0000, 0x0000, 0x0000, 0x0000, 0x0000, 0x0000, 0x0000,
    0x0000, 0x0000, 0x0000, 0x0000, 0x0000, 0x0000, 0x0000, 0x0000, 0x0000, 0x0000, 0x0000, 0x0000, 0x0000, 0x0000, 0x0000, 0x0000,
    0x0000, 0x0000, 0x0000, 0x0000, 0x0000, 0x0000, 0x0000, 0x0000, 0x0000, 0x0000, 0x0000, 0x0000, 0x0000, 0x0000, 0x0000, 0x0000,
    0x0000, 0x0000, 0x0000, 0x0000, 0x0000, 0x0000, 0x0000, 0x0000, 0x0000, 0x0000, 0x0000, 0x0000, 0x0000, 0x0000, 0x0000, 0x0000,
    0x0000, 0x0000, 0x0000, 0x0000, 0x0000, 0x0000, 0x0000, 0x0000, 0x0000, 0x0000, 0x0000, 0x0000, 0x0000, 0x0000, 0x0000, 0x0000,
    0x0000, 0x0000, 0x0000, 0x0000, 0x0000, 0x0000, 0x0000, 0x0000, 0x0000, 0x0000, 0x0000, 0x0000, 0x0000, 0x0000, 0x0000, 0x0000,
    0x0000, 0x0000, 0x0000, 0x0000, 0x0000, 0x0000, 0x0000, 0x0000, 0x0000, 0x0000, 0x0000, 0x0000, 0x0000, 0x0000, 0x0000, 0x0000,
    0x0000, 0x0000, 0x0000, 0x0000, 0x0000, 0x0000, 0x0000, 0x0000, 0x0000, 0x0000, 0x0000, 0x0000, 0x0000, 0x0000, 0x0000, 0x0000,
    0x0000, 0x0000, 0x0000, 0x0000, 0x0000, 0x0000, 0x0000, 0x0000, 0x0000, 0x0000, 0x0000, 0x0000, 0x0000, 0x0000, 0x0000, 0x0000,
    0x0000, 0x0000, 0x0000, 0x0000, 0x0000, 0x0000, 0x0000, 0x0000, 0x0000, 0x0000, 0x0000, 0x0000, 0x0000, 0x0000, 0x0000, 0x0000,
    0x0000, 0x0000, 0x0000, 0x0000, 0x0000, 0x0000, 0x0000, 0x0000, 0x0000, 0x0000, 0x0000, 0x0000, 0x0000, 0x0000, 0x0000, 0x0000,
    0x0000, 0x0000, 0x0000, 0x0000, 0x0000, 0x0000, 0x0000, 0x0000, 0x0000, 0x0000, 0x0000, 0x0000, 0x0000, 0x0000, 0x0000, 0x0000,
    0x0000, 0x0000, 0x0000, 0x0000, 0x0000, 0x0000, 0x0000, 0x0000, 0x0000, 0x0000, 0x0000, 0x0000, 0x0000, 0x0000, 0x0000, 0x0000,
    0x0000, 0x0000, 0x0000, 0x0000, 0x0000, 0x0000, 0x0000, 0x0000, 0x0000, 0x0000, 0x0000, 0x0000, 0x0000, 0x0000, 0x0000, 0x0000,
    0x0000, 0x0000, 0x0000, 0x0000, 0x0000, 0x0000, 0x0000, 0x0000, 0x0000, 0x0000, 0x0000, 0x0000, 0x0000, 0x0000, 0x0000, 0x0000,
    0x0000, 0x0000, 0x0000, 0x0000, 0x0000, 0x0000, 0x0000, 0x0000, 0x0000, 0x0000, 0x0000, 0x0000, 0x0000, 0x0000, 0x0000, 0x0000,
    0x0000, 0x0000, 0x0000, 0x0000, 0x0000, 0x0000, 0x19e8, 0x2209, 0x21e9, 0x21e9, 0x21e9, 0x21e9, 0x21e9, 0x21e9, 0x1989, 0x0000,
    0x0000, 0x0000, 0x0000, 0x0000, 0x0000, 0x0000, 0x0000, 0x0000, 0x0000, 0x0000, 0x0000, 0x0000, 0x0000, 0x0000, 0x0000, 0x0000,
    0x0000, 0x0000, 0x0000, 0x0000, 0x0000, 0x0000, 0x0000, 0x0000, 0x0000, 0x0000, 0x0000, 0x0000, 0x0000, 0x0000, 0x0000, 0x0000,
    0x0000, 0x0000, 0x0000, 0x0000, 0x0000, 0x0000, 0x0000, 0x0000, 0x0000, 0x0000, 0x0000, 0x0000, 0x0000, 0x0000, 0x0000, 0x0000,
    0x0000, 0x0000, 0x0000, 0x0000, 0x0000, 0x1228, 0x2209, 0x21e9, 0x19c8, 0x19a7, 0x1987, 0x1987, 0x19a8, 0x21e9, 0x2209, 0x2209,
    0x2209, 0x2209, 0x2209, 0x21e9, 0x19e9, 0x0000, 0x0000, 0x0000, 0x0000, 0x0000, 0x0000, 0x0000, 0x0000, 0x0000, 0x0000, 0x0000,
    0x0000, 0x0000, 0x0000, 0x0000, 0x0000, 0x0000, 0x0000, 0x0000, 0x0000, 0x0000, 0x0000, 0x0000, 0x0000, 0x0000, 0x0000, 0x0000,
    0x0000, 0x0000, 0x0000, 0x0000, 0x0000, 0x0000, 0x0000, 0x0000, 0x0000, 0x0000, 0x0000, 0x0000, 0x0000, 0x0000, 0x0000, 0x0000,
    0x0000, 0x0000, 0x0000, 0x0000, 0x0000, 0x0000, 0x21e9, 0x2209, 0x21e9, 0x2209, 0x21e9, 0x1966, 0x1966, 0x1966, 0x1966, 0x1987,
    0x21e9, 0x2209, 0x2209, 0x2209, 0x21e9, 0x1987, 0x19a7, 0x21e8, 0x2209, 0x21e9, 0x19c8, 0x0000, 0x0000, 0x0000, 0x0000, 0x0000,
    0x0000, 0x0000, 0x0000, 0x0000, 0x0000, 0x0000, 0x0000, 0x0000, 0x0000, 0x0000, 0x0000, 0x0000, 0x0000, 0x0000, 0x0000, 0x0000,
    0x0000, 0x0000, 0x0000, 0x0000, 0x0000, 0x0000, 0x0000, 0x0000, 0x0000, 0x0000, 0x0000, 0x0000, 0x0000, 0x0000, 0x0000, 0x0000,
    0x0000, 0x0000, 0x0000, 0x0000, 0x0000, 0x0000, 0x0000, 0x19e9, 0x21e9, 0x21c8, 0x19a8, 0x19c8, 0x2209, 0x2209, 0x2209, 0x21e9,
    0x21c8, 0x21e9, 0x2209, 0x2209, 0x2209, 0x2209, 0x2209, 0x2209, 0x21e9, 0x19a7, 0x1966, 0x21e8, 0x2209, 0x2209, 0x2209, 0x0000,
    0x0000, 0x0000, 0x0000, 0x0000, 0x0000, 0x0000, 0x0000, 0x0000, 0x0000, 0x0000, 0x0000, 0x0000, 0x0000, 0x0000, 0x0000, 0x0000,
    0x0000, 0x0000, 0x0000, 0x0000, 0x0000, 0x0000, 0x0000, 0x0000, 0x0000, 0x0000, 0x0000, 0x0000, 0x0000, 0x0000, 0x0000, 0x0000,
    0x0000, 0x0000, 0x0000, 0x0000, 0x0000, 0x0000, 0x0000, 0x0000, 0x0000, 0x19c8, 0x19c8, 0x1987, 0x1966, 0x19a7, 0x21e9, 0x2209,
    0x21e8, 0x19c8, 0x19a8, 0x19c8, 0x21e9, 0x2209, 0x2209, 0x2209, 0x2209, 0x2209, 0x21e9, 0x21c8, 0x21e9, 0x2209, 0x2209, 0x2209,
    0x2209, 0x2209, 0x2209, 0x2228, 0x0000, 0x0000, 0x0000, 0x0000, 0x0000, 0x0000, 0x0000, 0x0000, 0x0000, 0x0000, 0x0000, 0x0000,
    0x0000, 0x0000, 0x0000, 0x0000, 0x0000, 0x0000, 0x0000, 0x0000, 0x0000, 0x0000, 0x0000, 0x0000, 0x0000, 0x0000, 0x0000, 0x0000,
    0x0000, 0x0000, 0x0000, 0x0000, 0x0000, 0x0000, 0x0000, 0x0000, 0x0000, 0x0000, 0x02aa, 0x19e8, 0x1987, 0x1966, 0x19c8, 0x2209,
    0x2209, 0x21e9, 0x1987, 0x1966, 0x1966, 0x1966, 0x1966, 0x1966, 0x19c8, 0x2209, 0x2209, 0x21e9, 0x1987, 0x1966, 0x1966, 0x1966,
    0x19c8, 0x2209, 0x2209, 0x2209, 0x2209, 0x2209, 0x21e9, 0x19e9, 0x0000, 0x0000, 0x0000, 0x0000, 0x0000, 0x0000, 0x0000, 0x0000,
    0x0000, 0x0000, 0x0000, 0x0000, 0x0000, 0x0000, 0x0000, 0x0000, 0x0000, 0x0000, 0x0000, 0x0000, 0x0000, 0x0000, 0x0000, 0x0000,
    0x0000, 0x0000, 0x0000, 0x0000, 0x0000, 0x0000, 0x0000, 0x0000, 0x0000, 0x0000, 0x0000, 0x0000, 0x11c9, 0x2209, 0x19a7, 0x1986,
    0x19c8, 0x21e9, 0x19c8, 0x19a8, 0x1966, 0x1966, 0x1966, 0x1966, 0x1966, 0x1966, 0x1966, 0x1987, 0x2209, 0x2209, 0x19a7, 0x1966,
    0x1966, 0x1966, 0x1966, 0x1966, 0x19c8, 0x2209, 0x2209, 0x2209, 0x2209, 0x2209, 0x21e9, 0x21e9, 0x0000, 0x0000, 0x0000, 0x0000,
    0x0000, 0x0000, 0x0000, 0x0000, 0x0000, 0x0000, 0x0000, 0x0000, 0x0000, 0x0000, 0x0000, 0x0000, 0x0000, 0x0000, 0x0000, 0x0000,
    0x0000, 0x0000, 0x0000, 0x0000, 0x0000, 0x0000, 0x0000, 0x0000, 0x0000, 0x0000, 0x0000, 0x0000, 0x0000, 0x0000, 0x0000, 0x19e9,
    0x19a8, 0x1987, 0x21e9, 0x19a8, 0x1966, 0x1966, 0x1966, 0x1966, 0x1966, 0x1966, 0x1966, 0x1966, 0x1966, 0x1966, 0x19c8, 0x2209,
    0x2209, 0x1987, 0x1966, 0x1966, 0x1966, 0x1966, 0x1966, 0x1966, 0x21e8, 0x2209, 0x2209, 0x2209, 0x2209, 0x2209, 0x21e9, 0x21e9,
    0x0000, 0x0000, 0x0000, 0x0000, 0x0000, 0x0000, 0x0000, 0x0000, 0x0000, 0x0000, 0x0000, 0x0000, 0x0000, 0x0000, 0x0000, 0x0000,
    0x0000, 0x0000, 0x0000, 0x0000, 0x0000, 0x0000, 0x0000, 0x0000, 0x0000, 0x0000, 0x0000, 0x0000, 0x0000, 0x0000, 0x0000, 0x0000,
    0x0000, 0x19a8, 0x1966, 0x1966, 0x21e9, 0x21e9, 0x1966, 0x1966, 0x1966, 0x1966, 0x1966, 0x1966, 0x1966, 0x1966, 0x1966, 0x1966,
    0x19a7, 0x21e9, 0x2209, 0x2209, 0x19a7, 0x1966, 0x1966, 0x1966, 0x1966, 0x1966, 0x1966, 0x1986, 0x19a8, 0x19a7, 0x1987, 0x19a7,
    0x19c8, 0x21e9, 0x21e9, 0x19e9, 0x0000, 0x0000, 0x0000, 0x0000, 0x0000, 0x0000, 0x0000, 0x0000, 0x0000, 0x0000, 0x0000, 0x0000,
    0x0000, 0x0000, 0x0000, 0x0000, 0x0000, 0x0000, 0x0000, 0x0000, 0x0000, 0x0000, 0x0000, 0x0000, 0x0000, 0x0000, 0x0000, 0x0000,
    0x0000, 0x0000, 0x0000, 0x19c8, 0x1966, 0x1966, 0x1966, 0x21e9, 0x21e8, 0x1966, 0x1966, 0x1966, 0x1966, 0x1966, 0x1966, 0x1966,
    0x1966, 0x1966, 0x19c8, 0x2209, 0x2209, 0x2209, 0x2209, 0x21e9, 0x19a8, 0x1966, 0x1966, 0x1966, 0x1966, 0x1966, 0x1966, 0x1966,
    0x1966, 0x1966, 0x1966, 0x1966, 0x1987, 0x21e9, 0x21e9, 0x19e7, 0x0000, 0x0000, 0x0000, 0x0000, 0x0000, 0x0000, 0x0000, 0x0000,
    0x0000, 0x0000, 0x0000, 0x0000, 0x0000, 0x0000, 0x0000, 0x0000, 0x0000, 0x0000, 0x0000, 0x0000, 0x0000, 0x0000, 0x0000, 0x0000,
    0x0000, 0x0000, 0x0000, 0x0000, 0x0000, 0x1a09, 0x19a7, 0x1966, 0x1966, 0x19c8, 0x2209, 0x19a8, 0x1966, 0x1966, 0x1966, 0x1966,
    0x1966, 0x1966, 0x1966, 0x1986, 0x21e8, 0x2209, 0x2209, 0x2209, 0x2209, 0x2209, 0x2209, 0x2209, 0x2209, 0x2209, 0x21e9, 0x1987,
    0x1966, 0x1966, 0x1966, 0x1966, 0x1966, 0x1966, 0x1966, 0x1966, 0x19c8, 0x2209, 0x21e9, 0x0000, 0x0000, 0x0000, 0x0000, 0x0000,
    0x0000, 0x0000, 0x0000, 0x0000, 0x0000, 0x0000, 0x0000, 0x0000, 0x0000, 0x0000, 0x0000, 0x0000, 0x0000, 0x0000, 0x0000, 0x0000,
    0x0000, 0x0000, 0x0000, 0x0000, 0x0000, 0x0000, 0x0000, 0x0000, 0x21e8, 0x1966, 0x1966, 0x1966, 0x1987, 0x1987, 0x1966, 0x1966,
    0x1966, 0x1966, 0x1966, 0x1966, 0x1966, 0x1987, 0x21e9, 0x2209, 0x2209, 0x2209, 0x2209, 0x2209, 0x2209, 0x2209, 0x2209, 0x2209,
    0x2209, 0x21e9, 0x1986, 0x1966, 0x1966, 0x1966, 0x1966, 0x1966, 0x1966, 0x1966, 0x1966, 0x19a7, 0x2209, 0x21e9, 0x1a09, 0x0000,
    0x0000, 0x0000, 0x0000, 0x0000, 0x0000, 0x0000, 0x0000, 0x0000, 0x0000, 0x0000, 0x0000, 0x0000, 0x0000, 0x0000, 0x0000, 0x0000,
    0x0000, 0x0000, 0x0000, 0x0000, 0x0000, 0x0000, 0x0000, 0x0000, 0x0000, 0x0000, 0x21e9, 0x19a7, 0x1966, 0x1966, 0x1966, 0x1966,
    0x1966, 0x1966, 0x1966, 0x1966, 0x1966, 0x1966, 0x1966, 0x1966, 0x21e9, 0x2209, 0x2209, 0x2209, 0x2209, 0x2209, 0x2209, 0x2209,
    0x2209, 0x2209, 0x2209, 0x2209, 0x19a8, 0x1966, 0x1966, 0x1966, 0x1966, 0x1966, 0x1966, 0x1966, 0x1966, 0x1966, 0x1987, 0x21e9,
    0x2209, 0x21e9, 0x0000, 0x0000, 0x0000, 0x0000, 0x0000, 0x0000, 0x0000, 0x0000, 0x0000, 0x0000, 0x0000, 0x0000, 0x0000, 0x0000,
    0x0000, 0x0000, 0x0000, 0x0000, 0x0000, 0x0000, 0x0000, 0x0000, 0x0000, 0x0000, 0x0000, 0x0000, 0x0000, 0x19e9, 0x1966, 0x1966,
    0x1966, 0x1966, 0x1966, 0x1966, 0x1966, 0x1966, 0x1966, 0x1966, 0x1966, 0x1966, 0x1966, 0x21e8, 0x2209, 0x2209, 0x2209, 0x2209,
    0x2209, 0x2209, 0x2209, 0x2209, 0x2209, 0x2209, 0x2209, 0x1987, 0x1966, 0x1966, 0x1966, 0x1966, 0x1966, 0x1966, 0x29e8, 0x4acb,
    0x5b4d, 0x6baf, 0x7c31, 0x8c92, 0x8451, 0xa534, 0xb5b6, 0xb5b6, 0x0000, 0x0000, 0x0000, 0x0000, 0x0000, 0x0000, 0x0000, 0x0000,
    0x0000, 0x0000, 0x0000, 0x0000, 0x0000, 0x0000, 0x0000, 0x0000, 0x0000, 0x0000, 0x0000, 0x0000, 0x0000, 0x0000, 0x0000, 0x1989,
    0x19c8, 0x1966, 0x1966, 0x1966, 0x1966, 0x1966, 0x1966, 0x1966, 0x1966, 0x1966, 0x1966, 0x1966, 0x1966, 0x1966, 0x1966, 0x21e9,
    0x2209, 0x2209, 0x2209, 0x2209, 0x2209, 0x2209, 0x2209, 0x2209, 0x2209, 0x2209, 0x1987, 0x1966, 0x1966, 0x1966, 0x1966, 0x4aab,
    0x8c72, 0xb5b6, 0xb5b6, 0xb5b6, 0xb5b6, 0xb5b6, 0xb5b6, 0xb5b6, 0xb5b6, 0xb5b6, 0xb5b6, 0xb5b6, 0xb596, 0xb596, 0x0000, 0x0000,
    0x0000, 0x0000, 0x0000, 0x0000, 0x0000, 0x0000, 0x0000, 0x0000, 0x0000, 0x0000, 0x0000, 0x0000, 0x0000, 0x0000, 0x0000, 0x0000,
    0x0000, 0x0000, 0x19e9, 0x19a7, 0x1966, 0x1966, 0x1966, 0x1966, 0x19a7, 0x19a8, 0x1966, 0x1966, 0x1966, 0x1966, 0x1966, 0x1966,
    0x1966, 0x1966, 0x21e8, 0x2209, 0x2209, 0x2209, 0x2209, 0x2209, 0x2209, 0x2209, 0x2209, 0x2209, 0x2209, 0x19c8, 0x1966, 0x1966,
    0x3a49, 0x94d3, 0xb5b6, 0xb5b6, 0xb5b6, 0xb5b6, 0xb5b6, 0xb5b6, 0xb5b6, 0xb5b6, 0xb5b6, 0xb5b6, 0xb5b6, 0xb5b6, 0xb5b6, 0xb5b6,
    0xb5b6, 0xb596, 0xb596, 0x0000, 0x0000, 0x0000, 0x0000, 0x0000, 0x0000, 0x0000, 0x0000, 0x0000, 0x0000, 0x0000, 0x0000, 0x0000,
    0x0000, 0x0000, 0x0000, 0x0000, 0x0000, 0x21e9, 0x1987, 0x1966, 0x1966, 0x1966, 0x1966, 0x21e8, 0x19c8, 0x1966, 0x1966, 0x1986,
    0x1987, 0x1987, 0x1966, 0x1966, 0x1966, 0x19c8, 0x2209, 0x2209, 0x2209, 0x2209, 0x2209, 0x2209, 0x2209, 0x2209, 0x2209, 0x2209,
    0x2209, 0x19c8, 0x6baf, 0xb5b6, 0xb5b6, 0xb5b6, 0xb5b6, 0xb5b6, 0xb5b6, 0xb5b6, 0xb5b6, 0xb5b6, 0xb5b6, 0xb5b6, 0xb5b6, 0xb5b6,
    0xb5b6, 0xb5b6, 0xb5b6, 0xb5b6, 0xb5b6, 0xb5b6, 0xb5b6, 0x0000, 0x0000, 0x0000, 0x0000, 0x0000, 0x0000, 0x0000, 0x0000, 0x0000,
    0x0000, 0x0000, 0x0000, 0x0000, 0x0000, 0x0000, 0x0000, 0x0000, 0x21e9, 0x19a7, 0x1966, 0x1966, 0x1966, 0x1966, 0x1986, 0x1966,
    0x1966, 0x1966, 0x21e9, 0x2209, 0x2209, 0x1966, 0x1966, 0x1966, 0x21e9, 0x2209, 0x2209, 0x2209, 0x2209, 0x2209, 0x2209, 0x2209,
    0x2209, 0x2209, 0x2209, 0x2209, 0x7411, 0xb5b6, 0xb5b6, 0xb5b6, 0xb5b6, 0xb5b6, 0xb5b6, 0xb5b6, 0xb5b6, 0xb5b6, 0xb5b6, 0xb5b6,
    0xb5b6, 0xb5b6, 0xb5b6, 0xb5b6, 0xb5b6, 0xb5b6, 0xb5b6, 0xb5b6, 0xb5b6, 0xb5b6, 0xb596, 0xad75, 0x0000, 0x0000, 0x0000, 0x0000,
    0x0000, 0x0000, 0x0000, 0x0000, 0x0000, 0x0000, 0x0000, 0x0000, 0x0000, 0x0000, 0x19e9, 0x2209, 0x19c8, 0x1966, 0x1966, 0x1966,
    0x1966, 0x1966, 0x1966, 0x1966, 0x1987, 0x2209, 0x2209, 0x21e9, 0x1966, 0x1966, 0x19c8, 0x2209, 0x2209, 0x2209, 0x2209, 0x2209,
    0x2209, 0x2209, 0x2209, 0x2209, 0x2209, 0x2209, 0x6bd0, 0xb5b6, 0xb5b6, 0xb5b6, 0xb5b6, 0xb5b6, 0xb5b6, 0xb5b6, 0xb5b6, 0xb5b6,
    0xb5b6, 0xb5b6, 0xb5b6, 0xb5b6, 0xb5b6, 0xb5b6, 0xb5b6, 0xb5b6, 0xb5b6, 0xb5b6, 0xb5b6, 0xb5b6, 0xb5b6, 0xb5b6, 0xb596, 0xbdf7,
    0x0000, 0x0000, 0x0000, 0x0000, 0x0000, 0x0000, 0x0000, 0x0000, 0x0000, 0x0000, 0x0000, 0x0000, 0x0000, 0x19e9, 0x2209, 0x21e9,
    0x1987, 0x1966, 0x1966, 0x1966, 0x1966, 0x1966, 0x1966, 0x1986, 0x21e9, 0x2209, 0x19a7, 0x1966, 0x19c8, 0x2209, 0x2209, 0x2209,
    0x2209, 0x2209, 0x2209, 0x2209, 0x2209, 0x2209, 0x2209, 0x2209, 0x534d, 0xb5b6, 0xb5b6, 0xb5b6, 0xb5b6, 0xb5b6, 0xb5b6, 0xb5b6,
    0xb5b6, 0xb5b6, 0xb5b6, 0xb5b6, 0xb5b6, 0xb5b6, 0xb5b6, 0xb5b6, 0xb5b6, 0xb5b6, 0xb5b6, 0xb5b6, 0xb5b6, 0xb5b6, 0xb5b6, 0xb5b6,
    0xb5b6, 0xb5b6, 0xb596, 0x0000, 0x0000, 0x0000, 0x0000, 0x0000, 0x0000, 0x0000, 0x0000, 0x0000, 0x0000, 0x0000, 0x0000, 0x0000,
    0x19e9, 0x2209, 0x2209, 0x21e9, 0x19a7, 0x1966, 0x1966, 0x1966, 0x1966, 0x1966, 0x1966, 0x1966, 0x1966, 0x1966, 0x19a8, 0x2209,
    0x2209, 0x2209, 0x2209, 0x2209, 0x2209, 0x2209, 0x2209, 0x2209, 0x2209, 0x2209, 0x326b, 0xad96, 0xb5b6, 0xb5b6, 0xb5b6, 0xb5b6,
    0xb5b6, 0xb5b6, 0xb5b6, 0xb5b6, 0xb5b6, 0xb5b6, 0xb5b6, 0xb5b6, 0xb5b6, 0xb5b6, 0xb5b6, 0xb5b6, 0xb5b6, 0xb5b6, 0xb5b6, 0xb5b6,
    0xb5b6, 0xb5b6, 0xb5b6, 0xb5b6, 0xb5b6, 0xb5b6, 0xb596, 0x0000, 0x0000, 0x0000, 0x0000, 0x0000, 0x0000, 0x0000, 0x0000, 0x0000,
    0x0000, 0x0000, 0x0000, 0x19e9, 0x2209, 0x2209, 0x2209, 0x2209, 0x19c8, 0x1966, 0x1966, 0x1966, 0x1966, 0x1966, 0x1966, 0x1966,
    0x1966, 0x19a7, 0x2209, 0x2209, 0x2209, 0x2209, 0x2209, 0x2209, 0x2209, 0x2209, 0x2209, 0x2209, 0x2209, 0x7c51, 0xb5b6, 0xb5b6,
    0xb5b6, 0xb5b6, 0xb5b6, 0xb5b6, 0xb5b6, 0xb5b6, 0xb5b6, 0xb5b6, 0xb5b6, 0xb5b6, 0xb5b6, 0xb5b6, 0xb5b6, 0xb5b6, 0xb5b6, 0xb5b6,
    0xb5b6, 0xb5b6, 0xb5b6, 0xb5b6, 0xb5b6, 0xb5b6, 0xb5b6, 0xb5b6, 0xb5b6, 0xb596, 0x0000, 0x0000, 0x0000, 0x0000, 0x0000, 0x0000,
    0x0000, 0x0000, 0x0000, 0x0000, 0x0000, 0x0000, 0x21e9, 0x2209, 0x2209, 0x2209, 0x2209, 0x1987, 0x1966, 0x1966, 0x1966, 0x1966,
    0x1966, 0x1966, 0x1966, 0x1966, 0x1966, 0x19a7, 0x21e9, 0x2209, 0x2209, 0x2209, 0x2209, 0x2209, 0x2209, 0x2209, 0x2209, 0x3a8b,
    0xb5b6, 0xb5b6, 0xb5b6, 0xb5b6, 0xb5b6, 0xb5b6, 0xb5b6, 0xb5b6, 0xb5b6, 0xb5b6, 0xb5b6, 0xb5b6, 0xb5b6, 0xb5b6, 0xb5b6, 0xb5b6,
    0xb5b6, 0xb5b6, 0xb5b6, 0xb5b6, 0xb5b6, 0xb5b6, 0xb5b6, 0xb5b6, 0xb5b6, 0xb5b6, 0xb5b6, 0xb5b6, 0xb5b6, 0xb596, 0x0000, 0x0000,
    0x0000, 0x0000, 0x0000, 0x0000, 0x0000, 0x0000, 0x0000, 0x0000, 0x0000, 0x19e9, 0x2209, 0x2209, 0x2209, 0x21e9, 0x1966, 0x1966,
    0x1966, 0x1966, 0x1966, 0x1966, 0x1966, 0x1966, 0x1966, 0x1966, 0x1966, 0x1966, 0x19a7, 0x21e9, 0x2209, 0x2209, 0x2209, 0x2209,
    0x2209, 0x2209, 0x8451, 0xb5b6, 0xb5b6, 0xb5b6, 0xb5b6, 0xb5b6, 0xb5b6, 0xb5b6, 0xb5b6, 0xb5b6, 0xb5b6, 0xb5b6, 0xb5b6, 0xb5b6,
    0xb5b6, 0xb5b6, 0xb5b6, 0xb5b6, 0xb5b6, 0xb5b6, 0xb5b6, 0xb5b6, 0xb5b6, 0xb5b6, 0xb5b6, 0xb5b6, 0xb5b6, 0xb5b6, 0xb5b6, 0xb5b6,
    0xb596, 0x0000, 0x0000, 0x0000, 0x0000, 0x0000, 0x0000, 0x0000, 0x0000, 0x0000, 0x0000, 0x0000, 0x19e9, 0x2209, 0x2209, 0x2209,
    0x19c8, 0x1966, 0x1966, 0x1966, 0x1966, 0x1966, 0x1966, 0x1966, 0x1966, 0x1966, 0x1966, 0x1966, 0x1966, 0x1966, 0x1966, 0x21e8,
    0x2209, 0x2209, 0x2209, 0x2209, 0x326b, 0xb5b6, 0xb5b6, 0xb5b6, 0xb5b6, 0xb5b6, 0xb5b6, 0xb5b6, 0xb5b6, 0xb5b6, 0xb5b6, 0xb5b6,
    0xb5b6, 0xb5b6, 0xb5b6, 0xb5b6, 0xb5b6, 0xb5b6, 0xb5b6, 0xb5b6, 0xb5b6, 0xb5b6, 0xb5b6, 0xb5b6, 0xb5b6, 0xb5b6, 0xb5b6, 0xb5b6,
    0xb5b6, 0xb5b6, 0xb5b6, 0xb596, 0x0000, 0x0000, 0x0000, 0x0000, 0x0000, 0x0000, 0x0000, 0x0000, 0x0000, 0x0000, 0x0000, 0x19e9,
    0x2209, 0x2209, 0x2209, 0x19e8, 0x1966, 0x1966, 0x1966, 0x1966, 0x1966, 0x1966, 0x1966, 0x1966, 0x1966, 0x1966, 0x1966, 0x1966,
    0x1966, 0x3a6a, 0x73f0, 0xad75, 0xb5b6, 0xb5b6, 0x8cb3, 0x8492, 0xb5b6, 0xb5b6, 0xb5b6, 0xb5b6, 0xb5b6, 0xb5b6, 0xb5b6, 0xb5b6,
    0xb5b6, 0xb5b6, 0xb5b6, 0xb5b6, 0xb5b6, 0xb5b6, 0xb5b6, 0xb5b6, 0xb5b6, 0xb5b6, 0xb5b6, 0xb5b6, 0xb5b6, 0xb5b6, 0xb5b6, 0xb5b6,
    0xb5b6, 0xb5b6, 0xb5b6, 0xb5b6, 0xb5b6, 0xb5b6, 0xb5b6, 0xb596, 0x0000, 0x0000, 0x0000, 0x0000, 0x0000, 0x0000, 0x0000, 0x0000,
    0x0000, 0x0000, 0x0000, 0x2209, 0x2209, 0x2209, 0x21e9, 0x1966, 0x1966, 0x1966, 0x1966, 0x1966, 0x1966, 0x1966, 0x1966, 0x1966,
    0x1966, 0x1966, 0x3208, 0x94d3, 0xb5b6, 0xb5b6, 0xb5b6, 0xb5b6, 0xb5b6, 0xb5b6, 0xb5b6, 0xb5b6, 0xb5b6, 0xb5b6, 0xb5b6, 0xb5b6,
    0xb5b6, 0xb5b6, 0xb5b6, 0xb5b6, 0xb5b6, 0xb5b6, 0xb5b6, 0xb5b6, 0xb5b6, 0xb5b6, 0xb5b6, 0xb5b6, 0xb5b6, 0xb5b6, 0xb5b6, 0xb5b6,
    0xb5b6, 0xb5b6, 0xb5b6, 0xb5b6, 0xb5b6, 0xb5b6, 0xb5b6, 0xb5b6, 0xb5b6, 0xb5b6, 0xb5b6, 0x0000, 0x0000, 0x0000, 0x0000, 0x0000,
    0x0000, 0x0000, 0x0000, 0x0000, 0x0000, 0x0000, 0x21e9, 0x2209, 0x2209, 0x2209, 0x19c8, 0x1966, 0x1966, 0x1966, 0x1966, 0x19a7,
    0x19c8, 0x1966, 0x1966, 0x1966, 0x4aab, 0xad75, 0xb5b6, 0xb5b6, 0xb5b6, 0xb5b6, 0xb5b6, 0xb5b6, 0xb5b6, 0xb5b6, 0xb5b6, 0xb5b6,
    0xb5b6, 0xb5b6, 0xb5b6, 0xb5b6, 0xb5b6, 0xb5b6, 0xb5b6, 0xb5b6, 0xb5b6, 0xb5b6, 0xb5b6, 0xb5b6, 0xb5b6, 0xb5b6, 0xb5b6, 0xb5b6,
    0xb5b6, 0xb5b6, 0xb5b6, 0xb5b6, 0xb5b6, 0xb5b6, 0xb5b6, 0xb5b6, 0xb5b6, 0xb5b6, 0xb5b6, 0xb5b6, 0xb5b6, 0xb596, 0x0000, 0x0000,
    0x0000, 0x0000, 0x0000, 0x0000, 0x0000, 0x0000, 0x0000, 0x0000, 0x0000, 0x2209, 0x2209, 0x2209, 0x2209, 0x2209, 0x21e9, 0x19a7,
    0x19a7, 0x19c8, 0x2209, 0x2209, 0x1966, 0x1966, 0x52ec, 0xb5b6, 0xb5b6, 0xb5b6, 0xb5b6, 0xb5b6, 0xb5b6, 0xb5b6, 0xb5b6, 0xb5b6,
    0xb5b6, 0xb5b6, 0xb5b6, 0xb5b6, 0xb5b6, 0xb5b6, 0xb5b6, 0xb5b6, 0xb5b6, 0xb5b6, 0xb5b6, 0xb5b6, 0xb5b6, 0xb5b6, 0xb5b6, 0xb5b6,
    0xb5b6, 0xb5b6, 0xb5b6, 0xb5b6, 0xb5b6, 0xb5b6, 0xb5b6, 0xb5b6, 0xb5b6, 0xb5b6, 0xb5b6, 0xb5b6, 0xb5b6, 0xb5b6, 0xb5b6, 0xb5b6,
    0xb596, 0x0000, 0x0000, 0x0000, 0x0000, 0x0000, 0x0000, 0x0000, 0x0000, 0x0000, 0x0000, 0x0000, 0x19e9, 0x2209, 0x2209, 0x2209,
    0x2209, 0x2209, 0x2209, 0x2209, 0x2209, 0x2209, 0x2209, 0x19a7, 0x29e8, 0xad75, 0xb5b6, 0xb5b6, 0xb5b6, 0xb5b6, 0xb5b6, 0xb5b6,
    0xb5b6, 0xb5b6, 0xb5b6, 0xb5b6, 0xb5b6, 0xb5b6, 0xb5b6, 0xb5b6, 0xb5b6, 0xb5b6, 0xb5b6, 0xb5b6, 0xb5b6, 0xb5b6, 0xb5b6, 0xb5b6,
    0xb5b6, 0xb5b6, 0xb5b6, 0xb5b6, 0xb5b6, 0xb5b6, 0xb5b6, 0xb5b6, 0xb5b6, 0xb5b6, 0xb5b6, 0xb5b6, 0xb5b6, 0xb5b6, 0xb5b6, 0xb5b6,
    0xb5b6, 0xb5b6, 0xb5b6, 0xb596, 0x0000, 0x0000, 0x0000, 0x0000, 0x0000, 0x0000, 0x0000, 0x0000, 0x0000, 0x0000, 0x0000, 0x0000,
    0x2209, 0x2209, 0x2209, 0x2209, 0x2209, 0x2209, 0x2209, 0x2209, 0x2209, 0x2209, 0x19c8, 0x7c30, 0xb5b6, 0xb5b6, 0xb5b6, 0xb5b6,
    0xb5b6, 0xb5b6, 0xb5b6, 0xb5b6, 0xb5b6, 0xb5b6, 0xb5b6, 0xb5b6, 0xb5b6, 0xb5b6, 0xb5b6, 0xb5b6, 0xb5b6, 0xb5b6, 0xb5b6, 0xb5b6,
    0xb5b6, 0xb5b6, 0xb5b6, 0xb5b6, 0xb5b6, 0xb5b6, 0xb5b6, 0xb5b6, 0xb5b6, 0xb5b6, 0xb5b6, 0xb5b6, 0xb5b6, 0xb5b6, 0xb5b6, 0xb5b6,
    0xb5b6, 0xb5b6, 0xb5b6, 0xb5b6, 0xb5b6, 0xb5b6, 0xb5b6, 0x0000, 0x0000, 0x0000, 0x0000, 0x0000, 0x0000, 0x0000, 0x0000, 0x0000,
    0x0000, 0x0000, 0x0000, 0x19e9, 0x2209, 0x2209, 0x2209, 0x2209, 0x2209, 0x2209, 0x2209, 0x2209, 0x2209, 0x2a4a, 0xb596, 0xb5b6,
    0xb5b6, 0xb5b6, 0xb5b6, 0xb5b6, 0xb5b6, 0xb5b6, 0xb5b6, 0xb5b6, 0xb5b6, 0xb5b6, 0xb5b6, 0xb5b6, 0xb5b6, 0xb5b6, 0xb5b6, 0xb5b6,
    0xb5b6, 0xb5b6, 0xb5b6, 0xb5b6, 0xb5b6, 0xb5b6, 0xb5b6, 0xb5b6, 0xb5b6, 0xb5b6, 0xb5b6, 0xb5b6, 0xb5b6, 0xb5b6, 0xb5b6, 0xb5b6,
    0xb5b6, 0xb5b6, 0xb5b6, 0xb5b6, 0xb5b6, 0xb5b6, 0xb5b6, 0xb5b6, 0xb5b6, 0xb596, 0x0000, 0x0000, 0x0000, 0x0000, 0x0000, 0x0000,
    0x0000, 0x0000, 0x0000, 0x0000, 0x0000, 0x0000, 0x0000, 0x21e9, 0x2209, 0x2209, 0x2209, 0x2209, 0x2209, 0x2209, 0x2209, 0x2209,
    0x534e, 0xb5b6, 0xb5b6, 0xb5b6, 0xb5b6, 0xb5b6, 0xb5b6, 0xb5b6, 0xb5b6, 0xb5b6, 0xb5b6, 0xb5b6, 0xb5b6, 0xb5b6, 0xb5b6, 0xb5b6,
    0xb5b6, 0xb5b6, 0xb5b6, 0xb5b6, 0xb5b6, 0xb5b6, 0xb5b6, 0xb5b6, 0xb5b6, 0xb5b6, 0xb5b6, 0xb5b6, 0xb5b6, 0xb5b6, 0xb5b6, 0xb5b6,
    0xb5b6, 0xb5b6, 0xb5b6, 0xb5b6, 0xb5b6, 0xb5b6, 0xb5b6, 0xb5b6, 0xb5b6, 0xb5b6, 0xb5b6, 0xb5b6, 0xb596, 0x0000, 0x0000, 0x0000,
    0x0000, 0x0000, 0x0000, 0x0000, 0x0000, 0x0000, 0x0000, 0x0000, 0x0000, 0x0000, 0x19e9, 0x2209, 0x2209, 0x2209, 0x2209, 0x2209,
    0x2209, 0x2209, 0x2209, 0x6bd0, 0xb5b6, 0xb5b6, 0xb5b6, 0xb5b6, 0xb5b6, 0xb5b6, 0xb5b6, 0xb5b6, 0xb5b6, 0xb5b6, 0xb5b6, 0xb5b6,
    0xb5b6, 0xb5b6, 0xb5b6, 0xb5b6, 0xb5b6, 0xb5b6, 0xb5b6, 0xb5b6, 0xb5b6, 0xb5b6, 0xb5b6, 0xb5b6, 0xb5b6, 0xb5b6, 0xb5b6, 0xb5b6,
    0xb5b6, 0xb5b6, 0xb5b6, 0xb5b6, 0xb5b6, 0xb5b6, 0xb5b6, 0xb5b6, 0xb5b6, 0xb5b6, 0xb5b6, 0xb5b6, 0xb5b6, 0xb5b6, 0xb5b6, 0xb596,
    0x0000, 0x0000, 0x0000, 0x0000, 0x0000, 0x0000, 0x0000, 0x0000, 0x0000, 0x0000, 0x0000, 0x0000, 0x0000, 0x0000, 0x21e9, 0x2209,
    0x2209, 0x2209, 0x2209, 0x2209, 0x2209, 0x2209, 0x7c31, 0xb5b6, 0xb5b6, 0xb5b6, 0xb5b6, 0xb5b6, 0xb5b6, 0xb5b6, 0xb5b6, 0xb5b6,
    0xb5b6, 0xb5b6, 0xb5b6, 0xb5b6, 0xb5b6, 0xb5b6, 0xb5b6, 0xb5b6, 0xb5b6, 0xb5b6, 0xb5b6, 0xb5b6, 0xb5b6, 0xb5b6, 0xb5b6, 0xb5b6,
    0xb5b6, 0xb5b6, 0xb5b6, 0xb5b6, 0xb5b6, 0xb5b6, 0xb5b6, 0xb5b6, 0xb5b6, 0xb5b6, 0xb5b6, 0xb5b6, 0xb5b6, 0xb5b6, 0xb5b6, 0xb5b6,
    0xb5b6, 0xb5b6, 0xb596, 0x0000, 0x0000, 0x0000, 0x0000, 0x0000, 0x0000, 0x0000, 0x0000, 0x0000, 0x0000, 0x0000, 0x0000, 0x0000,
    0x0000, 0x11a9, 0x21e9, 0x2209, 0x2209, 0x222a, 0x4b0d, 0x8c92, 0x6bd0, 0xa534, 0xb5b6, 0xb5b6, 0xb5b6, 0xb5b6, 0xb5b6, 0xb5b6,
    0xb5b6, 0xb5b6, 0xb5b6, 0xb5b6, 0xb5b6, 0xb5b6, 0xb5b6, 0xb5b6, 0xb5b6, 0xb5b6, 0xb5b6, 0xb5b6, 0xb5b6, 0xb5b6, 0xb5b6, 0xb5b6,
    0xb5b6, 0xb5b6, 0xb5b6, 0xb5b6, 0xb5b6, 0xb5b6, 0xb5b6, 0xb5b6, 0xb5b6, 0xb5b6, 0xb5b6, 0xb5b6, 0xb5b6, 0xb5b6, 0xb5b6, 0xb5b6,
    0xb5b6, 0xb5b6, 0xb5b6, 0xb5b6, 0xb5b6, 0xb5b6, 0xb596, 0xb596, 0xb596, 0x0000, 0x0000, 0x0000, 0x0000, 0x0000, 0x0000, 0x0000,
    0x0000, 0x0000, 0x0000, 0x0000, 0x0000, 0x19e9, 0x534e, 0x94d3, 0xb5b6, 0xb5b6, 0xb5b6, 0xb5b6, 0xb5b6, 0xb5b6, 0xb5b6, 0xb5b6,
    0xb5b6, 0xb5b6, 0xb5b6, 0xb5b6, 0xb5b6, 0xb5b6, 0xb5b6, 0xb5b6, 0xb5b6, 0xb5b6, 0xb5b6, 0xb5b6, 0xb5b6, 0xb5b6, 0xb5b6, 0xb5b6,
    0xb5b6, 0xb5b6, 0xb5b6, 0xb5b6, 0xb5b6, 0xb5b6, 0xb5b6, 0xb5b6, 0xb5b6, 0xb5b6, 0xb5b6, 0xb5b6, 0xb5b6, 0xb5b6, 0xb5b6, 0xb5b6,
    0xb5b6, 0xb5b6, 0xb5b6, 0xb5b6, 0xb5b6, 0xb5b6, 0xb5b6, 0xb5b6, 0xb5b6, 0xb5b6, 0xb5b6, 0xb5b6, 0xb5b6, 0xb596, 0x0000, 0x0000,
    0x0000, 0x0000, 0x0000, 0x0000, 0x0000, 0x0000, 0x0000, 0xc638, 0xb5b6, 0xb5b6, 0xb5b6, 0xb5b6, 0xb5b6, 0xb5b6, 0xb5b6, 0xb5b6,
    0xb5b6, 0xb5b6, 0xb5b6, 0xb5b6, 0xb5b6, 0xb5b6, 0xb5b6, 0xb5b6, 0xb5b6, 0xb5b6, 0xb5b6, 0xb5b6, 0xb5b6, 0xb5b6, 0xb5b6, 0xb5b6,
    0xb5b6, 0xb5b6, 0xb5b6, 0xb5b6, 0xb5b6, 0xb5b6, 0xb5b6, 0xb5b6, 0xb5b6, 0xb5b6, 0xb5b6, 0xb5b6, 0xb5b6, 0xb5b6, 0xb5b6, 0xb5b6,
    0xb5b6, 0xb5b6, 0xb5b6, 0xb5b6, 0xb5b6, 0xb5b6, 0xb5b6, 0xb5b6, 0xb5b6, 0xb5b6, 0xb5b6, 0xb5b6, 0xb5b6, 0xb5b6, 0xb5b6, 0xb5b6,
    0xb596, 0xb5b6, 0x0000, 0x0000, 0x0000, 0x0000, 0x0000, 0x0000, 0x0000, 0xbdf7, 0xb5b6, 0xb5b6, 0xb5b6, 0xb5b6, 0xb5b6, 0xb5b6,
    0xb5b6, 0xb5b6, 0xb5b6, 0xb5b6, 0xb5b6, 0xb5b6, 0xb5b6, 0xb5b6, 0xb5b6, 0xb5b6, 0xb5b6, 0xb5b6, 0xb5b6, 0xb5b6, 0xb5b6, 0xb5b6,
    0xb5b6, 0xb5b6, 0xb5b6, 0xb5b6, 0xb5b6, 0xb5b6, 0xb5b6, 0xb5b6, 0xb5b6, 0xb5b6, 0xb5b6, 0xb5b6, 0xb5b6, 0xb5b6, 0xb5b6, 0xb5b6,
    0xb5b6, 0xb5b6, 0xb5b6, 0xb5b6, 0xb5b6, 0xb5b6, 0xb5b6, 0xb5b6, 0xb5b6, 0xb5b6, 0xb5b6, 0xb5b6, 0xb5b6, 0xb5b6, 0xb5b6, 0xb5b6,
    0xb5b6, 0xb5b6, 0xb5b6, 0xb5b6, 0xb596, 0xbdd7, 0x0000, 0x0000, 0x0000, 0x0000, 0x0000, 0x0000, 0xb596, 0xb5b6, 0xb5b6, 0xb5b6,
    0xb5b6, 0xb5b6, 0xb5b6, 0xb5b6, 0xb5b6, 0xb5b6, 0xb5b6, 0xb5b6, 0xb5b6, 0xb5b6, 0xb5b6, 0xb5b6, 0xb5b6, 0xb5b6, 0xb5b6, 0xb5b6,
    0xb5b6, 0xb5b6, 0xb5b6, 0xb5b6, 0xb5b6, 0xb5b6, 0xb5b6, 0xb5b6, 0xb5b6, 0xb5b6, 0xb5b6, 0xb5b6, 0xb5b6, 0xb5b6, 0xb5b6, 0xb5b6,
    0xb5b6, 0xb5b6, 0xb5b6, 0xb5b6, 0xb5b6, 0xb5b6, 0xb5b6, 0xb5b6, 0xb5b6, 0xb5b6, 0xb5b6, 0xb5b6, 0xb5b6, 0xb5b6, 0xb5b6, 0xb5b6,
    0xb5b6, 0xb5b6, 0xb5b6, 0xb5b6, 0xb5b6, 0xb5b6, 0xb5b6, 0xb5b6, 0xb596, 0x0000, 0x0000, 0x0000, 0x0000, 0x0000, 0xbdd7, 0xb5b6,
    0xb5b6, 0xb5b6, 0xb5b6, 0xb5b6, 0xb5b6, 0xb5b6, 0xb5b6, 0xb5b6, 0xb5b6, 0xb5b6, 0xb5b6, 0xb5b6, 0xb5b6, 0xb5b6, 0xb5b6, 0xb5b6,
    0xb5b6, 0xb5b6, 0xb5b6, 0xb5b6, 0xb5b6, 0xb5b6, 0xb5b6, 0xb5b6, 0xb5b6, 0xb5b6, 0xb5b6, 0xb5b6, 0xb5b6, 0xb5b6, 0xb5b6, 0xb5b6,
    0xb5b6, 0xb5b6, 0xb5b6, 0xb5b6, 0xb5b6, 0xb5b6, 0xb5b6, 0xb5b6, 0xb5b6, 0xb5b6, 0xb5b6, 0xb5b6, 0xb5b6, 0xb5b6, 0xb5b6, 0xb5b6,
    0xb5b6, 0xb5b6, 0xb5b6, 0xb5b6, 0xb5b6, 0xb5b6, 0xb5b6, 0xb5b6, 0xb5b6, 0xb5b6, 0xb5b6, 0xb5b6, 0xbdd7, 0x0000, 0x0000, 0x0000,
    0x0000, 0xb596, 0xb5b6, 0xb5b6, 0xb5b6, 0xb5b6, 0xb5b6, 0xb5b6, 0xb5b6, 0xb5b6, 0xb5b6, 0xb5b6, 0xb5b6, 0xb5b6, 0xb5b6, 0xb5b6,
    0xb5b6, 0xb5b6, 0xb5b6, 0xb5b6, 0xb5b6, 0xb5b6, 0xb5b6, 0xb5b6, 0xb5b6, 0xb5b6, 0xb5b6, 0xb5b6, 0xb5b6, 0xb5b6, 0xb5b6, 0xb5b6,
    0xb5b6, 0xb5b6, 0xb5b6, 0xb5b6, 0xb5b6, 0xb5b6, 0xb5b6, 0xb5b6, 0xb5b6, 0xb5b6, 0xb5b6, 0xb5b6, 0xb5b6, 0xb5b6, 0xb5b6, 0xb5b6,
    0xb5b6, 0xb5b6, 0xb5b6, 0xb5b6, 0xb5b6, 0xb5b6, 0xb5b6, 0xb5b6, 0xb5b6, 0xb5b6, 0xb5b6, 0xb5b6, 0xb5b6, 0xb5b6, 0xb5b6, 0xb596,
    0x0000, 0x0000, 0x0000, 0x0000, 0x9cf3, 0xa534, 0xb5b6, 0xb5b6, 0xb5b6, 0xb5b6, 0xb5b6, 0xb5b6, 0xb5b6, 0xb5b6, 0xb5b6, 0xb5b6,
    0xb5b6, 0xb5b6, 0xb5b6, 0xb5b6, 0xb5b6, 0xb5b6, 0xb5b6, 0xb5b6, 0xb5b6, 0xb5b6, 0xb5b6, 0xb5b6, 0xb5b6, 0xb5b6, 0xb5b6, 0xb5b6,
    0xb5b6, 0xb5b6, 0xb5b6, 0xb5b6, 0xb5b6, 0xb5b6, 0xb5b6, 0xb5b6, 0xb5b6, 0xb5b6, 0xb5b6, 0xb5b6, 0xb5b6, 0xb5b6, 0xb5b6, 0xb5b6,
    0xb5b6, 0xb5b6, 0xb5b6, 0xb5b6, 0xb5b6, 0xb5b6, 0xb5b6, 0xb5b6, 0xb5b6, 0xb5b6, 0xb5b6, 0xb5b6, 0xb5b6, 0xb5b6, 0xb5b6, 0xb5b6,
    0xb5b6, 0xb5b6, 0xb5b6, 0x0000, 0x0000, 0x0000, 0x0000, 0x9cd3, 0x9cd3, 0x9cf3, 0xad55, 0xb596, 0xb5b6, 0xb5b6, 0xb5b6, 0xb5b6,
    0xb5b6, 0xb5b6, 0xb5b6, 0xb5b6, 0xb5b6, 0xb5b6, 0xb5b6, 0xb5b6, 0xb5b6, 0xb5b6, 0xb5b6, 0xb5b6, 0xb5b6, 0xb5b6, 0xb5b6, 0xb5b6,
    0xb5b6, 0xb5b6, 0xb5b6, 0xb5b6, 0xb5b6, 0xb5b6, 0xb5b6, 0xb5b6, 0xb5b6, 0xb5b6, 0xb5b6, 0xb5b6, 0xb5b6, 0xb5b6, 0xb5b6, 0xb5b6,
    0xb5b6, 0xb5b6, 0xb5b6, 0xb5b6, 0xb5b6, 0xb5b6, 0xb5b6, 0xb5b6, 0xb5b6, 0xb5b6, 0xb5b6, 0xb5b6, 0xb5b6, 0xb5b6, 0xb5b6, 0xb5b6,
    0xb5b6, 0xb5b6, 0xb5b6, 0xb5b6, 0xb5b6, 0xb596, 0x0000, 0x0000, 0x0000, 0x0000, 0x9cd3, 0x9cd3, 0x9cd3, 0x9cd3, 0x9cd3, 0xa514,
    0xad55, 0xb596, 0xb5b6, 0xb5b6, 0xb5b6, 0xb5b6, 0xb5b6, 0xb5b6, 0xb5b6, 0xb5b6, 0xb5b6, 0xb5b6, 0xb5b6, 0xb5b6, 0xb5b6, 0xb5b6,
    0xb5b6, 0xb5b6, 0xb5b6, 0xb5b6, 0xb5b6, 0xb5b6, 0xb5b6, 0xb5b6, 0xb5b6, 0xb5b6, 0xb5b6, 0xb5b6, 0xb5b6, 0xb5b6, 0xb5b6, 0xb5b6,
    0xb5b6, 0xb5b6, 0xb5b6, 0xb5b6, 0xb5b6, 0xb5b6, 0xb5b6, 0xb5b6, 0xb5b6, 0xb5b6, 0xb5b6, 0xb5b6, 0xb5b6, 0xb5b6, 0xb596, 0xb5b6,
    0xb5b6, 0xb5b6, 0xb5b6, 0xb5b6, 0xb5b6, 0xb5b6, 0xb596, 0xad55, 0x9cf3, 0x0000, 0x0000, 0x0000, 0x0000, 0x9cd3, 0x9cd3, 0x9cd3,
    0x9cd3, 0x9cd3, 0x9cd3, 0x9cd3, 0x9cd3, 0x9cd3, 0x9cf3, 0xa514, 0xa534, 0xa534, 0xa534, 0xa534, 0xa534, 0xa514, 0xa514, 0xad75,
    0xb5b6, 0xb5b6, 0xb5b6, 0xb5b6, 0xb5b6, 0xb5b6, 0xb5b6, 0xb5b6, 0xb5b6, 0xb5b6, 0xb5b6, 0xb5b6, 0xb5b6, 0xb5b6, 0xb5b6, 0xb5b6,
    0xb5b6, 0xb5b6, 0xb5b6, 0xb5b6, 0xb5b6, 0xb5b6, 0xb5b6, 0xb5b6, 0xb5b6, 0xb5b6, 0xb5b6, 0xb5b6, 0xb5b6, 0xb5b6, 0xb5b6, 0xb5b6,
    0xad55, 0x9cd3, 0x9cf3, 0xad55, 0xad75, 0xad75, 0xad75, 0xad55, 0xa514, 0x9cd3, 0x9cd3, 0x9cd3, 0x0000, 0x0000, 0x0000, 0x0000,
    0x94b2, 0x9cd3, 0x9cd3, 0x9cd3, 0x9cd3, 0x9cd3, 0x9cd3, 0x9cd3, 0x9cd3, 0x9cd3, 0x9cd3, 0x9cd3, 0x9cd3, 0x9cd3, 0x9cd3, 0x9cd3,
    0x9cd3, 0x9cd3, 0x9cd3, 0xa534, 0xb5b6, 0xb5b6, 0xb5b6, 0xb5b6, 0xb5b6, 0xb5b6, 0xb5b6, 0xb5b6, 0xb5b6, 0xb5b6, 0xb5b6, 0xb5b6,
    0xb5b6, 0xb5b6, 0xb596, 0xb5b6, 0xb5b6, 0xb5b6, 0xb5b6, 0xb5b6, 0xb5b6, 0xb5b6, 0xb5b6, 0xb5b6, 0xb5b6, 0xb5b6, 0xb5b6, 0xb5b6,
    0xb5b6, 0xb596, 0xa514, 0x9cd3, 0x9cd3, 0x9cd3, 0x9cd3, 0x9cd3, 0x9cd3, 0x9cd3, 0x9cd3, 0x9cd3, 0x9cd3, 0x9cd3, 0x9cd3, 0x0000,
    0x0000, 0x0000, 0x0000, 0x0000, 0x94b2, 0x9cd3, 0x9cd3, 0x9cd3, 0x9cd3, 0x9cd3, 0x9cd3, 0x9cd3, 0x9cd3, 0x9cd3, 0x9cd3, 0x9cd3,
    0x9cd3, 0x9cd3, 0x9cd3, 0x9cd3, 0x9cd3, 0x9cd3, 0x9cd3, 0x9cf3, 0xad75, 0xb5b6, 0xb5b6, 0xb5b6, 0xb5b6, 0xb5b6, 0xb5b6, 0xb5b6,
    0xb5b6, 0xb5b6, 0xb5b6, 0xb596, 0xa514, 0x9cd3, 0xad55, 0xb596, 0xb5b6, 0xb5b6, 0xb5b6, 0xb5b6, 0xb5b6, 0xb5b6, 0xb5b6, 0xb5b6,
    0xb5b6, 0xb5b6, 0xb5b6, 0xad55, 0x9cd3, 0x9cd3, 0x9cd3, 0x9cd3, 0x9cd3, 0x9cd3, 0x9cd3, 0x9cd3, 0x9cd3, 0x9cd3, 0x9cd3, 0x9cd3,
    0x9cd3, 0x0000, 0x0000, 0x0000, 0x0000, 0x0000, 0x0000, 0x0000, 0x9cd3, 0x9cd3, 0x9cd3, 0x9cd3, 0x9cd3, 0x9cd3, 0x9cd3, 0x9cd3,
    0x9cd3, 0x9cd3, 0x9cd3, 0x9cd3, 0x9cd3, 0x9cd3, 0x9cd3, 0x9cd3, 0x9cd3, 0x9cd3, 0x9cd3, 0x9cd3, 0x9cf3, 0xa534, 0xad75, 0xb596,
    0xb5b6, 0xb5b6, 0xb5b6, 0xb596, 0xad75, 0xa514, 0x9cd3, 0x9cd3, 0x9cd3, 0x9cd3, 0x9cd3, 0xa514, 0xa534, 0xad55, 0xad75, 0xb596,
    0xb5b6, 0xb596, 0xad75, 0xad55, 0xa534, 0x9cd3, 0x9cd3, 0x9cd3, 0x9cd3, 0x9cd3, 0x9cd3, 0x9cd3, 0x9cd3, 0x9cd3, 0x9cd3, 0x9cd3,
    0x9cd3, 0x9cd3, 0x9cd3, 0x9cd3, 0x0000, 0x0000, 0x0000, 0x0000, 0x0000, 0x0000, 0x0000, 0x0000, 0x9cd3, 0x9cd3, 0x9cd3, 0x9cd3,
    0x9cd3, 0x9cd3, 0x9cd3, 0x9cd3, 0x9cd3, 0x9cd3, 0x9cd3, 0x9cd3, 0x9cd3, 0x9cd3, 0x9cd3, 0x9cd3, 0x9cd3, 0x9cd3, 0x9cd3, 0x9cd3,
    0x9cd3, 0x9cd3, 0x9cd3, 0x9cd3, 0x9cd3, 0x9cd3, 0x9cd3, 0x9cd3, 0x9cd3, 0x9cd3, 0x9cd3, 0x9cd3, 0x9cd3, 0x9cd3, 0x9cd3, 0x9cd3,
    0x9cd3, 0x9cd3, 0x9cd3, 0x9cd3, 0x9cd3, 0x9cd3, 0x9cd3, 0x9cd3, 0x9cd3, 0x9cd3, 0x9cd3, 0x9cd3, 0x9cd3, 0x9cd3, 0x9cd3, 0x9cd3,
    0x9cd3, 0x9cd3, 0x9cd3, 0x9cd3, 0x9cd3, 0x94b2, 0x0000, 0x0000, 0x0000, 0x0000, 0x0000, 0x0000, 0x0000, 0x0000, 0x0000, 0x0000,
    0x9cf3, 0x9cd3, 0x94b2, 0x9cd3, 0x9cd3, 0x9cd3, 0x9cd3, 0x9cd3, 0x9cd3, 0x9cd3, 0x9cd3, 0x9cd3, 0x9cd3, 0x9cd3, 0x9cd3, 0x9cd3,
    0x9cd3, 0x9cd3, 0x9cd3, 0x9cd3, 0x9cd3, 0x9cd3, 0x9cd3, 0x9cd3, 0x9cd3, 0x9cd3, 0x9cd3, 0x9cd3, 0x9cd3, 0x9cd3, 0x9cd3, 0x9cd3,
    0x9cd3, 0x9cd3, 0x9cd3, 0x9cd3, 0x9cd3, 0x9cd3, 0x9cd3, 0x9cd3, 0x9cd3, 0x9cd3, 0x9cd3, 0x9cd3, 0x9cd3, 0x9cd3, 0x9cd3, 0x9cd3,
    0x9cd3, 0x9cd3, 0x9cd3, 0x9cd3, 0x9cd3, 0x94b2, 0x9cd3, 0x0000, 0x0000, 0x0000, 0x0000, 0x0000, 0x0000, 0x0000, 0x0000, 0x0000,
    0x0000, 0x0000, 0x0000, 0x0000, 0x0000, 0x0000, 0x0000, 0x9cd3, 0x9cd3, 0x9cd3, 0x9cd3, 0x9cd3, 0x9cd3, 0x9cd3, 0x9cd3, 0x94b2,
    0x9cd3, 0x9cd3, 0x9cd3, 0x9cd3, 0x9cd3, 0x9cd3, 0x9cd3, 0x9cd3, 0x9cd3, 0x9cd3, 0x9cd3, 0x9cd3, 0x9cd3, 0x9cd3, 0x9cd3, 0x9cd3,
    0x9cd3, 0x9cd3, 0x9cd3, 0x9cd3, 0x9cd3, 0x9cd3, 0x9cd3, 0x9cd3, 0x9cd3, 0x9cd3, 0x9cd3, 0x9cd3, 0x9cd3, 0x9cd3, 0x9cd3, 0x9cd3,
    0x9cd3, 0x9cd3, 0x9cd3, 0x9cd3, 0x94b2, 0x9cd3, 0x94b2, 0x0000, 0x0000, 0x0000, 0x0000, 0x0000, 0x0000, 0x0000, 0x0000, 0x0000,
    0x0000, 0x0000, 0x0000, 0x0000, 0x0000, 0x0000, 0x0000, 0x0000, 0x0000, 0x0000, 0x0000, 0x0000, 0x0000, 0x0000, 0x0000, 0x0000,
    0x0000, 0x0000, 0x0000, 0x9cd3, 0x9cd3, 0x9cd3, 0x9cd3, 0x9cd3, 0x9cd3, 0x9cd3, 0x9cd3, 0x9cd3, 0x9cd3, 0x9cd3, 0x9cd3, 0x9cd3,
    0x9cd3, 0x9cd3, 0x9cd3, 0x9cd3, 0x9cd3, 0x9cd3, 0x9cd3, 0x9cd3, 0x9cd3, 0x9cd3, 0x9cd3, 0x9cd3, 0x9cd3, 0x9cd3, 0x9cd3, 0x9cd3,
    0x9cd3, 0x9cd3, 0x9cd3, 0x9cd3, 0x9cd3, 0x9cd3, 0x9cd3, 0x0000, 0x0000, 0x0000, 0x0000, 0x0000, 0x0000, 0x0000, 0x0000, 0x0000,
    0x0000, 0x0000, 0x0000, 0x0000, 0x0000, 0x0000, 0x0000, 0x0000, 0x0000, 0x0000, 0x0000, 0x0000, 0x0000, 0x0000, 0x0000, 0x0000,
    0x0000, 0x0000, 0x0000, 0x0000, 0x0000, 0x0000, 0x0000, 0x0000, 0x9cd3, 0x9cd3, 0x9cd3, 0x9cd3, 0x9cd3, 0x9cd3, 0x9cd3, 0x9cd3,
    0x9cd3, 0x9cd3, 0x9cd3, 0x9cd3, 0x9cd3, 0x9cd3, 0x9cd3, 0x9cd3, 0x9cd3, 0x9cd3, 0x9cd3, 0x9cd3, 0x9cd3, 0x9cd3, 0x9cd3, 0x9cd3,
    0x9cd3, 0x9cd3, 0x9cd3, 0x9cd3, 0x9cd3, 0x9cd3, 0x9cd3, 0x9cd3, 0x9cd3, 0x8c71, 0x0000, 0x0000, 0x0000, 0x0000, 0x0000, 0x0000,
    0x0000, 0x0000, 0x0000, 0x0000, 0x0000, 0x0000, 0x0000, 0x0000, 0x0000, 0x0000, 0x0000, 0x0000, 0x0000, 0x0000, 0x0000, 0x0000,
    0x0000, 0x0000, 0x0000, 0x0000, 0x0000, 0x0000, 0x0000, 0x0000, 0x0000, 0x0000, 0x0000, 0x0000, 0x0000, 0x9cd3, 0x94b2, 0x9cd3,
    0x9cd3, 0x9cd3, 0x9cd3, 0x9cd3, 0x9cd3, 0x9cd3, 0x94b2, 0x9492, 0x0000, 0x9cd3, 0x9cd3, 0x9cd3, 0x9cd3, 0x9cd3, 0x9cd3, 0x9cd3,
    0x9cd3, 0x9cd3, 0x9cd3, 0x9cd3, 0x9cd3, 0x9cd3, 0x9cd3, 0x9cd3, 0x9cd3, 0x9cd3, 0x9cd3, 0x9cf3, 0x0000, 0x0000, 0x0000, 0x0000,
    0x0000, 0x0000, 0x0000, 0x0000, 0x0000, 0x0000, 0x0000, 0x0000, 0x0000, 0x0000, 0x0000, 0x0000, 0x0000, 0x0000, 0x0000, 0x0000,
    0x0000, 0x0000, 0x0000, 0x0000, 0x0000, 0x0000, 0x0000, 0x0000, 0x0000, 0x0000, 0x0000, 0x0000, 0x0000, 0x0000, 0x0000, 0x0000,
    0x0000, 0x0000, 0x0000, 0x0000, 0x0000, 0x0000, 0x0000, 0x0000, 0x0000, 0x0000, 0x0000, 0x0000, 0x0000, 0x94b2, 0x9cd3, 0x9cd3,
    0x9cd3, 0x9cd3, 0x9cd3, 0x9cd3, 0x9cd3, 0x9cd3, 0x9cd3, 0x9cd3, 0x9cd3, 0x9cd3, 0x9cd3, 0x9cd3, 0x9cd3, 0x94b2, 0x0000, 0x0000,
    0x0000, 0x0000, 0x0000, 0x0000, 0x0000, 0x0000, 0x0000, 0x0000, 0x0000, 0x0000, 0x0000, 0x0000, 0x0000, 0x0000, 0x0000, 0x0000,
    0x0000, 0x0000, 0x0000, 0x0000, 0x0000, 0x0000, 0x0000, 0x0000, 0x0000, 0x0000, 0x0000, 0x0000, 0x0000, 0x0000, 0x0000, 0x0000,
    0x0000, 0x0000, 0x0000, 0x0000, 0x0000, 0x0000, 0x0000, 0x0000, 0x0000, 0x0000, 0x0000, 0x0000, 0x0000, 0x0000, 0x0000, 0x0000,
    0x0000, 0x0000, 0x9cd3, 0x9cd3, 0x9cd3, 0x9cd3, 0x9cd3, 0x9cd3, 0x9cd3, 0x9cd3, 0x9cd3, 0x9cd3, 0x9cd3, 0x9cd3, 0x9cd3, 0x0000,
    0x0000, 0x0000, 0x0000, 0x0000, 0x0000, 0x0000, 0x0000, 0x0000, 0x0000, 0x0000, 0x0000, 0x0000, 0x0000, 0x0000, 0x0000, 0x0000,
    0x0000, 0x0000, 0x0000, 0x0000, 0x0000, 0x0000, 0x0000, 0x0000, 0x0000, 0x0000, 0x0000, 0x0000, 0x0000, 0x0000, 0x0000, 0x0000,
    0x0000, 0x0000, 0x0000, 0x0000, 0x0000, 0x0000, 0x0000, 0x0000, 0x0000, 0x0000, 0x0000, 0x0000, 0x0000, 0x0000, 0x0000, 0x0000,
    0x0000, 0x0000, 0x0000, 0x0000, 0x0000, 0x0000, 0x0000, 0x9cd3, 0x9cd3, 0x9cd3, 0x9cd3, 0x9cd3, 0x9cd3, 0x9cd3, 0x94b2, 0x0000,
    0x0000, 0x0000, 0x0000, 0x0000, 0x0000, 0x0000, 0x0000, 0x0000, 0x0000, 0x0000, 0x0000, 0x0000, 0x0000, 0x0000, 0x0000, 0x0000,
    0x0000, 0x0000, 0x0000, 0x0000, 0x0000, 0x0000, 0x0000, 0x0000, 0x0000, 0x0000, 0x0000, 0x0000, 0x0000, 0x0000, 0x0000, 0x0000,
    0x0000, 0x0000, 0x0000, 0x0000, 0x0000, 0x0000, 0x0000, 0x0000, 0x0000, 0x0000, 0x0000, 0x0000, 0x0000, 0x0000, 0x0000, 0x0000,
    0x0000, 0x0000, 0x0000, 0x0000, 0x0000, 0x0000, 0x0000, 0x0000, 0x0000, 0x0000, 0x0000, 0x0000, 0x0000, 0x0000, 0x0000, 0x0000,
    0x0000, 0x0000, 0x0000, 0x0000, 0x0000, 0x0000, 0x0000, 0x0000, 0x0000, 0x0000, 0x0000, 0x0000, 0x0000, 0x0000, 0x0000, 0x0000,
    0x0000, 0x0000, 0x0000, 0x0000, 0x0000, 0x0000, 0x0000, 0x0000, 0x0000, 0x0000, 0x0000, 0x0000, 0x0000, 0x0000, 0x0000, 0x0000,
    0x0000, 0x0000, 0x0000, 0x0000, 0x0000, 0x0000, 0x0000, 0x0000, 0x0000, 0x0000, 0x0000, 0x0000, 0x0000, 0x0000, 0x0000, 0x0000,
    0x0000, 0x0000, 0x0000, 0x0000, 0x0000, 0x0000, 0x0000, 0x0000, 0x0000, 0x0000, 0x0000, 0x0000, 0x0000, 0x0000, 0x0000, 0x0000,
    0x0000, 0x0000, 0x0000, 0x0000, 0x0000, 0x0000, 0x0000, 0x0000, 0x0000, 0x0000, 0x0000, 0x0000, 0x0000, 0x0000, 0x0000, 0x0000,
    0x0000, 0x0000, 0x0000, 0x0000, 0x0000, 0x0000, 0x0000, 0x0000, 0x0000, 0x0000, 0x0000, 0x0000, 0x0000, 0x0000, 0x0000, 0x0000,
    0x0000, 0x0000, 0x0000, 0x0000, 0x0000, 0x0000, 0x0000, 0x0000, 0x0000, 0x0000, 0x0000, 0x0000, 0x0000, 0x0000, 0x0000, 0x0000,
    0x0000, 0x0000, 0x0000, 0x0000, 0x0000, 0x0000, 0x0000, 0x0000, 0x0000, 0x0000, 0x0000, 0x0000, 0x0000, 0x0000, 0x0000, 0x0000,
    0x0000, 0x0000, 0x0000, 0x0000, 0x0000, 0x0000, 0x0000, 0x0000, 0x0000, 0x0000, 0x0000, 0x0000, 0x0000, 0x0000, 0x0000, 0x0000,
    0x0000, 0x0000, 0x0000, 0x0000, 0x0000, 0x0000, 0x0000, 0x0000, 0x0000};
// 'few-clouds', 67x67px
const uint16_t weather_few_clouds[] PROGMEM = {
    0x0000, 0x0000, 0x0000, 0x0000, 0x0000, 0x0000, 0x0000, 0x0000, 0x0000, 0x0000, 0x0000, 0x0000, 0x0000, 0x0000, 0x0000, 0x0000,
    0x0000, 0x0000, 0x0000, 0x0000, 0x0000, 0x0000, 0x0000, 0x0000, 0x0000, 0x0000, 0x0000, 0x0000, 0x0000, 0x0000, 0x0000, 0x0000,
    0x0000, 0x0000, 0x0000, 0x0000, 0x0000, 0x0000, 0x0000, 0x0000, 0x0000, 0x0000, 0x0000, 0x0000, 0x0000, 0x0000, 0x0000, 0x0000,
    0x0000, 0x0000, 0x0000, 0x0000, 0x0000, 0x0000, 0x0000, 0x0000, 0x0000, 0x0000, 0x0000, 0x0000, 0x0000, 0x0000, 0x0000, 0x0000,
    0x0000, 0x0000, 0x0000, 0x0000, 0x0000, 0x0000, 0x0000, 0x0000, 0x0000, 0x0000, 0x0000, 0x0000, 0x0000, 0x0000, 0x0000, 0x0000,
    0x0000, 0x0000, 0x0000, 0x0000, 0x0000, 0x0000, 0x0000, 0x0000, 0x0000, 0x0000, 0x0000, 0x0000, 0x0000, 0x0000, 0x0000, 0x0000,
    0x0000, 0x0000, 0x0000, 0x0000, 0x0000, 0x0000, 0x0000, 0x0000, 0x0000, 0x0000, 0x0000, 0x0000, 0x0000, 0x0000, 0x0000, 0x0000,
    0x0000, 0x0000, 0x0000, 0x0000, 0x0000, 0x0000, 0x0000, 0x0000, 0x0000, 0x0000, 0x0000, 0x0000, 0x0000, 0x0000, 0x0000, 0x0000,
    0x0000, 0x0000, 0x0000, 0x0000, 0x0000, 0x0000, 0x0000, 0x0000, 0x0000, 0x0000, 0x0000, 0x0000, 0x0000, 0x0000, 0x0000, 0x0000,
    0x0000, 0x0000, 0x0000, 0x0000, 0x0000, 0x0000, 0x0000, 0x0000, 0x0000, 0x0000, 0x0000, 0x0000, 0x0000, 0x0000, 0x0000, 0x0000,
    0x0000, 0x0000, 0x0000, 0x0000, 0x0000, 0x0000, 0x0000, 0x0000, 0x0000, 0x0000, 0x0000, 0x0000, 0x0000, 0x0000, 0x0000, 0x0000,
    0x0000, 0x0000, 0x0000, 0x0000, 0x0000, 0x0000, 0x0000, 0x0000, 0x0000, 0x0000, 0x0000, 0x0000, 0x0000, 0x0000, 0x0000, 0x0000,
    0x0000, 0x0000, 0x0000, 0x0000, 0x0000, 0x0000, 0x0000, 0x0000, 0x0000, 0x0000, 0x0000, 0x0000, 0x0000, 0x0000, 0x0000, 0x0000,
    0x0000, 0x0000, 0x0000, 0x0000, 0x0000, 0x0000, 0x0000, 0x0000, 0x0000, 0x0000, 0x0000, 0x0000, 0x0000, 0x0000, 0x0000, 0x0000,
    0x0000, 0x0000, 0x0000, 0x0000, 0x0000, 0x0000, 0x0000, 0x0000, 0x0000, 0x0000, 0x0000, 0x0000, 0x0000, 0x0000, 0x0000, 0x0000,
    0x0000, 0x0000, 0x0000, 0x0000, 0x0000, 0x0000, 0x0000, 0x0000, 0x0000, 0x0000, 0x0000, 0x0000, 0x0000, 0x0000, 0x0000, 0x0000,
    0x0000, 0x0000, 0x0000, 0x0000, 0x0000, 0x0000, 0x0000, 0x0000, 0x0000, 0x0000, 0x0000, 0x0000, 0x0000, 0x0000, 0x0000, 0x0000,
    0x0000, 0x0000, 0x0000, 0x0000, 0x0000, 0x0000, 0x0000, 0x0000, 0x0000, 0x0000, 0x0000, 0x0000, 0x0000, 0x0000, 0x0000, 0x0000,
    0x0000, 0x0000, 0x0000, 0x0000, 0x0000, 0x0000, 0x0000, 0x0000, 0x0000, 0x0000, 0x0000, 0x0000, 0x0000, 0x0000, 0x0000, 0x0000,
    0x0000, 0x0000, 0x0000, 0x0000, 0x0000, 0x0000, 0x0000, 0x0000, 0x0000, 0x0000, 0x0000, 0x0000, 0x0000, 0x0000, 0x0000, 0x0000,
    0x0000, 0x0000, 0x0000, 0x0000, 0x0000, 0x0000, 0x0000, 0x0000, 0x0000, 0x0000, 0x0000, 0x0000, 0x0000, 0x0000, 0x0000, 0x0000,
    0x0000, 0x0000, 0x0000, 0x0000, 0x0000, 0x0000, 0x0000, 0x0000, 0x0000, 0x0000, 0x0000, 0x0000, 0x0000, 0x0000, 0x0000, 0x0000,
    0x0000, 0x0000, 0x0000, 0x0000, 0x0000, 0x0000, 0x0000, 0x0000, 0x0000, 0x0000, 0x0000, 0x0000, 0x0000, 0x0000, 0x0000, 0x0000,
    0x0000, 0x0000, 0x0000, 0x0000, 0x0000, 0x0000, 0x0000, 0x0000, 0x0000, 0x0000, 0x0000, 0x0000, 0x0000, 0x0000, 0x0000, 0x0000,
    0x0000, 0x0000, 0x0000, 0x0000, 0x0000, 0x0000, 0x0000, 0x0000, 0x0000, 0x0000, 0x0000, 0x0000, 0x0000, 0x0000, 0x0000, 0x0000,
    0x0000, 0x0000, 0x0000, 0x0000, 0x0000, 0x0000, 0x0000, 0x0000, 0x0000, 0x0000, 0x0000, 0x0000, 0x0000, 0x0000, 0x0000, 0x0000,
    0x0000, 0x0000, 0x0000, 0x0000, 0x0000, 0x0000, 0x0000, 0x0000, 0x0000, 0x0000, 0x0000, 0x0000, 0x0000, 0x0000, 0x0000, 0x0000,
    0x0000, 0x0000, 0x0000, 0x0000, 0x0000, 0x0000, 0x0000, 0x0000, 0x0000, 0x0000, 0x0000, 0x0000, 0x0000, 0x0000, 0x0000, 0x0000,
    0x0000, 0x0000, 0x0000, 0x0000, 0x0000, 0x0000, 0x0000, 0x0000, 0x0000, 0x0000, 0x0000, 0x0000, 0x0000, 0x0000, 0x0000, 0x0000,
    0x0000, 0x0000, 0x0000, 0x0000, 0x0000, 0x0000, 0x0000, 0x0000, 0x0000, 0x0000, 0x0000, 0x0000, 0x0000, 0x0000, 0x0000, 0x0000,
    0x0000, 0x0000, 0x0000, 0x0000, 0x0000, 0x0000, 0x0000, 0x0000, 0x0000, 0x0000, 0x0000, 0x0000, 0x0000, 0x0000, 0x0000, 0x0000,
    0x0000, 0x0000, 0x0000, 0x0000, 0x0000, 0x0000, 0x0000, 0x0000, 0x0000, 0x0000, 0x0000, 0x0000, 0x0000, 0x0000, 0x0000, 0x0000,
    0x0000, 0x0000, 0x0000, 0x0000, 0x0000, 0x0000, 0x0000, 0x0000, 0x0000, 0x0000, 0x0000, 0x0000, 0x0000, 0x0000, 0x0000, 0x0000,
    0x0000, 0x0000, 0x0000, 0x0000, 0x0000, 0x0000, 0x0000, 0x0000, 0x0000, 0x0000, 0x0000, 0x0000, 0x0000, 0x0000, 0x0000, 0x0000,
    0x0000, 0x0000, 0x0000, 0x0000, 0x0000, 0x0000, 0x0000, 0x0000, 0x0000, 0x0000, 0x0000, 0x0000, 0x0000, 0x0000, 0x0000, 0x0000,
    0x0000, 0x0000, 0x0000, 0x0000, 0x0000, 0x0000, 0x0000, 0x0000, 0x0000, 0x0000, 0x0000, 0x0000, 0x0000, 0x0000, 0x0000, 0x0000,
    0x0000, 0x0000, 0x0000, 0x0000, 0x0000, 0x0000, 0x0000, 0x0000, 0x0000, 0x0000, 0x0000, 0x0000, 0x0000, 0x0000, 0x0000, 0x0000,
    0x0000, 0x0000, 0x0000, 0x0000, 0x0000, 0x0000, 0x0000, 0x0000, 0x0000, 0x0000, 0x0000, 0x0000, 0x0000, 0x0000, 0x0000, 0x0000,
    0x0000, 0x0000, 0x0000, 0x0000, 0x0000, 0x0000, 0x0000, 0x0000, 0x0000, 0x0000, 0x0000, 0x0000, 0x0000, 0x0000, 0x0000, 0x0000,
    0x0000, 0x0000, 0x0000, 0x0000, 0x0000, 0x0000, 0x0000, 0x0000, 0x0000, 0x0000, 0x0000, 0x0000, 0x0000, 0x0000, 0x0000, 0x0000,
    0x0000, 0x0000, 0x0000, 0x0000, 0x0000, 0x0000, 0x0000, 0x0000, 0x0000, 0x0000, 0x0000, 0x0000, 0x0000, 0x0000, 0x0000, 0x0000,
    0x0000, 0x0000, 0x0000, 0x0000, 0x0000, 0x0000, 0x0000, 0x0000, 0x0000, 0x0000, 0x0000, 0x0000, 0x0000, 0x0000, 0x0000, 0x0000,
    0x0000, 0x0000, 0x0000, 0x0000, 0x0000, 0x0000, 0x0000, 0x0000, 0x0000, 0x0000, 0x0000, 0x0000, 0x0000, 0x0000, 0x0000, 0x0000,
    0x0000, 0x0000, 0x0000, 0x0000, 0x0000, 0x0000, 0xfd24, 0xfd23, 0x0000, 0x0000, 0x0000, 0x0000, 0x0000, 0x0000, 0x0000, 0x0000,
    0x0000, 0x0000, 0x0000, 0x0000, 0x0000, 0x0000, 0x0000, 0x0000, 0x0000, 0x0000, 0x0000, 0x0000, 0x0000, 0x0000, 0x0000, 0x0000,
    0x0000, 0x0000, 0x0000, 0x0000, 0x0000, 0x0000, 0x0000, 0x0000, 0x0000, 0x0000, 0x0000, 0x0000, 0x0000, 0x0000, 0x0000, 0x0000,
    0x0000, 0x0000, 0x0000, 0x0000, 0x0000, 0x0000, 0x0000, 0x0000, 0x0000, 0x0000, 0x0000, 0x0000, 0x0000, 0x0000, 0x0000, 0x0000,
    0x0000, 0x0000, 0x0000, 0x0000, 0x0000, 0x0000, 0x0000, 0x0000, 0xfd03, 0xfd24, 0xfd24, 0x0000, 0x0000, 0x0000, 0x0000, 0x0000,
    0x0000, 0x0000, 0x0000, 0x0000, 0x0000, 0x0000, 0x0000, 0x0000, 0x0000, 0x0000, 0x0000, 0x0000, 0x0000, 0x0000, 0x0000, 0x0000,
    0x0000, 0x0000, 0x0000, 0x0000, 0x0000, 0x0000, 0x0000, 0x0000, 0x0000, 0x0000, 0x0000, 0x0000, 0x0000, 0x0000, 0x0000, 0x0000,
    0x0000, 0x0000, 0x0000, 0x0000, 0x0000, 0x0000, 0x0000, 0x0000, 0x0000, 0x0000, 0x0000, 0x0000, 0x0000, 0x0000, 0x0000, 0x0000,
    0xfd02, 0xfd24, 0xfce3, 0x0000, 0x0000, 0x0000, 0x0000, 0x0000, 0x0000, 0x0000, 0x0000, 0xfd24, 0xfd24, 0xfd24, 0x0000, 0x0000,
    0x0000, 0x0000, 0x0000, 0x0000, 0x0000, 0x0000, 0x0000, 0x0000, 0x0000, 0x0000, 0x0000, 0x0000, 0x0000, 0x0000, 0x0000, 0x0000,
    0x0000, 0x0000, 0x0000, 0x0000, 0x0000, 0x0000, 0x0000, 0x0000, 0x0000, 0x0000, 0x0000, 0x0000, 0x0000, 0x0000, 0x0000, 0x0000,
    0x0000, 0x0000, 0x0000, 0x0000, 0x0000, 0x0000, 0x0000, 0x0000, 0x0000, 0x0000, 0x0000, 0x0000, 0x0000, 0x0000, 0x0000, 0x0000,
    0x0000, 0x0000, 0x0000, 0xfd43, 0xfd24, 0xfd24, 0xfd44, 0x0000, 0x0000, 0x0000, 0x0000, 0x0000, 0x0000, 0xfd44, 0xfd24, 0xfd24,
    0xfd24, 0x0000, 0x0000, 0x0000, 0x0000, 0x0000, 0x0000, 0x0000, 0x0000, 0x0000, 0x0000, 0x0000, 0x0000, 0x0000, 0x0000, 0x0000,
    0x0000, 0x0000, 0x0000, 0x0000, 0x0000, 0x0000, 0x0000, 0x0000, 0x0000, 0x0000, 0x0000, 0x0000, 0x0000, 0x0000, 0x0000, 0x0000,
    0x0000, 0x0000, 0x0000, 0x0000, 0x0000, 0x0000, 0x0000, 0x0000, 0x0000, 0x0000, 0x0000, 0x0000, 0x0000, 0x0000, 0x0000, 0x0000,
    0x0000, 0x0000, 0x0000, 0x0000, 0x0000, 0x0000, 0x0000, 0xfd24, 0xfd24, 0xfd24, 0xfd24, 0x0000, 0x0000, 0x0000, 0x0000, 0xfda4,
    0xfd24, 0xfd24, 0xfd24, 0xfd24, 0xfd23, 0x0000, 0x0000, 0x0000, 0x0000, 0x0000, 0x0000, 0x0000, 0x0000, 0x0000, 0x0000, 0x0000,
    0x0000, 0x0000, 0x0000, 0x0000, 0x0000, 0x0000, 0x0000, 0x0000, 0x0000, 0x0000, 0x0000, 0x0000, 0x0000, 0x0000, 0x0000, 0x0000,
    0x0000, 0x0000, 0x0000, 0x0000, 0x0000, 0x0000, 0x0000, 0x0000, 0x0000, 0x0000, 0x0000, 0x0000, 0x0000, 0x0000, 0x0000, 0x0000,
    0x0000, 0x0000, 0x0000, 0x0000, 0x0000, 0x0000, 0x0000, 0x0000, 0x0000, 0x0000, 0xfd24, 0xfd24, 0xfd24, 0xfd24, 0xfd24, 0xfbe0,
    0x0000, 0x0000, 0xfd44, 0xfd24, 0xfd24, 0xfd24, 0xfd24, 0xfd24, 0x0000, 0x0000, 0x0000, 0x0000, 0x0000, 0x0000, 0x0000, 0x0000,
    0x0000, 0x0000, 0x0000, 0x0000, 0x0000, 0x0000, 0x0000, 0x0000, 0x0000, 0x0000, 0x0000, 0x0000, 0x0000, 0x0000, 0x0000, 0x0000,
    0x0000, 0x0000, 0x0000, 0x0000, 0x0000, 0x0000, 0x0000, 0x0000, 0x0000, 0x0000, 0x0000, 0x0000, 0x0000, 0x0000, 0x0000, 0x0000,
    0x0000, 0x0000, 0x0000, 0x0000, 0x0000, 0x0000, 0x0000, 0x0000, 0x0000, 0x0000, 0x0000, 0x0000, 0x0000, 0xfd24, 0xfd24, 0xfd24,
    0xfd24, 0xfd24, 0xfd43, 0x0000, 0x0000, 0x0000, 0x0000, 0x0000, 0xfd64, 0xfd24, 0xfd43, 0x0000, 0x0000, 0x0000, 0x0000, 0x0000,
    0x0000, 0x0000, 0xfd23, 0xfd24, 0x0000, 0x0000, 0x0000, 0x0000, 0x0000, 0x0000, 0x0000, 0x0000, 0x0000, 0x0000, 0x0000, 0x0000,
    0x0000, 0x0000, 0x0000, 0x0000, 0x0000, 0x0000, 0x0000, 0x0000, 0x0000, 0x0000, 0x0000, 0x0000, 0x0000, 0x0000, 0x0000, 0x0000,
    0x0000, 0x0000, 0x0000, 0x0000, 0x0000, 0x0000, 0x0000, 0x0000, 0x0000, 0x0000, 0x0000, 0x0000, 0x0000, 0x0000, 0x0000, 0x0000,
    0xfd24, 0xfd24, 0xfd24, 0xfd24, 0xfd43, 0xfe22, 0xfe03, 0xfe03, 0xfe03, 0xfe03, 0xfe03, 0xfe03, 0xffe0, 0x0000, 0x0000, 0x0000,
    0xffe0, 0xfd44, 0xfd24, 0xfd24, 0xfd24, 0xfd24, 0xfd23, 0x0000, 0x0000, 0x0000, 0x0000, 0x0000, 0x0000, 0x0000, 0x0000, 0x0000,
    0x0000, 0x0000, 0x0000, 0x0000, 0x0000, 0x0000, 0x0000, 0x0000, 0x0000, 0x0000, 0x0000, 0x0000, 0x0000, 0x0000, 0x0000, 0x0000,
    0x0000, 0x0000, 0x0000, 0x0000, 0x0000, 0x0000, 0x0000, 0x0000, 0x0000, 0x0000, 0x0000, 0x0000, 0x0000, 0x0000, 0x0000, 0x0000,
    0x0000, 0x0000, 0x0000, 0x0000, 0xfd24, 0xfd43, 0xfec0, 0xfe03, 0xfe03, 0xfe03, 0xfe03, 0xfe03, 0xfe03, 0xfe03, 0xfe03, 0xfe03,
    0xfde2, 0xffe0, 0x0000, 0xfd24, 0xfd24, 0xfd24, 0xfd24, 0xfd24, 0xfd24, 0x0000, 0x0000, 0x0000, 0x0000, 0x0000, 0x0000, 0x0000,
    0x0000, 0x0000, 0x0000, 0x0000, 0x0000, 0x0000, 0x0000, 0x0000, 0x0000, 0x0000, 0x0000, 0x0000, 0x0000, 0x0000, 0x0000, 0x0000,
    0x0000, 0x0000, 0x0000, 0x0000, 0x0000, 0x0000, 0x0000, 0x0000, 0x0000, 0x0000, 0x0000, 0x0000, 0x0000, 0x0000, 0x0000, 0x0000,
    0x0000, 0x0000, 0x0000, 0x0000, 0x0000, 0x0000, 0x0000, 0x0000, 0xfe63, 0xfe03, 0xfe24, 0xfea9, 0xfe46, 0xfe03, 0xfe03, 0xfe03,
    0xfe03, 0xfe03, 0xfe03, 0xfe03, 0xfe03, 0xfde3, 0xfd24, 0xfd24, 0xfd24, 0xfd24, 0xfd24, 0xfd63, 0x0000, 0xbdf7, 0xb5b6, 0xb596,
    0xb596, 0xb596, 0xb596, 0x0000, 0x0000, 0x0000, 0x0000, 0x0000, 0x0000, 0x0000, 0x0000, 0x0000, 0x0000, 0x0000, 0x0000, 0x0000,
    0x0000, 0x0000, 0x0000, 0x0000, 0x0000, 0x0000, 0x0000, 0x0000, 0x0000, 0x0000, 0x0000, 0x0000, 0x0000, 0x0000, 0x0000, 0x0000,
    0x0000, 0x0000, 0x0000, 0x0000, 0x0000, 0x0000, 0x0000, 0x0000, 0x0000, 0x0000, 0x0000, 0xfe03, 0xfe03, 0xff0c, 0xff0d, 0xfeec,
    0xfe03, 0xfe03, 0xfe03, 0xfe03, 0xfe03, 0xfe03, 0xfe03, 0xfe03, 0xfe03, 0xfe82, 0xfd24, 0xfd24, 0xfd24, 0xe56b, 0xb596, 0xb5b6,
    0xb5b6, 0xb5b6, 0xb5b6, 0xb5b6, 0xb5b6, 0xb5b6, 0xb5b6, 0xb596, 0xb596, 0xb596, 0x0000, 0x0000, 0x0000, 0x0000, 0x0000, 0x0000,
    0x0000, 0x0000, 0x0000, 0x0000, 0x0000, 0x0000, 0x0000, 0x0000, 0x0000, 0x0000, 0x0000, 0x0000, 0x0000, 0x0000, 0x0000, 0x0000,
    0x0000, 0x0000, 0x0000, 0x0000, 0x0000, 0x0000, 0x0000, 0x0000, 0x0000, 0xfd23, 0xfd23, 0xfd43, 0x0000, 0xfe03, 0xfe03, 0xfe88,
    0xff0d, 0xff0d, 0xfea9, 0xfe03, 0xfe03, 0xfe03, 0xfe03, 0xfe03, 0xfe03, 0xfe03, 0xfe03, 0xfe03, 0xfe03, 0xfd83, 0xfd46, 0xc572,
    0xb5b6, 0xb5b6, 0xb5b6, 0xb5b6, 0xb5b6, 0xb5b6, 0xb5b6, 0xb5b6, 0xb5b6, 0xb5b6, 0xb5b6, 0xb5b6, 0xb5b6, 0xb596, 0xb5b6, 0xb5b6,
    0x0000, 0x0000, 0x0000, 0x0000, 0x0000, 0x0000, 0x0000, 0x0000, 0x0000, 0x0000, 0x0000, 0x0000, 0x0000, 0x0000, 0x0000, 0x0000,
    0x0000, 0x0000, 0x0000, 0x0000, 0x0000, 0x0000, 0x0000, 0x0000, 0xfd24, 0xfd24, 0xfd24, 0xfd24, 0xfd24, 0xfd24, 0xfd24, 0xffe0,
    0xfe03, 0xfe03, 0xfeca, 0xff0d, 0xff0c, 0xfe24, 0xfe03, 0xfe03, 0xfe03, 0xfe03, 0xfe03, 0xfe03, 0xfe03, 0xfe03, 0xfe03, 0xfe03,
    0xbdb4, 0xb596, 0xb5b6, 0xb5b6, 0xb5b6, 0xb5b6, 0xb5b6, 0xb5b6, 0xb5b6, 0xb5b6, 0xb5b6, 0xb5b6, 0xb5b6, 0xb5b6, 0xb5b6, 0xb5b6,
    0xb5b6, 0xb5b6, 0xb596, 0xb596, 0x0000, 0x0000, 0x0000, 0x0000, 0x0000, 0x0000, 0x0000, 0x0000, 0x0000, 0x0000, 0x0000, 0x0000,
    0x0000, 0x0000, 0x0000, 0x0000, 0x0000, 0x0000, 0x0000, 0x0000, 0x0000, 0x0000, 0x0000, 0xfd24, 0xfd24, 0xfd24, 0xfd24, 0xfd24,
    0xfd24, 0xfd23, 0xfde3, 0xfe03, 0xfe03, 0xfe67, 0xfeeb, 0xfe46, 0xfe03, 0xfe03, 0xfe03, 0xfe03, 0xfe03, 0xfe03, 0xfe03, 0xfe03,
    0xfe03, 0xfe03, 0xddcc, 0xb5b6, 0xb5b6, 0xb5b6, 0xb5b6, 0xb5b6, 0xb5b6, 0xb5b6, 0xb5b6, 0xb5b6, 0xb5b6, 0xb5b6, 0xb5b6, 0xb5b6,
    0xb5b6, 0xb5b6, 0xb5b6, 0xb5b6, 0xb5b6, 0xb5b6, 0xb5b6, 0xb596, 0x0000, 0x0000, 0x0000, 0x0000, 0x0000, 0x0000, 0x0000, 0x0000,
    0x0000, 0x0000, 0x0000, 0x0000, 0x0000, 0x0000, 0x0000, 0x0000, 0x0000, 0x0000, 0x0000, 0x0000, 0x0000, 0x0000, 0x0000, 0xfd43,
    0xfd24, 0xfd24, 0xfd24, 0xfd24, 0xfd23, 0xfe03, 0xfe03, 0xfe03, 0xfe03, 0xfe03, 0xfe03, 0xfe03, 0xfe03, 0xfe03, 0xfe03, 0xfe03,
    0xfe03, 0xfe03, 0xfe03, 0xfe03, 0xddcc, 0xb5b6, 0xb5b6, 0xb5b6, 0xb5b6, 0xb5b6, 0xb5b6, 0xb5b6, 0xb5b6, 0xb5b6, 0xb5b6, 0xb5b6,
    0xb5b6, 0xb5b6, 0xb5b6, 0xb5b6, 0xb5b6, 0xb5b6, 0xb5b6, 0xb5b6, 0xb5b6, 0xb5b6, 0xb5b6, 0xb5b6, 0x0000, 0x0000, 0x0000, 0x0000,
    0x0000, 0x0000, 0x0000, 0x0000, 0x0000, 0x0000, 0x0000, 0x0000, 0x0000, 0x0000, 0x0000, 0x0000, 0x0000, 0x0000, 0x0000, 0x0000,
    0x0000, 0x0000, 0x0000, 0x0000, 0xfd44, 0xfd24, 0xfd24, 0xfd42, 0xfe03, 0xfe03, 0xfe03, 0xfe03, 0xfe03, 0xfe03, 0xfe03, 0xfe03,
    0xfe03, 0xfe03, 0xfe03, 0xfe03, 0xfe03, 0xfe03, 0xede7, 0xb5b6, 0xb5b6, 0xb5b6, 0xb5b6, 0xb5b6, 0xb5b6, 0xb5b6, 0xb5b6, 0xb5b6,
    0xb5b6, 0xb5b6, 0xb5b6, 0xb5b6, 0xb5b6, 0xb5b6, 0xb5b6, 0xb5b6, 0xb5b6, 0xb5b6, 0xb5b6, 0xb5b6, 0xb5b6, 0xb5b6, 0xb5b6, 0xb5b6,
    0x0000, 0x0000, 0x0000, 0x0000, 0x0000, 0x0000, 0x0000, 0x0000, 0x0000, 0x0000, 0x0000, 0x0000, 0x0000, 0x0000, 0x0000, 0x0000,
    0x0000, 0x0000, 0x0000, 0x0000, 0x0000, 0x0000, 0x0000, 0x0000, 0xfd82, 0xfd24, 0x0000, 0xfe03, 0xfe03, 0xfe03, 0xfe03, 0xfe03,
    0xfe03, 0xfe03, 0xfe03, 0xfe03, 0xfe03, 0xfe03, 0xfe03, 0xfe03, 0xfe04, 0xbdb3, 0xb5b6, 0xb5b6, 0xb5b6, 0xb5b6, 0xb5b6, 0xb5b6,
    0xb5b6, 0xb5b6, 0xb5b6, 0xb5b6, 0xb5b6, 0xb5b6, 0xb5b6, 0xb5b6, 0xb5b6, 0xb5b6, 0xb5b6, 0xb5b6, 0xb5b6, 0xb5b6, 0xb5b6, 0xb5b6,
    0xb5b6, 0xb5b6, 0xb5b6, 0xb5b6, 0x0000, 0x0000, 0x0000, 0x0000, 0x0000, 0x0000, 0x0000, 0x0000, 0x0000, 0x0000, 0x0000, 0x0000,
    0x0000, 0x0000, 0x0000, 0x0000, 0x0000, 0x0000, 0x0000, 0x0000, 0x0000, 0x0000, 0x0000, 0x0000, 0x0000, 0x0000, 0xfe03, 0xfe03,
    0xfe03, 0xfe03, 0xfe03, 0xfe03, 0xfe03, 0xfe03, 0xfe03, 0xfe03, 0xfe03, 0xfe03, 0xfe03, 0xd5ce, 0xb5b6, 0xb5b6, 0xb5b6, 0xb5b6,
    0xb5b6, 0xb5b6, 0xb5b6, 0xb5b6, 0xb5b6, 0xb5b6, 0xb5b6, 0xb5b6, 0xb5b6, 0xb5b6, 0xb5b6, 0xb5b6, 0xb5b6, 0xb5b6, 0xb5b6, 0xb5b6,
    0xb5b6, 0xb5b6, 0xb5b6, 0xb5b6, 0xb5b6, 0xb5b6, 0xb596, 0x0000, 0x0000, 0x0000, 0x0000, 0x0000, 0x0000, 0x0000, 0x0000, 0x0000,
    0x0000, 0x0000, 0x0000, 0x0000, 0x0000, 0x0000, 0x0000, 0x0000, 0x0000, 0x0000, 0x0000, 0x0000, 0x0000, 0x0000, 0x0000, 0x0000,
    0x0000, 0xfe03, 0xfe03, 0xfe03, 0xfe03, 0xfe03, 0xfe03, 0xfe03, 0xfe03, 0xfe03, 0xfe03, 0xfe03, 0xfe03, 0xf5e5, 0xb5b6, 0xb5b6,
    0xb5b6, 0xb5b6, 0xb5b6, 0xb5b6, 0xb5b6, 0xb5b6, 0xb5b6, 0xb5b6, 0xb5b6, 0xb5b6, 0xb5b6, 0xb5b6, 0xb5b6, 0xb5b6, 0xb5b6, 0xb5b6,
    0xb5b6, 0xb5b6, 0xb5b6, 0xb5b6, 0xb5b6, 0xb5b6, 0xb5b6, 0xb5b6, 0xb5b6, 0xb5b6, 0xb5b6, 0x0000, 0x0000, 0x0000, 0x0000, 0x0000,
    0x0000, 0x0000, 0x0000, 0x0000, 0x0000, 0x0000, 0x0000, 0x0000, 0x0000, 0x0000, 0x0000, 0x0000, 0x0000, 0x0000, 0x0000, 0x0000,
    0x0000, 0x0000, 0xfd40, 0xfd23, 0xffe0, 0xfe03, 0xfe03, 0xfe03, 0xfe03, 0xfe03, 0xfe03, 0xfe03, 0xfe03, 0xfe03, 0xfe03, 0xfe03,
    0xddcc, 0xb5b6, 0xb5b6, 0xb5b6, 0xb5b6, 0xb5b6, 0xb5b6, 0xb5b6, 0xb5b6, 0xb5b6, 0xb5b6, 0xb5b6, 0xb5b6, 0xb5b6, 0xb5b6, 0xb5b6,
    0xb5b6, 0xb5b6, 0xb5b6, 0xb5b6, 0xb5b6, 0xb5b6, 0xb5b6, 0xb5b6, 0xb5b6, 0xb5b6, 0xb5b6, 0xb5b6, 0xb5b6, 0xb5b6, 0x0000, 0x0000,
    0x0000, 0x0000, 0x0000, 0x0000, 0x0000, 0x0000, 0x0000, 0x0000, 0x0000, 0x0000, 0x0000, 0x0000, 0x0000, 0x0000, 0x0000, 0x0000,
    0x0000, 0x0000, 0x0000, 0x0000, 0x0000, 0xfd24, 0xfd24, 0xfd03, 0xfe03, 0xfe03, 0xfe03, 0xfe03, 0xfe03, 0xfe03, 0xe5e9, 0xd5ce,
    0xc5d1, 0xc5b1, 0xc5b1, 0xbdb4, 0xb5b6, 0xb5b6, 0xb5b6, 0xb5b6, 0xb5b6, 0xb5b6, 0xb5b6, 0xb5b6, 0xb5b6, 0xb5b6, 0xb5b6, 0xb5b6,
    0xb5b6, 0xb5b6, 0xb5b6, 0xb5b6, 0xb5b6, 0xb5b6, 0xb5b6, 0xb5b6, 0xb5b6, 0xb5b6, 0xb5b6, 0xb5b6, 0xb5b6, 0xb5b6, 0xb5b6, 0xb5b6,
    0xb5b6, 0xbdd7, 0x0000, 0x0000, 0x0000, 0x0000, 0x0000, 0x0000, 0x0000, 0x0000, 0x0000, 0x0000, 0x0000, 0x0000, 0x0000, 0x0000,
    0x0000, 0x0000, 0x0000, 0x0000, 0x0000, 0x0000, 0x0000, 0xfd24, 0xfd24, 0xfd24, 0xfd24, 0xffe0, 0xfde3, 0xfe03, 0xfe03, 0xddeb,
    0xbdb4, 0xb5b6, 0xb5b6, 0xb5b6, 0xb5b6, 0xb5b6, 0xb5b6, 0xb5b6, 0xb5b6, 0xb5b6, 0xb5b6, 0xb5b6, 0xb5b6, 0xb5b6, 0xb5b6, 0xb5b6,
    0xb5b6, 0xb5b6, 0xb5b6, 0xb5b6, 0xb5b6, 0xb5b6, 0xb5b6, 0xb5b6, 0xb5b6, 0xb5b6, 0xb5b6, 0xb5b6, 0xb5b6, 0xb5b6, 0xb5b6, 0xb5b6,
    0xb5b6, 0xb5b6, 0xb5b6, 0xb5b6, 0xb5b6, 0x0000, 0x0000, 0x0000, 0x0000, 0x0000, 0x0000, 0x0000, 0x0000, 0x0000, 0x0000, 0x0000,
    0x0000, 0x0000, 0x0000, 0x0000, 0x0000, 0x0000, 0x0000, 0x0000, 0x0000, 0xfd63, 0xfd24, 0xfd24, 0xfd24, 0xfd24, 0xfd24, 0xfde0,
    0xee07, 0xc5b2, 0xb5b6, 0xb5b6, 0xb5b6, 0xb5b6, 0xb5b6, 0xb5b6, 0xb5b6, 0xb5b6, 0xb5b6, 0xb5b6, 0xb5b6, 0xb5b6, 0xb5b6, 0xb5b6,
    0xb5b6, 0xb5b6, 0xb5b6, 0xb5b6, 0xb5b6, 0xb5b6, 0xb5b6, 0xb5b6, 0xb5b6, 0xb5b6, 0xb5b6, 0xb5b6, 0xb5b6, 0xb5b6, 0xb5b6, 0xb5b6,
    0xb5b6, 0xb5b6, 0xb5b6, 0xb5b6, 0xb5b6, 0xb5b6, 0xb5b6, 0xb5b6, 0x0000, 0x0000, 0x0000, 0x0000, 0x0000, 0x0000, 0x0000, 0x0000,
    0x0000, 0x0000, 0x0000, 0x0000, 0x0000, 0x0000, 0x0000, 0x0000, 0x0000, 0x0000, 0x0000, 0x0000, 0xfd24, 0xfd24, 0xfd24, 0xfd24,
    0xfd24, 0xfd24, 0xb5b6, 0xb596, 0xb5b6, 0xb5b6, 0xb5b6, 0xb5b6, 0xb5b6, 0xb5b6, 0xb5b6, 0xb5b6, 0xb5b6, 0xb5b6, 0xb5b6, 0xb5b6,
    0xb5b6, 0xb5b6, 0xb5b6, 0xb5b6, 0xb5b6, 0xb5b6, 0xb5b6, 0xb5b6, 0xb5b6, 0xb5b6, 0xb5b6, 0xb5b6, 0xb5b6, 0xb5b6, 0xb5b6, 0xb5b6,
    0xb5b6, 0xb5b6, 0xb5b6, 0xb5b6, 0xb5b6, 0xb5b6, 0xb5b6, 0xb5b6, 0xb5b6, 0xb5b6, 0xb596, 0x0000, 0x0000, 0x0000, 0x0000, 0x0000,
    0x0000, 0x0000, 0x0000, 0x0000, 0x0000, 0x0000, 0x0000, 0x0000, 0x0000, 0x0000, 0x0000, 0x0000, 0x0000, 0x0000, 0xfd44, 0xfd24,
    0xfd24, 0xfd24, 0xfd24, 0xfd23, 0xbd73, 0xb596, 0xb5b6, 0xb5b6, 0xb5b6, 0xb5b6, 0xb5b6, 0xb5b6, 0xb5b6, 0xb5b6, 0xb5b6, 0xb5b6,
    0xb5b6, 0xb5b6, 0xb5b6, 0xb5b6, 0xb5b6, 0xb5b6, 0xb5b6, 0xb5b6, 0xb5b6, 0xb5b6, 0xb5b6, 0xb5b6, 0xb5b6, 0xb5b6, 0xb5b6, 0xb5b6,
    0xb5b6, 0xb5b6, 0xb5b6, 0xb5b6, 0xb5b6, 0xb5b6, 0xb5b6, 0xb5b6, 0xb5b6, 0xb5b6, 0xb5b6, 0xb5b6, 0xb5b6, 0xb5b6, 0x0000, 0x0000,
    0x0000, 0x0000, 0x0000, 0x0000, 0x0000, 0x0000, 0x0000, 0x0000, 0x0000, 0x0000, 0x0000, 0x0000, 0x0000, 0x0000, 0x0000, 0x0000,
    0x0000, 0x0000, 0xfd23, 0xfd43, 0x0000, 0x0000, 0x0000, 0xb596, 0xb5b6, 0xb5b6, 0xb5b6, 0xb5b6, 0xb5b6, 0xb5b6, 0xb5b6, 0xb5b6,
    0xb5b6, 0xb5b6, 0xb5b6, 0xb5b6, 0xb5b6, 0xb5b6, 0xb5b6, 0xb5b6, 0xb5b6, 0xb5b6, 0xb5b6, 0xb5b6, 0xb5b6, 0xb5b6, 0xb5b6, 0xb5b6,
    0xb5b6, 0xb5b6, 0xb5b6, 0xb5b6, 0xb5b6, 0xb5b6, 0xb5b6, 0xb5b6, 0xb5b6, 0xb5b6, 0xb5b6, 0xb5b6, 0xb5b6, 0xb5b6, 0xb5b6, 0xb5b6,
    0xb5b6, 0xad75, 0x0000, 0x0000, 0x0000, 0x0000, 0x0000, 0x0000, 0x0000, 0x0000, 0x0000, 0x0000, 0x0000, 0x0000, 0x0000, 0x0000,
    0x0000, 0x0000, 0x0000, 0x0000, 0x0000, 0x0000, 0x0000, 0x0000, 0x0000, 0xb5b6, 0xb5b6, 0xb5b6, 0xb5b6, 0xb5b6, 0xb5b6, 0xb5b6,
    0xb5b6, 0xb5b6, 0xb5b6, 0xb5b6, 0xb5b6, 0xb5b6, 0xb5b6, 0xb5b6, 0xb5b6, 0xb5b6, 0xb5b6, 0xb5b6, 0xb5b6, 0xb5b6, 0xb5b6, 0xb5b6,
    0xb5b6, 0xb5b6, 0xb5b6, 0xb5b6, 0xb5b6, 0xb5b6, 0xb5b6, 0xb5b6, 0xb5b6, 0xb5b6, 0xb5b6, 0xb5b6, 0xb5b6, 0xb5b6, 0xb5b6, 0xb5b6,
    0xb5b6, 0xb5b6, 0xb5b6, 0xb5b6, 0xb5b6, 0x0000, 0x0000, 0x0000, 0x0000, 0x0000, 0x0000, 0x0000, 0x0000, 0x0000, 0x0000, 0x0000,
    0x0000, 0x0000, 0x0000, 0x0000, 0x0000, 0x0000, 0x0000, 0x0000, 0x0000, 0x0000, 0x0000, 0x0000, 0xb596, 0xb5b6, 0xb5b6, 0xb5b6,
    0xb5b6, 0xb5b6, 0xb5b6, 0xb5b6, 0xb5b6, 0xb5b6, 0xb5b6, 0xb5b6, 0xb5b6, 0xb5b6, 0xb5b6, 0xb5b6, 0xb5b6, 0xb5b6, 0xb5b6, 0xb5b6,
    0xb5b6, 0xb5b6, 0xb5b6, 0xb5b6, 0xb5b6, 0xb5b6, 0xb5b6, 0xb5b6, 0xb5b6, 0xb5b6, 0xb5b6, 0xb5b6, 0xb5b6, 0xb5b6, 0xb5b6, 0xb5b6,
    0xb5b6, 0xb5b6, 0xb5b6, 0xb5b6, 0xb5b6, 0xb5b6, 0xb5b6, 0xb5b6, 0x0000, 0x0000, 0x0000, 0x0000, 0x0000, 0x0000, 0x0000, 0x0000,
    0x0000, 0x0000, 0x0000, 0x0000, 0x0000, 0x0000, 0x0000, 0x0000, 0x0000, 0x0000, 0x0000, 0x0000, 0x0000, 0x0000, 0xb596, 0xb5b6,
    0xb5b6, 0xb5b6, 0xb5b6, 0xb5b6, 0xb5b6, 0xb5b6, 0xb5b6, 0xb5b6, 0xb5b6, 0xb5b6, 0xb5b6, 0xb5b6, 0xb5b6, 0xb5b6, 0xb5b6, 0xb5b6,
    0xb5b6, 0xb5b6, 0xb5b6, 0xb5b6, 0xb5b6, 0xb5b6, 0xb5b6, 0xb5b6, 0xb5b6, 0xb5b6, 0xb5b6, 0xb5b6, 0xb5b6, 0xb5b6, 0xb5b6, 0xb5b6,
    0xb5b6, 0xb5b6, 0xb5b6, 0xb5b6, 0xb5b6, 0xb5b6, 0xb5b6, 0xb5b6, 0xb5b6, 0xb5b6, 0xbdd7, 0x0000, 0x0000, 0x0000, 0x0000, 0x0000,
    0x0000, 0x0000, 0x0000, 0x0000, 0x0000, 0x0000, 0x0000, 0x0000, 0x0000, 0x0000, 0x0000, 0x0000, 0x0000, 0x0000, 0x0000, 0x0000,
    0x0000, 0xb5b6, 0xb5b6, 0xb5b6, 0xb5b6, 0xb5b6, 0xb5b6, 0xb5b6, 0xb5b6, 0xb5b6, 0xb5b6, 0xb5b6, 0xb5b6, 0xb5b6, 0xb5b6, 0xb5b6,
    0xb5b6, 0xb5b6, 0xb5b6, 0xb5b6, 0xb5b6, 0xb5b6, 0xb5b6, 0xb5b6, 0xb5b6, 0xb5b6, 0xb5b6, 0xb5b6, 0xb5b6, 0xb5b6, 0xb5b6, 0xb5b6,
    0xb5b6, 0xb5b6, 0xb5b6, 0xb5b6, 0xb5b6, 0xb5b6, 0xb5b6, 0xb5b6, 0xb5b6, 0xb5b6, 0xb5b6, 0xb5b6, 0xb5b6, 0xbdd7, 0x0000, 0x0000,
    0x0000, 0x0000, 0x0000, 0x0000, 0x0000, 0x0000, 0x0000, 0x0000, 0x0000, 0x0000, 0x0000, 0x0000, 0x0000, 0x0000, 0xc638, 0xb5b6,
    0xb5b6, 0xb596, 0xb5b6, 0xb5b6, 0xb5b6, 0xb5b6, 0xb5b6, 0xb5b6, 0xb5b6, 0xb5b6, 0xb5b6, 0xb5b6, 0xb5b6, 0xb5b6, 0xb5b6, 0xb5b6,
    0xb5b6, 0xb5b6, 0xb5b6, 0xb5b6, 0xb5b6, 0xb5b6, 0xb5b6, 0xb5b6, 0xb5b6, 0xb5b6, 0xb5b6, 0xb5b6, 0xb5b6, 0xb5b6, 0xb5b6, 0xb5b6,
    0xb5b6, 0xb5b6, 0xb5b6, 0xb5b6, 0xb5b6, 0xb5b6, 0xb5b6, 0xb5b6, 0xb5b6, 0xb5b6, 0xb5b6, 0xb5b6, 0xb5b6, 0xb5b6, 0xb5b6, 0xb5b6,
    0xb596, 0xb596, 0xb596, 0x0000, 0x0000, 0x0000, 0x0000, 0x0000, 0x0000, 0x0000, 0x0000, 0x0000, 0x0000, 0x0000, 0x0000, 0x0000,
    0xb5b6, 0xb596, 0xb5b6, 0xb5b6, 0xb5b6, 0xb5b6, 0xb5b6, 0xb5b6, 0xb5b6, 0xb5b6, 0xb5b6, 0xb5b6, 0xb5b6, 0xb5b6, 0xb5b6, 0xb5b6,
    0xb5b6, 0xb5b6, 0xb5b6, 0xb5b6, 0xb5b6, 0xb5b6, 0xb5b6, 0xb5b6, 0xb5b6, 0xb5b6, 0xb5b6, 0xb5b6, 0xb5b6, 0xb5b6, 0xb5b6, 0xb5b6,
    0xb5b6, 0xb5b6, 0xb5b6, 0xb5b6, 0xb5b6, 0xb5b6, 0xb5b6, 0xb5b6, 0xb5b6, 0xb5b6, 0xb5b6, 0xb5b6, 0xb5b6, 0xb5b6, 0xb5b6, 0xb5b6,
    0xb5b6, 0xb5b6, 0xb5b6, 0xb5b6, 0xb5b6, 0xb5b6, 0xb596, 0xb596, 0x0000, 0x0000, 0x0000, 0x0000, 0x0000, 0x0000, 0x0000, 0x0000,
    0x0000, 0x0000, 0xb596, 0xb5b6, 0xb5b6, 0xb5b6, 0xb5b6, 0xb5b6, 0xb5b6, 0xb5b6, 0xb5b6, 0xb5b6, 0xb5b6, 0xb5b6, 0xb5b6, 0xb5b6,
    0xb5b6, 0xb5b6, 0xb5b6, 0xb5b6, 0xb5b6, 0xb5b6, 0xb5b6, 0xb5b6, 0xb5b6, 0xb5b6, 0xb5b6, 0xb5b6, 0xb5b6, 0xb5b6, 0xb5b6, 0xb5b6,
    0xb5b6, 0xb5b6, 0xb5b6, 0xb5b6, 0xb5b6, 0xb5b6, 0xb5b6, 0xb5b6, 0xb5b6, 0xb5b6, 0xb5b6, 0xb5b6, 0xb5b6, 0xb5b6, 0xb5b6, 0xb5b6,
    0xb5b6, 0xb5b6, 0xb5b6, 0xb5b6, 0xb5b6, 0xb5b6, 0xb5b6, 0xb5b6, 0xb5b6, 0xb5b6, 0xb5b6, 0xb596, 0x0000, 0x0000, 0x0000, 0x0000,
    0x0000, 0x0000, 0x0000, 0x0000, 0xb5b6, 0xb5b6, 0xb5b6, 0xb5b6, 0xb5b6, 0xb5b6, 0xb5b6, 0xb5b6, 0xb5b6, 0xb5b6, 0xb5b6, 0xb5b6,
    0xb5b6, 0xb5b6, 0xb5b6, 0xb5b6, 0xb5b6, 0xb5b6, 0xb5b6, 0xb5b6, 0xb5b6, 0xb5b6, 0xb5b6, 0xb5b6, 0xb5b6, 0xb5b6, 0xb5b6, 0xb5b6,
    0xb5b6, 0xb5b6, 0xb5b6, 0xb5b6, 0xb5b6, 0xb5b6, 0xb5b6, 0xb5b6, 0xb5b6, 0xb5b6, 0xb5b6, 0xb5b6, 0xb5b6, 0xb5b6, 0xb5b6, 0xb5b6,
    0xb5b6, 0xb5b6, 0xb5b6, 0xb5b6, 0xb5b6, 0xb5b6, 0xb5b6, 0xb5b6, 0xb5b6, 0xb5b6, 0xb5b6, 0xb5b6, 0xb5b6, 0xb5b6, 0xb5b6, 0xb5b6,
    0x0000, 0x0000, 0x0000, 0x0000, 0x0000, 0x0000, 0xb5b6, 0xb5b6, 0xb5b6, 0xb5b6, 0xb5b6, 0xb5b6, 0xb5b6, 0xb5b6, 0xb5b6, 0xb5b6,
    0xb5b6, 0xb5b6, 0xb5b6, 0xb5b6, 0xb5b6, 0xb5b6, 0xb5b6, 0xb5b6, 0xb5b6, 0xb5b6, 0xb5b6, 0xb5b6, 0xb5b6, 0xb5b6, 0xb5b6, 0xb5b6,
    0xb5b6, 0xb5b6, 0xb5b6, 0xb5b6, 0xb5b6, 0xb5b6, 0xb5b6, 0xb5b6, 0xb5b6, 0xb5b6, 0xb5b6, 0xb5b6, 0xb5b6, 0xb5b6, 0xb5b6, 0xb5b6,
    0xb5b6, 0xb5b6, 0xb5b6, 0xb5b6, 0xb5b6, 0xb5b6, 0xb5b6, 0xb5b6, 0xb5b6, 0xb5b6, 0xb5b6, 0xb5b6, 0xb5b6, 0xb5b6, 0xb5b6, 0xb5b6,
    0xb5b6, 0xb5b6, 0xb5b6, 0xb596, 0x0000, 0x0000, 0x0000, 0x0000, 0x0000, 0xb596, 0xb5b6, 0xb5b6, 0xb5b6, 0xb5b6, 0xb5b6, 0xb5b6,
    0xb5b6, 0xb5b6, 0xb5b6, 0xb5b6, 0xb5b6, 0xb5b6, 0xb5b6, 0xb5b6, 0xb5b6, 0xb5b6, 0xb5b6, 0xb5b6, 0xb5b6, 0xb5b6, 0xb5b6, 0xb5b6,
    0xb5b6, 0xb5b6, 0xb5b6, 0xb5b6, 0xb5b6, 0xb5b6, 0xb5b6, 0xb5b6, 0xb5b6, 0xb5b6, 0xb5b6, 0xb5b6, 0xb5b6, 0xb5b6, 0xb5b6, 0xb5b6,
    0xb5b6, 0xb5b6, 0xb5b6, 0xb5b6, 0xb5b6, 0xb5b6, 0xb5b6, 0xb5b6, 0xb5b6, 0xb5b6, 0xb5b6, 0xb5b6, 0xb5b6, 0xb5b6, 0xb5b6, 0xb5b6,
    0xb5b6, 0xb5b6, 0xb5b6, 0xb5b6, 0xb5b6, 0xb5b6, 0xb596, 0xb596, 0x0000, 0x0000, 0x0000, 0x0000, 0xa534, 0xb5b6, 0xb5b6, 0xb5b6,
    0xb5b6, 0xb5b6, 0xb5b6, 0xb5b6, 0xb5b6, 0xb5b6, 0xb5b6, 0xb5b6, 0xb5b6, 0xb5b6, 0xb5b6, 0xb5b6, 0xb5b6, 0xb5b6, 0xb5b6, 0xb5b6,
    0xb5b6, 0xb5b6, 0xb5b6, 0xb5b6, 0xb5b6, 0xb5b6, 0xb5b6, 0xb596, 0xa514, 0xb596, 0xb5b6, 0xb5b6, 0xb5b6, 0xb5b6, 0xb5b6, 0xb5b6,
    0xb5b6, 0xb5b6, 0xb5b6, 0xb5b6, 0xb5b6, 0xb5b6, 0xb5b6, 0xb5b6, 0xb5b6, 0xb5b6, 0xb5b6, 0xb5b6, 0xb5b6, 0xb5b6, 0xb5b6, 0xb5b6,
    0xb5b6, 0xb5b6, 0xb5b6, 0xb5b6, 0xb5b6, 0xb5b6, 0xb5b6, 0xb5b6, 0xb5b6, 0xb5b6, 0xb596, 0x0000, 0x0000, 0x0000, 0x0000, 0x9cd3,
    0x9cd3, 0xad55, 0xb5b6, 0xb5b6, 0xb5b6, 0xb5b6, 0xb5b6, 0xb5b6, 0xb5b6, 0xb5b6, 0xb5b6, 0xb596, 0xa534, 0xad75, 0xb5b6, 0xb5b6,
    0xb5b6, 0xb5b6, 0xb5b6, 0xb5b6, 0xb5b6, 0xb5b6, 0xb5b6, 0xb5b6, 0xad75, 0xa534, 0x9cf3, 0x9cd3, 0x9cd3, 0xa534, 0xb596, 0xb5b6,
    0xb5b6, 0xb5b6, 0xb5b6, 0xb5b6, 0xb5b6, 0xb5b6, 0xb5b6, 0xb5b6, 0xb5b6, 0xb5b6, 0xb5b6, 0xb5b6, 0xb5b6, 0xb5b6, 0xb5b6, 0xb596,
    0xad75, 0xa514, 0x9cf3, 0xad55, 0xb5b6, 0xb5b6, 0xb5b6, 0xb5b6, 0xb5b6, 0xb5b6, 0xb5b6, 0xb5b6, 0xb5b6, 0xb5b6, 0x0000, 0x0000,
    0x0000, 0x0000, 0x9cd3, 0x9cd3, 0x9cd3, 0x9cd3, 0x9cf3, 0xa514, 0xa534, 0xad55, 0xad75, 0xad55, 0xa534, 0x9cf3, 0x9cd3, 0x9cd3,
    0x9cd3, 0x9cd3, 0x9cf3, 0xa514, 0xa534, 0xa534, 0xa534, 0xa534, 0xa534, 0xa514, 0x9cf3, 0x9cd3, 0x9cd3, 0x9cd3, 0x9cd3, 0x9cd3,
    0x9cd3, 0x9cd3, 0xa514, 0xad55, 0xad75, 0xb596, 0xb5b6, 0xb5b6, 0xb5b6, 0xb5b6, 0xb5b6, 0xb5b6, 0xb5b6, 0xb5b6, 0xb5b6, 0xad75,
    0xa534, 0x9cf3, 0x9cd3, 0x9cd3, 0x9cd3, 0x9cd3, 0x9cd3, 0x9cf3, 0xad55, 0xad75, 0xb596, 0xb5b6, 0xb5b6, 0xb5b6, 0xb596, 0xad75,
    0xad55, 0x0000, 0x0000, 0x0000, 0x0000, 0x9cd3, 0x9cd3, 0x9cd3, 0x9cd3, 0x9cd3, 0x9cd3, 0x9cd3, 0x9cd3, 0x9cd3, 0x9cd3, 0x9cd3,
    0x9cd3, 0x9cd3, 0x9cd3, 0x9cd3, 0x9cd3, 0x9cd3, 0x9cd3, 0x9cd3, 0x9cd3, 0x9cd3, 0x9cd3, 0x9cd3, 0x9cd3, 0x9cd3, 0x9cd3, 0x9cd3,
    0x9cd3, 0x9cd3, 0x9cd3, 0x9cd3, 0x9cd3, 0x9cd3, 0x9cd3, 0x9cd3, 0x9cd3, 0x9cd3, 0x9cd3, 0x9cf3, 0xa514, 0xa514, 0xa514, 0x9cf3,
    0x9cf3, 0x9cd3, 0x9cd3, 0x9cd3, 0x9cd3, 0x9cd3, 0x9cd3, 0x9cd3, 0x9cd3, 0x9cd3, 0x9cd3, 0x9cd3, 0x9cd3, 0x9cd3, 0x9cd3, 0x9cd3,
    0x9cd3, 0x9cd3, 0x9cd3, 0xa514, 0x0000, 0x0000, 0x0000, 0x0000, 0x0000, 0x9cd3, 0x9cd3, 0x9cd3, 0x9cd3, 0x9cd3, 0x9cd3, 0x9cd3,
    0x9cd3, 0x9cd3, 0x9cd3, 0x9cd3, 0x9cd3, 0x9cd3, 0x9cd3, 0x9cd3, 0x9cd3, 0x9cd3, 0x9cd3, 0x9cd3, 0x9cd3, 0x9cd3, 0x9cd3, 0x9cd3,
    0x9cd3, 0x9cd3, 0x9cd3, 0x9cd3, 0x9cd3, 0x9cd3, 0x9cd3, 0x9cd3, 0x9cd3, 0x9cd3, 0x9cd3, 0x9cd3, 0x9cd3, 0x9cd3, 0x9cd3, 0x9cd3,
    0x9cd3, 0x9cd3, 0x9cd3, 0x9cd3, 0x9cd3, 0x9cd3, 0x9cd3, 0x9cd3, 0x9cd3, 0x9cd3, 0x9cd3, 0x9cd3, 0x9cd3, 0x9cd3, 0x9cd3, 0x9cd3,
    0x9cd3, 0x9cd3, 0x9cd3, 0x9cd3, 0x9cd3, 0x9cd3, 0x9cd3, 0x0000, 0x0000, 0x0000, 0x0000, 0x0000, 0x94b2, 0x9cd3, 0x9cd3, 0x9cd3,
    0x9cd3, 0x9cd3, 0x9cd3, 0x9cd3, 0x9cd3, 0x9cd3, 0x9cd3, 0x9cd3, 0x9cd3, 0x9cd3, 0x9cd3, 0x9cd3, 0x9cd3, 0x9cd3, 0x9cd3, 0x9cd3,
    0x9cd3, 0x9cd3, 0x9cd3, 0x9cd3, 0x9cd3, 0x9cd3, 0x9cd3, 0x9cd3, 0x9cd3, 0x9cd3, 0x9cd3, 0x9cd3, 0x9cd3, 0x9cd3, 0x9cd3, 0x9cd3,
    0x9cd3, 0x9cd3, 0x9cd3, 0x9cd3, 0x9cd3, 0x9cd3, 0x9cd3, 0x9cd3, 0x9cd3, 0x9cd3, 0x9cd3, 0x9cd3, 0x9cd3, 0x9cd3, 0x9cd3, 0x9cd3,
    0x9cd3, 0x9cd3, 0x9cd3, 0x9cd3, 0x9cd3, 0x9cd3, 0x9cd3, 0x9cd3, 0x9cd3, 0x0000, 0x0000, 0x0000, 0x0000, 0x0000, 0x0000, 0x0000,
    0x9cd3, 0x9cd3, 0x9cd3, 0x9cd3, 0x9cd3, 0x9cd3, 0x9cd3, 0x9cd3, 0x9cd3, 0x9cd3, 0x9cd3, 0x9cd3, 0x9cd3, 0x9cd3, 0x9cd3, 0x9cd3,
    0x9cd3, 0x9cd3, 0x9cd3, 0x9cd3, 0x9cd3, 0x9cd3, 0x9cd3, 0x9cd3, 0x9cd3, 0x9cd3, 0x9cd3, 0x9cd3, 0x9cd3, 0x9cd3, 0x9cd3, 0x9cd3,
    0x9cd3, 0x9cd3, 0x9cd3, 0x9cd3, 0x9cd3, 0x9cd3, 0x9cd3, 0x9cd3, 0x9cd3, 0x9cd3, 0x9cd3, 0x9cd3, 0x9cd3, 0x9cd3, 0x9cd3, 0x9cd3,
    0x9cd3, 0x9cd3, 0x9cd3, 0x9cd3, 0x9cd3, 0x9cd3, 0x9cd3, 0x9cd3, 0x9cd3, 0x9cd3, 0x9cd3, 0x9cf3, 0x0000, 0x0000, 0x0000, 0x0000,
    0x0000, 0x0000, 0x0000, 0x0000, 0xa514, 0x9cd3, 0x9cd3, 0x9cd3, 0x9cd3, 0x9cd3, 0x9cd3, 0x9cd3, 0x9cd3, 0x9cd3, 0x9cd3, 0x9cd3,
    0x9cd3, 0x9cd3, 0x9cd3, 0x9cd3, 0x9cd3, 0x9cd3, 0x9cd3, 0x9cd3, 0x9cd3, 0x9cd3, 0x9cd3, 0x9cd3, 0x9cd3, 0x9cd3, 0x9cd3, 0x9cd3,
    0x9cd3, 0x9cd3, 0x9cd3, 0x9cd3, 0x9cd3, 0x9cd3, 0x9cd3, 0x9cd3, 0x9cd3, 0x9cd3, 0x9cd3, 0x9cd3, 0x9cd3, 0x9cd3, 0x9cd3, 0x9cd3,
    0x9cd3, 0x9cd3, 0x9cd3, 0x9cd3, 0x9cd3, 0x9cd3, 0x9cd3, 0x9cd3, 0x9cd3, 0x9cd3, 0x9cd3, 0x9cd3, 0x9cd3, 0x9cf3, 0x0000, 0x0000,
    0x0000, 0x0000, 0x0000, 0x0000, 0x0000, 0x0000, 0x0000, 0x0000, 0x0000, 0x0000, 0x9492, 0x9cd3, 0x94b2, 0x94b2, 0x94b2, 0x94b2,
    0x94b2, 0x94b2, 0x94b2, 0x94b2, 0x94b2, 0x94b2, 0x94b2, 0x94b2, 0x94b2, 0x94b2, 0x94b2, 0x94b2, 0x94b2, 0x94b2, 0x94b2, 0x94b2,
    0x94b2, 0x94b2, 0x94b2, 0x94b2, 0x94b2, 0x94b2, 0x94b2, 0x94b2, 0x94b2, 0x94b2, 0x94b2, 0x94b2, 0x94b2, 0x94b2, 0x94b2, 0x94b2,
    0x94b2, 0x94b2, 0x94b2, 0x94b2, 0x94b2, 0x94b2, 0x94b2, 0x94b2, 0x94b2, 0x94b2, 0x94b2, 0x94b2, 0x94b2, 0x94b2, 0x9cd3, 0x0000,
    0x0000, 0x0000, 0x0000, 0x0000, 0x0000, 0x0000, 0x0000, 0x0000, 0x0000, 0x0000, 0x0000, 0x0000, 0x0000, 0x0000, 0x0000, 0x0000,
    0x0000, 0x0000, 0x0000, 0x0000, 0x0000, 0x0000, 0x0000, 0x0000, 0x0000, 0x0000, 0x0000, 0x0000, 0x0000, 0x0000, 0x0000, 0x0000,
    0x0000, 0x0000, 0x0000, 0x0000, 0x0000, 0x0000, 0x0000, 0x0000, 0x0000, 0x0000, 0x0000, 0x0000, 0x0000, 0x0000, 0x0000, 0x0000,
    0x0000, 0x0000, 0x0000, 0x0000, 0x0000, 0x0000, 0x0000, 0x0000, 0x0000, 0x0000, 0x0000, 0x0000, 0x0000, 0x0000, 0x0000, 0x0000,
    0x0000, 0x0000, 0x0000, 0x0000, 0x0000, 0x0000, 0x0000, 0x0000, 0x0000, 0x0000, 0x0000, 0x0000, 0x0000, 0x0000, 0x0000, 0x0000,
    0x0000, 0x0000, 0x0000, 0x0000, 0x0000, 0x0000, 0x0000, 0x0000, 0x0000, 0x0000, 0x0000, 0x0000, 0x0000, 0x0000, 0x0000, 0x0000,
    0x0000, 0x0000, 0x0000, 0x0000, 0x0000, 0x0000, 0x0000, 0x0000, 0x0000, 0x0000, 0x0000, 0x0000, 0x0000, 0x0000, 0x0000, 0x0000,
    0x0000, 0x0000, 0x0000, 0x0000, 0x0000, 0x0000, 0x0000, 0x0000, 0x0000, 0x0000, 0x0000, 0x0000, 0x0000, 0x0000, 0x0000, 0x0000,
    0x0000, 0x0000, 0x0000, 0x0000, 0x0000, 0x0000, 0x0000, 0x0000, 0x0000, 0x0000, 0x0000, 0x0000, 0x0000, 0x0000, 0x0000, 0x0000,
    0x0000, 0x0000, 0x0000, 0x0000, 0x0000, 0x0000, 0x0000, 0x0000, 0x0000, 0x0000, 0x0000, 0x0000, 0x0000, 0x0000, 0x0000, 0x0000,
    0x0000, 0x0000, 0x0000, 0x0000, 0x0000, 0x0000, 0x0000, 0x0000, 0x0000, 0x0000, 0x0000, 0x0000, 0x0000, 0x0000, 0x0000, 0x0000,
    0x0000, 0x0000, 0x0000, 0x0000, 0x0000, 0x0000, 0x0000, 0x0000, 0x0000, 0x0000, 0x0000, 0x0000, 0x0000, 0x0000, 0x0000, 0x0000,
    0x0000, 0x0000, 0x0000, 0x0000, 0x0000, 0x0000, 0x0000, 0x0000, 0x0000, 0x0000, 0x0000, 0x0000, 0x0000, 0x0000, 0x0000, 0x0000,
    0x0000, 0x0000, 0x0000, 0x0000, 0x0000, 0x0000, 0x0000, 0x0000, 0x0000, 0x0000, 0x0000, 0x0000, 0x0000, 0x0000, 0x0000, 0x0000,
    0x0000, 0x0000, 0x0000, 0x0000, 0x0000, 0x0000, 0x0000, 0x0000, 0x0000, 0x0000, 0x0000, 0x0000, 0x0000, 0x0000, 0x0000, 0x0000,
    0x0000, 0x0000, 0x0000, 0x0000, 0x0000, 0x0000, 0x0000, 0x0000, 0x0000, 0x0000, 0x0000, 0x0000, 0x0000, 0x0000, 0x0000, 0x0000,
    0x0000, 0x0000, 0x0000, 0x0000, 0x0000, 0x0000, 0x0000, 0x0000, 0x0000, 0x0000, 0x0000, 0x0000, 0x0000, 0x0000, 0x0000, 0x0000,
    0x0000, 0x0000, 0x0000, 0x0000, 0x0000, 0x0000, 0x0000, 0x0000, 0x0000, 0x0000, 0x0000, 0x0000, 0x0000, 0x0000, 0x0000, 0x0000,
    0x0000, 0x0000, 0x0000, 0x0000, 0x0000, 0x0000, 0x0000, 0x0000, 0x0000, 0x0000, 0x0000, 0x0000, 0x0000, 0x0000, 0x0000, 0x0000,
    0x0000, 0x0000, 0x0000, 0x0000, 0x0000, 0x0000, 0x0000, 0x0000, 0x0000, 0x0000, 0x0000, 0x0000, 0x0000, 0x0000, 0x0000, 0x0000,
    0x0000, 0x0000, 0x0000, 0x0000, 0x0000, 0x0000, 0x0000, 0x0000, 0x0000, 0x0000, 0x0000, 0x0000, 0x0000, 0x0000, 0x0000, 0x0000,
    0x0000, 0x0000, 0x0000, 0x0000, 0x0000, 0x0000, 0x0000, 0x0000, 0x0000, 0x0000, 0x0000, 0x0000, 0x0000, 0x0000, 0x0000, 0x0000,
    0x0000, 0x0000, 0x0000, 0x0000, 0x0000, 0x0000, 0x0000, 0x0000, 0x0000, 0x0000, 0x0000, 0x0000, 0x0000, 0x0000, 0x0000, 0x0000,
    0x0000, 0x0000, 0x0000, 0x0000, 0x0000, 0x0000, 0x0000, 0x0000, 0x0000, 0x0000, 0x0000, 0x0000, 0x0000, 0x0000, 0x0000, 0x0000,
    0x0000, 0x0000, 0x0000, 0x0000, 0x0000, 0x0000, 0x0000, 0x0000, 0x0000, 0x0000, 0x0000, 0x0000, 0x0000, 0x0000, 0x0000, 0x0000,
    0x0000, 0x0000, 0x0000, 0x0000, 0x0000, 0x0000, 0x0000, 0x0000, 0x0000, 0x0000, 0x0000, 0x0000, 0x0000, 0x0000, 0x0000, 0x0000,
    0x0000, 0x0000, 0x0000, 0x0000, 0x0000, 0x0000, 0x0000, 0x0000, 0x0000, 0x0000, 0x0000, 0x0000, 0x0000, 0x0000, 0x0000, 0x0000,
    0x0000, 0x0000, 0x0000, 0x0000, 0x0000, 0x0000, 0x0000, 0x0000, 0x0000, 0x0000, 0x0000, 0x0000, 0x0000, 0x0000, 0x0000, 0x0000,
    0x0000, 0x0000, 0x0000, 0x0000, 0x0000, 0x0000, 0x0000, 0x0000, 0x0000, 0x0000, 0x0000, 0x0000, 0x0000, 0x0000, 0x0000, 0x0000,
    0x0000, 0x0000, 0x0000, 0x0000, 0x0000, 0x0000, 0x0000, 0x0000, 0x0000, 0x0000, 0x0000, 0x0000, 0x0000, 0x0000, 0x0000, 0x0000,
    0x0000, 0x0000, 0x0000, 0x0000, 0x0000, 0x0000, 0x0000, 0x0000, 0x0000, 0x0000, 0x0000, 0x0000, 0x0000, 0x0000, 0x0000, 0x0000,
    0x0000, 0x0000, 0x0000, 0x0000, 0x0000, 0x0000, 0x0000, 0x0000, 0x0000, 0x0000, 0x0000, 0x0000, 0x0000, 0x0000, 0x0000, 0x0000,
    0x0000, 0x0000, 0x0000, 0x0000, 0x0000, 0x0000, 0x0000, 0x0000, 0x0000, 0x0000, 0x0000, 0x0000, 0x0000, 0x0000, 0x0000, 0x0000,
    0x0000, 0x0000, 0x0000, 0x0000, 0x0000, 0x0000, 0x0000, 0x0000, 0x0000, 0x0000, 0x0000, 0x0000, 0x0000, 0x0000, 0x0000, 0x0000,
    0x0000, 0x0000, 0x0000, 0x0000, 0x0000, 0x0000, 0x0000, 0x0000, 0x0000, 0x0000, 0x0000, 0x0000, 0x0000, 0x0000, 0x0000, 0x0000,
    0x0000, 0x0000, 0x0000, 0x0000, 0x0000, 0x0000, 0x0000, 0x0000, 0x0000, 0x0000, 0x0000, 0x0000, 0x0000, 0x0000, 0x0000, 0x0000,
    0x0000, 0x0000, 0x0000, 0x0000, 0x0000, 0x0000, 0x0000, 0x0000, 0x0000, 0x0000, 0x0000, 0x0000, 0x0000, 0x0000, 0x0000, 0x0000,
    0x0000, 0x0000, 0x0000, 0x0000, 0x0000, 0x0000, 0x0000, 0x0000, 0x0000, 0x0000, 0x0000, 0x0000, 0x0000, 0x0000, 0x0000, 0x0000,
    0x0000, 0x0000, 0x0000, 0x0000, 0x0000, 0x0000, 0x0000, 0x0000, 0x0000, 0x0000, 0x0000, 0x0000, 0x0000, 0x0000, 0x0000, 0x0000,
    0x0000, 0x0000, 0x0000, 0x0000, 0x0000, 0x0000, 0x0000, 0x0000, 0x0000, 0x0000, 0x0000, 0x0000, 0x0000, 0x0000, 0x0000, 0x0000,
    0x0000, 0x0000, 0x0000, 0x0000, 0x0000, 0x0000, 0x0000, 0x0000, 0x0000, 0x0000, 0x0000, 0x0000, 0x0000, 0x0000, 0x0000, 0x0000,
    0x0000, 0x0000, 0x0000, 0x0000, 0x0000, 0x0000, 0x0000, 0x0000, 0x0000, 0x0000, 0x0000, 0x0000, 0x0000, 0x0000, 0x0000, 0x0000,
    0x0000, 0x0000, 0x0000, 0x0000, 0x0000, 0x0000, 0x0000, 0x0000, 0x0000, 0x0000, 0x0000, 0x0000, 0x0000, 0x0000, 0x0000, 0x0000,
    0x0000, 0x0000, 0x0000, 0x0000, 0x0000, 0x0000, 0x0000, 0x0000, 0x0000, 0x0000, 0x0000, 0x0000, 0x0000, 0x0000, 0x0000, 0x0000,
    0x0000, 0x0000, 0x0000, 0x0000, 0x0000, 0x0000, 0x0000, 0x0000, 0x0000, 0x0000, 0x0000, 0x0000, 0x0000, 0x0000, 0x0000, 0x0000,
    0x0000, 0x0000, 0x0000, 0x0000, 0x0000, 0x0000, 0x0000, 0x0000, 0x0000, 0x0000, 0x0000, 0x0000, 0x0000, 0x0000, 0x0000, 0x0000,
    0x0000, 0x0000, 0x0000, 0x0000, 0x0000, 0x0000, 0x0000, 0x0000, 0x0000, 0x0000, 0x0000, 0x0000, 0x0000, 0x0000, 0x0000, 0x0000,
    0x0000, 0x0000, 0x0000, 0x0000, 0x0000, 0x0000, 0x0000, 0x0000, 0x0000, 0x0000, 0x0000, 0x0000, 0x0000, 0x0000, 0x0000, 0x0000,
    0x0000, 0x0000, 0x0000, 0x0000, 0x0000, 0x0000, 0x0000, 0x0000, 0x0000, 0x0000, 0x0000, 0x0000, 0x0000, 0x0000, 0x0000, 0x0000,
    0x0000, 0x0000, 0x0000, 0x0000, 0x0000, 0x0000, 0x0000, 0x0000, 0x0000, 0x0000, 0x0000, 0x0000, 0x0000, 0x0000, 0x0000, 0x0000,
    0x0000, 0x0000, 0x0000, 0x0000, 0x0000, 0x0000, 0x0000, 0x0000, 0x0000};
// 'fog', 67x67px
const uint16_t weather_fog[] PROGMEM = {
    0x0000, 0x0000, 0x0000, 0x0000, 0x0000, 0x0000, 0x0000, 0x0000, 0x0000, 0x0000, 0x0000, 0x0000, 0x0000, 0x0000, 0x0000, 0x0000,
    0x0000, 0x0000, 0x0000, 0x0000, 0x0000, 0x0000, 0x0000, 0x0000, 0x0000, 0x0000, 0x0000, 0x0000, 0x0000, 0x0000, 0x0000, 0x0000,
    0x0000, 0x0000, 0x0000, 0x0000, 0x0000, 0x0000, 0x0000, 0x0000, 0x0000, 0x0000, 0x0000, 0x0000, 0x0000, 0x0000, 0x0000, 0x0000,
    0x0000, 0x0000, 0x0000, 0x0000, 0x0000, 0x0000, 0x0000, 0x0000, 0x0000, 0x0000, 0x0000, 0x0000, 0x0000, 0x0000, 0x0000, 0x0000,
    0x0000, 0x0000, 0x0000, 0x0000, 0x0000, 0x0000, 0x0000, 0x0000, 0x0000, 0x0000, 0x0000, 0x0000, 0x0000, 0x0000, 0x0000, 0x0000,
    0x0000, 0x0000, 0x0000, 0x0000, 0x0000, 0x0000, 0x0000, 0x0000, 0x0000, 0x0000, 0x0000, 0x0000, 0x0000, 0x0000, 0x0000, 0x0000,
    0x0000, 0x0000, 0x0000, 0x0000, 0x0000, 0x0000, 0x0000, 0x0000, 0x0000, 0x0000, 0x0000, 0x0000, 0x0000, 0x0000, 0x0000, 0x0000,
    0x0000, 0x0000, 0x0000, 0x0000, 0x0000, 0x0000, 0x0000, 0x0000, 0x0000, 0x0000, 0x0000, 0x0000, 0x0000, 0x0000, 0x0000, 0x0000,
    0x0000, 0x0000, 0x0000, 0x0000, 0x0000, 0x0000, 0x0000, 0x0000, 0x0000, 0x0000, 0x0000, 0x0000, 0x0000, 0x0000, 0x0000, 0x0000,
    0x0000, 0x0000, 0x0000, 0x0000, 0x0000, 0x0000, 0x0000, 0x0000, 0x0000, 0x0000, 0x0000, 0x0000, 0x0000, 0x0000, 0x0000, 0x0000,
    0x0000, 0x0000, 0x0000, 0x0000, 0x0000, 0x0000, 0x0000, 0x0000, 0x0000, 0x0000, 0x0000, 0x0000, 0x0000, 0x0000, 0x0000, 0x0000,
    0x0000, 0x0000, 0x0000, 0x0000, 0x0000, 0x0000, 0x0000, 0x0000, 0x0000, 0x0000, 0x0000, 0x0000, 0x0000, 0x0000, 0x0000, 0x0000,
    0x0000, 0x0000, 0x0000, 0x0000, 0x0000, 0x0000, 0x0000, 0x0000, 0x0000, 0x0000, 0x0000, 0x0000, 0x0000, 0x0000, 0x0000, 0x0000,
    0x0000, 0x0000, 0x0000, 0x0000, 0x0000, 0x0000, 0x0000, 0x0000, 0x0000, 0x0000, 0x0000, 0x0000, 0x0000, 0x0000, 0x0000, 0x0000,
    0x0000, 0x0000, 0x0000, 0x0000, 0x0000, 0x0000, 0x0000, 0x0000, 0x0000, 0x0000, 0x0000, 0x0000, 0x0000, 0x0000, 0x0000, 0x0000,
    0x0000, 0x0000, 0x0000, 0x0000, 0x0000, 0x0000, 0x0000, 0x0000, 0x0000, 0x0000, 0x0000, 0x0000, 0x0000, 0x0000, 0x0000, 0x0000,
    0x0000, 0x0000, 0x0000, 0x0000, 0x0000, 0x0000, 0x0000, 0x0000, 0x0000, 0x0000, 0x0000, 0x0000, 0x0000, 0x0000, 0x0000, 0x0000,
    0x0000, 0x0000, 0x0000, 0x0000, 0x0000, 0x0000, 0x0000, 0x0000, 0x0000, 0x0000, 0x0000, 0x0000, 0x0000, 0x0000, 0x0000, 0x0000,
    0x0000, 0x0000, 0x0000, 0x0000, 0x0000, 0x0000, 0x0000, 0x0000, 0x0000, 0x0000, 0x0000, 0x0000, 0x0000, 0x0000, 0x0000, 0x0000,
    0x0000, 0x0000, 0x0000, 0x0000, 0x0000, 0x0000, 0x0000, 0x0000, 0x0000, 0x0000, 0x0000, 0x0000, 0x0000, 0x0000, 0x0000, 0x0000,
    0x0000, 0x0000, 0x0000, 0x0000, 0x0000, 0x0000, 0x0000, 0x0000, 0x0000, 0x0000, 0x0000, 0x0000, 0x0000, 0x0000, 0x0000, 0x0000,
    0x0000, 0x0000, 0x0000, 0x0000, 0x0000, 0x0000, 0x0000, 0x0000, 0x0000, 0x0000, 0x0000, 0x0000, 0x0000, 0x0000, 0x0000, 0x0000,
    0x0000, 0x0000, 0x0000, 0x0000, 0x0000, 0x0000, 0x0000, 0x0000, 0x0000, 0x0000, 0x0000, 0x0000, 0x0000, 0x0000, 0x0000, 0x0000,
    0x0000, 0x0000, 0x0000, 0x0000, 0x0000, 0x0000, 0x0000, 0x0000, 0x0000, 0x0000, 0x0000, 0x0000, 0x0000, 0x0000, 0x0000, 0x0000,
    0x0000, 0x0000, 0x0000, 0x0000, 0x0000, 0x0000, 0x0000, 0x0000, 0x0000, 0x0000, 0x0000, 0x0000, 0x0000, 0x0000, 0x0000, 0x0000,
    0x0000, 0x0000, 0x0000, 0x0000, 0x0000, 0x0000, 0x0000, 0x0000, 0x0000, 0x0000, 0x0000, 0x0000, 0x0000, 0x0000, 0x0000, 0x0000,
    0x0000, 0x0000, 0x0000, 0x0000, 0x0000, 0x0000, 0x0000, 0x0000, 0x0000, 0x0000, 0x0000, 0x0000, 0x0000, 0x0000, 0x0000, 0x0000,
    0x0000, 0x0000, 0x0000, 0x0000, 0x0000, 0x0000, 0x0000, 0x0000, 0x0000, 0x0000, 0x0000, 0x0000, 0x0000, 0x0000, 0x0000, 0x0000,
    0x0000, 0x0000, 0x0000, 0x0000, 0x0000, 0x0000, 0x0000, 0x0000, 0x0000, 0x0000, 0x0000, 0x0000, 0x0000, 0x0000, 0x0000, 0x0000,
    0x0000, 0x0000, 0x0000, 0x0000, 0x0000, 0x0000, 0x0000, 0x0000, 0x0000, 0x0000, 0x0000, 0x0000, 0x0000, 0x0000, 0x0000, 0x0000,
    0x0000, 0x0000, 0x0000, 0x0000, 0x0000, 0x0000, 0x0000, 0x0000, 0x0000, 0x0000, 0x0000, 0x0000, 0x0000, 0x0000, 0x0000, 0x0000,
    0x0000, 0x0000, 0x0000, 0x0000, 0x0000, 0x0000, 0x0000, 0x0000, 0x0000, 0x0000, 0x0000, 0x0000, 0x0000, 0x0000, 0x0000, 0x0000,
    0x0000, 0x0000, 0x0000, 0x0000, 0x0000, 0x0000, 0x0000, 0x0000, 0x0000, 0x0000, 0x0000, 0x0000, 0x0000, 0x0000, 0x0000, 0x0000,
    0x0000, 0x0000, 0x0000, 0x0000, 0x0000, 0x0000, 0x0000, 0x0000, 0x0000, 0x0000, 0x0000, 0x0000, 0x0000, 0x0000, 0x0000, 0x0000,
    0x0000, 0x0000, 0x0000, 0x0000, 0x0000, 0x0000, 0x0000, 0x0000, 0x0000, 0x0000, 0x0000, 0x0000, 0x0000, 0x0000, 0x0000, 0x0000,
    0x0000, 0x0000, 0x0000, 0x0000, 0x0000, 0x0000, 0x0000, 0x0000, 0x0000, 0x0000, 0x0000, 0x0000, 0x0000, 0x0000, 0x0000, 0x0000,
    0x0000, 0x0000, 0x0000, 0x0000, 0x0000, 0x0000, 0x0000, 0x0000, 0x0000, 0x0000, 0x0000, 0x0000, 0x0000, 0x0000, 0x0000, 0x0000,
    0x0000, 0x0000, 0x0000, 0x0000, 0x0000, 0x0000, 0x0000, 0x0000, 0x0000, 0x0000, 0x0000, 0x0000, 0x0000, 0x0000, 0x0000, 0x0000,
    0x0000, 0x0000, 0x0000, 0x0000, 0x0000, 0x0000, 0x0000, 0x0000, 0x0000, 0x0000, 0x0000, 0x0000, 0x0000, 0x0000, 0x0000, 0x0000,
    0x0000, 0x0000, 0x0000, 0x0000, 0x0000, 0x0000, 0x0000, 0x0000, 0x0000, 0x0000, 0x0000, 0x0000, 0x0000, 0x0000, 0x0000, 0x0000,
    0x0000, 0x0000, 0x0000, 0x0000, 0x0000, 0x0000, 0x0000, 0x0000, 0x0000, 0x0000, 0x0000, 0x0000, 0x0000, 0x0000, 0x0000, 0x0000,
    0x0000, 0x0000, 0x0000, 0x0000, 0x0000, 0x0000, 0x0000, 0x0000, 0x0000, 0x0000, 0x0000, 0x0000, 0x0000, 0x0000, 0x0000, 0x0000,
    0x0000, 0x0000, 0x0000, 0x0000, 0x0000, 0x0000, 0x0000, 0x0000, 0x0000, 0x0000, 0x0000, 0x0000, 0x0000, 0x0000, 0x0000, 0x0000,
    0x0000, 0x0000, 0x0000, 0x0000, 0x0000, 0x0000, 0x0000, 0x0000, 0x0000, 0x0000, 0x0000, 0x0000, 0x0000, 0x0000, 0x0000, 0x0000,
    0x0000, 0x0000, 0x0000, 0x0000, 0x0000, 0x0000, 0x0000, 0x0000, 0x0000, 0x0000, 0x0000, 0x0000, 0x0000, 0x0000, 0x0000, 0x0000,
    0x0000, 0x0000, 0x0000, 0x0000, 0x0000, 0x0000, 0x0000, 0x0000, 0x0000, 0x0000, 0x0000, 0x0000, 0x0000, 0x0000, 0x0000, 0x0000,
    0x0000, 0x0000, 0x0000, 0x0000, 0x0000, 0x0000, 0x0000, 0x0000, 0x0000, 0x0000, 0x0000, 0x0000, 0x0000, 0x0000, 0x0000, 0x0000,
    0x0000, 0x0000, 0x0000, 0x0000, 0x0000, 0x0000, 0x0000, 0x0000, 0x0000, 0x0000, 0x0000, 0x0000, 0x0000, 0x0000, 0x0000, 0x0000,
    0x0000, 0x0000, 0x0000, 0x0000, 0x0000, 0x0000, 0x0000, 0x0000, 0x0000, 0x0000, 0x0000, 0x0000, 0x0000, 0x0000, 0x0000, 0x0000,
    0x0000, 0x0000, 0x0000, 0x0000, 0x0000, 0x0000, 0x0000, 0x0000, 0x0000, 0x0000, 0x0000, 0x0000, 0x0000, 0x0000, 0x0000, 0x0000,
    0x0000, 0x0000, 0x0000, 0x0000, 0x0000, 0x0000, 0x0000, 0x0000, 0x0000, 0x0000, 0x0000, 0x0000, 0x0000, 0x0000, 0x0000, 0x0000,
    0x0000, 0x0000, 0x0000, 0x0000, 0x0000, 0x0000, 0x0000, 0x0000, 0x0000, 0x0000, 0x0000, 0x0000, 0x0000, 0x0000, 0x0000, 0x0000,
    0x0000, 0x0000, 0x0000, 0x0000, 0x0000, 0x0000, 0x0000, 0x0000, 0x0000, 0x0000, 0x0000, 0x0000, 0x0000, 0x0000, 0x0000, 0x0000,
    0x0000, 0x0000, 0x0000, 0x0000, 0x0000, 0x0000, 0x0000, 0x0000, 0x0000, 0x0000, 0x0000, 0x0000, 0x0000, 0x0000, 0x0000, 0x0000,
    0x0000, 0x0000, 0x0000, 0x0000, 0x0000, 0x0000, 0x0000, 0x0000, 0x0000, 0x0000, 0x0000, 0x0000, 0x0000, 0x0000, 0x0000, 0x0000,
    0x0000, 0x0000, 0x0000, 0x0000, 0x0000, 0x0000, 0x0000, 0x0000, 0x0000, 0x0000, 0x0000, 0x0000, 0x0000, 0x0000, 0x0000, 0x0000,
    0x0000, 0x0000, 0x0000, 0x0000, 0x0000, 0x0000, 0x0000, 0x0000, 0x0000, 0x0000, 0x0000, 0x0000, 0x0000, 0x0000, 0x0000, 0x0000,
    0x0000, 0x0000, 0x0000, 0x0000, 0x0000, 0x0000, 0x0000, 0x0000, 0x0000, 0x0000, 0x0000, 0x0000, 0x0000, 0x0000, 0x0000, 0x0000,
    0x0000, 0x0000, 0x0000, 0x0000, 0x0000, 0x0000, 0x0000, 0x0000, 0x0000, 0x0000, 0x0000, 0x0000, 0x0000, 0x0000, 0x0000, 0x0000,
    0x0000, 0x0000, 0x0000, 0x0000, 0x0000, 0x0000, 0x0000, 0x0000, 0x0000, 0x0000, 0x0000, 0x0000, 0x0000, 0x0000, 0x0000, 0x0000,
    0x0000, 0x0000, 0x0000, 0x0000, 0x0000, 0x0000, 0x0000, 0x0000, 0x0000, 0x0000, 0x0000, 0x0000, 0x0000, 0x0000, 0x0000, 0x0000,
    0x0000, 0x0000, 0x0000, 0x0000, 0x0000, 0x0000, 0x0000, 0x0000, 0x0000, 0x0000, 0x0000, 0x0000, 0x0000, 0x0000, 0x0000, 0x0000,
    0x0000, 0x0000, 0x0000, 0x0000, 0x0000, 0x0000, 0x0000, 0x0000, 0x0000, 0x0000, 0x0000, 0x0000, 0x0000, 0x0000, 0x0000, 0x0000,
    0x0000, 0x0000, 0x0000, 0x0000, 0x0000, 0x0000, 0x0000, 0x0000, 0x0000, 0x0000, 0x0000, 0x0000, 0x0000, 0x0000, 0x0000, 0x0000,
    0x0000, 0x0000, 0x0000, 0x0000, 0x0000, 0x0000, 0x0000, 0x0000, 0x0000, 0x0000, 0x0000, 0x0000, 0x0000, 0x0000, 0x0000, 0x0000,
    0x0000, 0x0000, 0x0000, 0x0000, 0x0000, 0x0000, 0x0000, 0x0000, 0x0000, 0x0000, 0x0000, 0x0000, 0x0000, 0x0000, 0x0000, 0x0000,
    0x0000, 0x0000, 0x0000, 0x0000, 0x0000, 0x0000, 0x0000, 0x0000, 0x0000, 0x0000, 0x0000, 0x0000, 0x0000, 0x0000, 0x0000, 0x0000,
    0x0000, 0x0000, 0x0000, 0x0000, 0x0000, 0x0000, 0x0000, 0x0000, 0x0000, 0x0000, 0x0000, 0x0000, 0x0000, 0x0000, 0x0000, 0x0000,
    0x0000, 0x0000, 0x0000, 0x0000, 0x0000, 0x0000, 0x0000, 0x0000, 0x0000, 0x0000, 0x0000, 0x0000, 0x0000, 0x0000, 0x0000, 0x0000,
    0x0000, 0x0000, 0x0000, 0x0000, 0x0000, 0x0000, 0x0000, 0x0000, 0x0000, 0x0000, 0x0000, 0x0000, 0x0000, 0x0000, 0x0000, 0x0000,
    0x0000, 0x0000, 0x0000, 0xd69a, 0xce79, 0xd69a, 0xce79, 0xd6ba, 0x0000, 0x0000, 0x0000, 0x0000, 0x0000, 0x0000, 0x0000, 0x0000,
    0x0000, 0x0000, 0x0000, 0x0000, 0x0000, 0x0000, 0x0000, 0x0000, 0x0000, 0x0000, 0x0000, 0x0000, 0x0000, 0x0000, 0x0000, 0x0000,
    0x0000, 0x0000, 0x0000, 0x0000, 0x0000, 0x0000, 0x0000, 0x0000, 0x0000, 0x0000, 0x0000, 0x0000, 0x0000, 0x0000, 0x0000, 0x0000,
    0x0000, 0x0000, 0x0000, 0x0000, 0x0000, 0x0000, 0x0000, 0x0000, 0x0000, 0x0000, 0x0000, 0x0000, 0x0000, 0x0000, 0x0000, 0x0000,
    0x0000, 0x0000, 0x0000, 0xd69a, 0xce79, 0xce79, 0xd69a, 0xd69a, 0xd69a, 0xd69a, 0xd69a, 0xce79, 0xd69a, 0xd69a, 0xd6ba, 0x0000,
    0x0000, 0x0000, 0x0000, 0x0000, 0x0000, 0x0000, 0x0000, 0x0000, 0x0000, 0x0000, 0x0000, 0x0000, 0x0000, 0x0000, 0x0000, 0x0000,
    0x0000, 0x0000, 0x0000, 0x0000, 0x0000, 0x0000, 0x0000, 0x0000, 0x0000, 0x0000, 0x0000, 0x0000, 0x0000, 0x0000, 0x0000, 0x0000,
    0x0000, 0x0000, 0x0000, 0x0000, 0x0000, 0x0000, 0x0000, 0x0000, 0x0000, 0x0000, 0x0000, 0x0000, 0x0000, 0x0000, 0x0000, 0x0000,
    0x0000, 0x0000, 0x0000, 0x0000, 0xce79, 0xce79, 0xd69a, 0xd69a, 0xd69a, 0xd69a, 0xd69a, 0xd69a, 0xd69a, 0xd69a, 0xd69a, 0xd69a,
    0xd69a, 0xd69a, 0xce79, 0xd69a, 0x0000, 0x0000, 0x0000, 0x0000, 0x0000, 0x0000, 0x0000, 0x0000, 0x0000, 0x0000, 0x0000, 0x0000,
    0x0000, 0x0000, 0xffff, 0x94b2, 0x94b2, 0x94b2, 0x94b2, 0x94b2, 0x94b2, 0x94b2, 0x94b2, 0x94b2, 0x94b2, 0x7bef, 0x0000, 0x0000,
    0x0000, 0x0000, 0x0000, 0x0000, 0x0000, 0x0000, 0x0000, 0x0000, 0x0000, 0x0000, 0x0000, 0x0000, 0x0000, 0x0000, 0x0000, 0x0000,
    0x0000, 0x0000, 0x0000, 0x0000, 0x0000, 0x0000, 0xce79, 0xd69a, 0xd69a, 0xd69a, 0xd69a, 0xd69a, 0xd69a, 0xd69a, 0xd69a, 0xd69a,
    0xd69a, 0xd69a, 0xd69a, 0xd69a, 0xd69a, 0xd69a, 0xd69a, 0xce79, 0xdedb, 0x0000, 0x0000, 0x0000, 0x0000, 0x0000, 0x0000, 0x0000,
    0x0000, 0x0000, 0x0000, 0x9cd3, 0x94b2, 0x94b2, 0x94b2, 0x94b2, 0x94b2, 0x94b2, 0x94b2, 0x94b2, 0x94b2, 0x94b2, 0x94b2, 0x94b2,
    0x94b2, 0x94b2, 0x94b2, 0x0000, 0x0000, 0x0000, 0x0000, 0x0000, 0x0000, 0x0000, 0x0000, 0x0000, 0x0000, 0x0000, 0x0000, 0x0000,
    0x0000, 0x0000, 0x0000, 0x0000, 0x0000, 0x0000, 0x0000, 0x0000, 0xce79, 0xd69a, 0xd69a, 0xd69a, 0xd69a, 0xd69a, 0xd69a, 0xce79,
    0xce79, 0xd69a, 0xce79, 0xd69a, 0xd69a, 0xce79, 0xce79, 0xd69a, 0xce79, 0xd69a, 0xd69a, 0xce79, 0xd69a, 0x0000, 0x0000, 0x0000,
    0x0000, 0x0000, 0x0000, 0x0000, 0x0000, 0x94b2, 0x94b2, 0x94b2, 0x94b2, 0x94b2, 0x94b2, 0x94b2, 0x94b2, 0x94b2, 0x94b2, 0x94b2,
    0x94b2, 0x94b2, 0x94b2, 0x94b2, 0x94b2, 0x94b2, 0x94b2, 0x7bef, 0x0000, 0x0000, 0x0000, 0x0000, 0x0000, 0x0000, 0x0000, 0x0000,
    0x0000, 0x0000, 0x0000, 0x0000, 0x0000, 0x0000, 0x0000, 0x0000, 0x0000, 0xce79, 0xce79, 0xd69a, 0xd69a, 0xd69a, 0xd69a, 0xd69a,
    0xce79, 0xd69a, 0x0000, 0x0000, 0x0000, 0x0000, 0x0000, 0x0000, 0x0000, 0x0000, 0x0000, 0x0000, 0x0000, 0x0000, 0x0000, 0x0000,
    0x0000, 0x0000, 0x0000, 0x0000, 0x0000, 0x0000, 0x9cf3, 0x94b2, 0x94b2, 0x94b2, 0x94b2, 0x94b2, 0x94b2, 0x94b2, 0x94b2, 0x94b2,
    0x94b2, 0x94b2, 0x94b2, 0x94b2, 0x94b2, 0x94b2, 0x94b2, 0x94b2, 0x94b2, 0x94b2, 0x94b2, 0x94b2, 0x0000, 0x0000, 0x0000, 0x0000,
    0x0000, 0x0000, 0x0000, 0x0000, 0x0000, 0x0000, 0x0000, 0x0000, 0x0000, 0x0000, 0x0000, 0xdedb, 0xce79, 0xd69a, 0xd69a, 0xd69a,
    0xd69a, 0xd69a, 0xd69a, 0x0000, 0x0000, 0x0000, 0x0000, 0x0000, 0x0000, 0x0000, 0x0000, 0x0000, 0x0000, 0x0000, 0x0000, 0x0000,
    0x0000, 0x0000, 0x0000, 0x0000, 0x0000, 0x0000, 0x0000, 0x0000, 0xa514, 0x94b2, 0x94b2, 0x94b2, 0x94b2, 0x94b2, 0x94b2, 0x94b2,
    0x94b2, 0x94b2, 0x94b2, 0x94b2, 0x94b2, 0x94b2, 0x94b2, 0x94b2, 0x94b2, 0x94b2, 0x94b2, 0x94b2, 0x94b2, 0x94b2, 0x94b2, 0x9cd3,
    0x0000, 0x0000, 0x0000, 0x0000, 0x0000, 0x0000, 0x0000, 0x0000, 0x0000, 0x0000, 0x0000, 0x0000, 0x0000, 0xce79, 0xce79, 0xd69a,
    0xd69a, 0xd69a, 0xd69a, 0xd69a, 0xd69a, 0x0000, 0x0000, 0x0000, 0x0000, 0x0000, 0x0000, 0x0000, 0x0000, 0x0000, 0x0000, 0x0000,
    0x0000, 0x0000, 0x0000, 0x0000, 0x0000, 0x0000, 0x0000, 0x0000, 0x0000, 0x0000, 0xffff, 0x94b2, 0x94b2, 0x94b2, 0x94b2, 0x94b2,
    0x94b2, 0x9cf3, 0x0000, 0x0000, 0x0000, 0x0000, 0x0000, 0x0000, 0x0000, 0x0000, 0x0000, 0x0000, 0x94b2, 0x94b2, 0x94b2, 0x94b2,
    0x94b2, 0x94b2, 0x94b2, 0x9cd3, 0x0000, 0x0000, 0x0000, 0x0000, 0x0000, 0x0000, 0x0000, 0x0000, 0x0000, 0x0000, 0xd69a, 0xce79,
    0xd69a, 0xd69a, 0xd69a, 0xd69a, 0xd69a, 0xd69a, 0xce79, 0x0000, 0x0000, 0x0000, 0x0000, 0x0000, 0x9492, 0x94b2, 0x94b2, 0x94b2,
    0x94b2, 0x94b2, 0x9cd3, 0x0000, 0x0000, 0x0000, 0x0000, 0x0000, 0x0000, 0x0000, 0x0000, 0x0000, 0x0000, 0x94b2, 0x94b2, 0x94b2,
    0x94b2, 0x0000, 0x0000, 0x0000, 0x0000, 0x0000, 0x9cd3, 0x94b2, 0x94b2, 0x94b2, 0x94b2, 0x94b2, 0x94b2, 0x94b2, 0x9cd3, 0xa514,
    0x0000, 0x0000, 0x0000, 0x94b2, 0x94b2, 0x94b2, 0x94b2, 0x94b2, 0x0000, 0x0000, 0x0000, 0x0000, 0x0000, 0x0000, 0xce79, 0xce79,
    0xce79, 0xd69a, 0xd69a, 0xd69a, 0xd69a, 0xd69a, 0xd69a, 0xce79, 0xd69a, 0x0000, 0x0000, 0x0000, 0x9cf3, 0x94b2, 0x94b2, 0x94b2,
    0x94b2, 0x94b2, 0x94b2, 0x94b2, 0x94b2, 0x94b2, 0x94b2, 0x94b2, 0x0000, 0x0000, 0x0000, 0x0000, 0x0000, 0x0000, 0x0000, 0x0000,
    0x94b2, 0x0000, 0x0000, 0x0000, 0x0000, 0x0000, 0x94b2, 0x94b2, 0x94b2, 0x94b2, 0x94b2, 0x94b2, 0x94b2, 0x94b2, 0x94b2, 0x94b2,
    0x94b2, 0x94b2, 0x94b2, 0x94b2, 0x94b2, 0x9cd3, 0x0000, 0x0000, 0x0000, 0x9492, 0x9cd3, 0xffff, 0xd69a, 0xce79, 0xce79, 0xce79,
    0xce79, 0xd69a, 0xd69a, 0xd69a, 0xd69a, 0xd69a, 0xd69a, 0xd69a, 0xd69a, 0xce79, 0xdefb, 0x0000, 0x0000, 0x9492, 0x94b2, 0x94b2,
    0x94b2, 0x94b2, 0x94b2, 0x94b2, 0x94b2, 0x94b2, 0x94b2, 0x94b2, 0x94b2, 0x94b2, 0x94b2, 0x94b2, 0x94b2, 0x0000, 0x0000, 0x0000,
    0x0000, 0x0000, 0x0000, 0x0000, 0x0000, 0x0000, 0x0000, 0x9492, 0x94b2, 0x94b2, 0x94b2, 0x94b2, 0x94b2, 0x94b2, 0x94b2, 0x94b2,
    0x94b2, 0x94b2, 0x94b2, 0x94b2, 0x94b2, 0x94b2, 0x94b2, 0x94b2, 0x94b2, 0x94b2, 0x9cd3, 0x0000, 0x0000, 0x0000, 0x0000, 0x0000,
    0xd69a, 0xce79, 0xd69a, 0xd69a, 0xd69a, 0xd69a, 0xd69a, 0xd69a, 0xd69a, 0xce79, 0xce79, 0xd69a, 0x0000, 0x0000, 0x9492, 0x94b2,
    0x94b2, 0x94b2, 0x94b2, 0x94b2, 0x94b2, 0x94b2, 0x94b2, 0x94b2, 0x94b2, 0x94b2, 0x94b2, 0x94b2, 0x94b2, 0x94b2, 0x94b2, 0x94b2,
    0x94b2, 0x0000, 0x0000, 0x0000, 0x0000, 0x0000, 0x0000, 0x0000, 0x0000, 0x94b2, 0x94b2, 0x94b2, 0x94b2, 0x94b2, 0x94b2, 0x94b2,
    0x94b2, 0x94b2, 0x94b2, 0x94b2, 0x94b2, 0x94b2, 0x94b2, 0x94b2, 0x94b2, 0x94b2, 0x94b2, 0x94b2, 0x94b2, 0x94b2, 0x94b2, 0x94b2,
    0x0000, 0x0000, 0x0000, 0x0000, 0x0000, 0xd69a, 0xd69a, 0xce79, 0xce79, 0xce79, 0xce79, 0xd69a, 0x0000, 0x0000, 0x0000, 0x94b2,
    0x94b2, 0x94b2, 0x94b2, 0x94b2, 0x94b2, 0x94b2, 0x94b2, 0x94b2, 0x94b2, 0x94b2, 0x9cd3, 0x0000, 0x0000, 0x0000, 0x0000, 0x0000,
    0x0000, 0x0000, 0x9492, 0x94b2, 0x94b2, 0x0000, 0x0000, 0x0000, 0x0000, 0x0000, 0x94b2, 0x94b2, 0x94b2, 0x94b2, 0x94b2, 0x94b2,
    0x0000, 0x0000, 0x0000, 0x0000, 0x0000, 0x0000, 0x0000, 0x0000, 0x9cd3, 0x94b2, 0x94b2, 0x94b2, 0x94b2, 0x94b2, 0x94b2, 0x94b2,
    0x94b2, 0x94b2, 0x94b2, 0x94b2, 0x94b2, 0x0000, 0x0000, 0x0000, 0x0000, 0x0000, 0x0000, 0x0000, 0x0000, 0x0000, 0x0000, 0x0000,
    0x9cd3, 0x94b2, 0x94b2, 0x94b2, 0x94b2, 0x94b2, 0x94b2, 0x94b2, 0x94b2, 0x94b2, 0x94b2, 0xa514, 0x0000, 0x0000, 0x0000, 0x0000,
    0x0000, 0x0000, 0x0000, 0x0000, 0x0000, 0x0000, 0x0000, 0x0000, 0x0000, 0x0000, 0x0000, 0x0000, 0x94b2, 0x94b2, 0x94b2, 0x0000,
    0x0000, 0x0000, 0x0000, 0x0000, 0x0000, 0x0000, 0x0000, 0x0000, 0x0000, 0x0000, 0x0000, 0x0000, 0x0000, 0x0000, 0x94b2, 0x94b2,
    0x94b2, 0x94b2, 0x94b2, 0x94b2, 0x94b2, 0x94b2, 0x94b2, 0x94b2, 0x94b2, 0x94b2, 0x94b2, 0x0000, 0x0000, 0x0000, 0x0000, 0x0000,
    0x9cf3, 0x94b2, 0x94b2, 0x94b2, 0x94b2, 0x94b2, 0x94b2, 0x94b2, 0x94b2, 0x94b2, 0x94b2, 0x94b2, 0x9cd3, 0x0000, 0x0000, 0x94b2,
    0x94b2, 0x94b2, 0x94b2, 0x94b2, 0x94b2, 0x94b2, 0x0000, 0x0000, 0x0000, 0x0000, 0x0000, 0x0000, 0x0000, 0x0000, 0x0000, 0x0000,
    0x0000, 0x0000, 0x0000, 0x0000, 0x0000, 0x0000, 0x0000, 0x0000, 0x0000, 0x0000, 0x0000, 0x0000, 0x0000, 0x0000, 0x0000, 0x0000,
    0x0000, 0x0000, 0x0000, 0x9cd3, 0x94b2, 0x94b2, 0x94b2, 0x94b2, 0x94b2, 0x94b2, 0x94b2, 0x94b2, 0x94b2, 0x94b2, 0x94b2, 0x94b2,
    0x94b2, 0x94b2, 0x94b2, 0x94b2, 0x94b2, 0x94b2, 0x94b2, 0x94b2, 0x94b2, 0x94b2, 0x94b2, 0x94b2, 0x94b2, 0x94b2, 0x0000, 0x0000,
    0x0000, 0x94b2, 0x94b2, 0x94b2, 0x94b2, 0x94b2, 0x94b2, 0x94b2, 0x94b2, 0x94b2, 0x94b2, 0x0000, 0x0000, 0x0000, 0x0000, 0x0000,
    0x0000, 0x0000, 0x0000, 0x0000, 0x0000, 0x0000, 0x0000, 0x0000, 0xd69a, 0xd69a, 0xce79, 0xce79, 0xce79, 0xce79, 0xce79, 0xce79,
    0xd69a, 0xce79, 0x0000, 0x0000, 0x0000, 0x0000, 0x0000, 0x0000, 0x9cd3, 0x94b2, 0x94b2, 0x94b2, 0x94b2, 0x94b2, 0x94b2, 0x94b2,
    0x94b2, 0x94b2, 0x94b2, 0x94b2, 0x94b2, 0x94b2, 0x94b2, 0x94b2, 0x94b2, 0x94b2, 0x94b2, 0x94b2, 0x94b2, 0x94b2, 0x94b2, 0x0000,
    0x0000, 0x0000, 0x9cf3, 0x94b2, 0x94b2, 0x94b2, 0x94b2, 0x94b2, 0x94b2, 0x94b2, 0x94b2, 0x94b2, 0x94b2, 0x94b2, 0x94b2, 0x0000,
    0x0000, 0x0000, 0x0000, 0x0000, 0x0000, 0x0000, 0x0000, 0x0000, 0x0000, 0xce79, 0xce79, 0xd69a, 0xd69a, 0xd69a, 0xd69a, 0xd69a,
    0xd69a, 0xd69a, 0xd69a, 0xd69a, 0xd69a, 0xce79, 0xd69a, 0xce79, 0x0000, 0x0000, 0x0000, 0x0000, 0x0000, 0x94b2, 0x94b2, 0x94b2,
    0x94b2, 0x94b2, 0x94b2, 0x94b2, 0x94b2, 0x94b2, 0x94b2, 0x94b2, 0x94b2, 0x94b2, 0x94b2, 0x94b2, 0x94b2, 0x94b2, 0x94b2, 0x94b2,
    0x0000, 0x0000, 0x0000, 0x0000, 0x9492, 0x94b2, 0x94b2, 0x94b2, 0x94b2, 0x94b2, 0x94b2, 0x94b2, 0x94b2, 0x94b2, 0x94b2, 0x94b2,
    0x94b2, 0x94b2, 0x94b2, 0x0000, 0x0000, 0x0000, 0x0000, 0x0000, 0x0000, 0x0000, 0x0000, 0xce79, 0xd69a, 0xd69a, 0xd69a, 0xd69a,
    0xd69a, 0xd69a, 0xd69a, 0xd69a, 0xd69a, 0xd69a, 0xd69a, 0xd69a, 0xd69a, 0xd69a, 0xd69a, 0xce79, 0xce79, 0xd69a, 0x0000, 0x0000,
    0x0000, 0x0000, 0x94b2, 0x94b2, 0x94b2, 0x94b2, 0x94b2, 0x94b2, 0x94b2, 0x94b2, 0x94b2, 0x94b2, 0x94b2, 0x94b2, 0x94b2, 0x94b2,
    0x9cd3, 0x0000, 0x0000, 0x0000, 0x0000, 0x0000, 0xad55, 0x94b2, 0x94b2, 0x94b2, 0x94b2, 0x94b2, 0x94b2, 0x9492, 0x0000, 0x0000,
    0x0000, 0x0000, 0x0000, 0x9cd3, 0x94b2, 0x94b2, 0x9cd3, 0x0000, 0x0000, 0x0000, 0x0000, 0x0000, 0xce79, 0xce79, 0xce79, 0xce79,
    0xce79, 0xce79, 0xce79, 0xce79, 0xd69a, 0xce79, 0xce79, 0xce79, 0xd69a, 0xd69a, 0xd69a, 0xd69a, 0xd69a, 0xd69a, 0xd69a, 0xd69a,
    0xce79, 0xd69a, 0xd69a, 0x0000, 0x0000, 0x0000, 0x0000, 0xa514, 0x94b2, 0x94b2, 0x94b2, 0x94b2, 0x94b2, 0x94b2, 0x94b2, 0x94b2,
    0x9cd3, 0x0000, 0x0000, 0x0000, 0x0000, 0x0000, 0x0000, 0x0000, 0x0000, 0x94b2, 0x94b2, 0x94b2, 0x9492, 0x0000, 0x0000, 0x0000,
    0x0000, 0x0000, 0x0000, 0x0000, 0x0000, 0x0000, 0x0000, 0x0000, 0x0000, 0x0000, 0x0000, 0x0000, 0x0000, 0x0000, 0xd69a, 0xce79,
    0xce79, 0x0000, 0x0000, 0x0000, 0x0000, 0x0000, 0x0000, 0x0000, 0xce79, 0xd69a, 0xce79, 0xd69a, 0xd69a, 0xd69a, 0xd69a, 0xd69a,
    0xd69a, 0xd69a, 0xd69a, 0xd69a, 0xd69a, 0xce79, 0xd69a, 0xce79, 0x0000, 0x0000, 0x0000, 0x0000, 0x0000, 0x0000, 0x0000, 0x0000,
    0x0000, 0x0000, 0x0000, 0x0000, 0x0000, 0x0000, 0x0000, 0x0000, 0x0000, 0x0000, 0x0000, 0x9cd3, 0x94b2, 0xad55, 0x0000, 0x0000,
    0x0000, 0x0000, 0x0000, 0x0000, 0x0000, 0x0000, 0x0000, 0x0000, 0x0000, 0x0000, 0x0000, 0x0000, 0x0000, 0x0000, 0x0000, 0x0000,
    0x0000, 0xd6ba, 0x0000, 0x0000, 0x0000, 0x0000, 0x0000, 0x0000, 0x0000, 0xd69a, 0xce79, 0xd69a, 0xd69a, 0xd69a, 0xd69a, 0xd69a,
    0xd69a, 0xd69a, 0xd69a, 0xd69a, 0xd69a, 0xd69a, 0xd69a, 0xd69a, 0xd69a, 0xd69a, 0xd69a, 0xce79, 0xd69a, 0xd69a, 0xd6ba, 0x0000,
    0x0000, 0x0000, 0x0000, 0x0000, 0x0000, 0x0000, 0x0000, 0x0000, 0x0000, 0x0000, 0x0000, 0x0000, 0xd69a, 0x0000, 0x0000, 0x0000,
    0x0000, 0x0000, 0x0000, 0x0000, 0x0000, 0xd6ba, 0xce79, 0xd69a, 0xe71c, 0x0000, 0x0000, 0x0000, 0x0000, 0x0000, 0x0000, 0x0000,
    0x0000, 0x0000, 0x0000, 0x0000, 0x0000, 0x0000, 0x0000, 0x0000, 0x0000, 0x0000, 0xce79, 0xce79, 0xd69a, 0xd69a, 0xd69a, 0xd69a,
    0xd69a, 0xd69a, 0xd69a, 0xd69a, 0xd69a, 0xd69a, 0xd69a, 0xd69a, 0xd69a, 0xd69a, 0xd69a, 0xd69a, 0xd69a, 0xd69a, 0xd69a, 0xd69a,
    0xd69a, 0xd69a, 0xce79, 0xce79, 0xce79, 0xce79, 0xce79, 0xce79, 0x0000, 0x0000, 0xe71c, 0xce79, 0xce79, 0xd69a, 0xce79, 0x0000,
    0x0000, 0x0000, 0x0000, 0x0000, 0xd6ba, 0xd69a, 0xce79, 0xce79, 0xd69a, 0xd69a, 0xd69a, 0xd69a, 0xd69a, 0xce79, 0xce79, 0x0000,
    0x0000, 0x0000, 0x0000, 0x0000, 0x0000, 0x0000, 0x0000, 0x0000, 0x0000, 0x0000, 0x0000, 0x0000, 0xce79, 0xd69a, 0xd69a, 0xd69a,
    0xd69a, 0xd69a, 0xd69a, 0xd69a, 0xd69a, 0xd69a, 0xd69a, 0xd69a, 0xd69a, 0xd69a, 0xd69a, 0xd69a, 0xd69a, 0xd69a, 0xd69a, 0xce79,
    0xd69a, 0xd69a, 0xd69a, 0xd69a, 0xd69a, 0xd69a, 0xd69a, 0xd69a, 0xd69a, 0xd69a, 0xd69a, 0xd69a, 0xd69a, 0xd69a, 0xd69a, 0xd69a,
    0xce79, 0x0000, 0x0000, 0x0000, 0x0000, 0xce79, 0xce79, 0xd69a, 0xd69a, 0xd69a, 0xd69a, 0xd69a, 0xd69a, 0xd69a, 0xd69a, 0xd69a,
    0xd69a, 0xd69a, 0xce79, 0xd69a, 0x0000, 0x0000, 0x0000, 0x0000, 0x0000, 0x0000, 0x0000, 0x0000, 0x0000, 0xdedb, 0xce79, 0xd69a,
    0xd69a, 0xd69a, 0xce79, 0xce79, 0xce79, 0xce79, 0xce79, 0xce79, 0xd69a, 0xd69a, 0xd69a, 0xd69a, 0xd69a, 0xd69a, 0xd69a, 0xd69a,
    0xd69a, 0xd69a, 0xce79, 0xd69a, 0xce79, 0xce79, 0xd69a, 0xd69a, 0xd69a, 0xd69a, 0xd69a, 0xd69a, 0xd69a, 0xd69a, 0xd69a, 0xd69a,
    0xce79, 0xce79, 0xd69a, 0x0000, 0x0000, 0x0000, 0xd69a, 0xce79, 0xd69a, 0xd69a, 0xd69a, 0xd69a, 0xd69a, 0xd69a, 0xd69a, 0xd69a,
    0xd69a, 0xd69a, 0xce79, 0xce79, 0xd69a, 0xce79, 0xce79, 0xd69a, 0x0000, 0x0000, 0x0000, 0x0000, 0x0000, 0x0000, 0x0000, 0xd6ba,
    0xce79, 0xd69a, 0xce79, 0xd69a, 0xce79, 0x0000, 0x0000, 0x0000, 0x0000, 0x0000, 0x0000, 0xd69a, 0xce79, 0xd69a, 0xd69a, 0xd69a,
    0xd69a, 0xd69a, 0xd69a, 0xd69a, 0xd69a, 0xd69a, 0xce79, 0xd69a, 0x0000, 0xce79, 0xd69a, 0xce79, 0xce79, 0xce79, 0xd69a, 0xd69a,
    0xce79, 0xce79, 0xd69a, 0x0000, 0x0000, 0x0000, 0x0000, 0xd69a, 0xd69a, 0xd69a, 0xd69a, 0xd69a, 0xd69a, 0xd69a, 0xd69a, 0xd69a,
    0xd69a, 0xd69a, 0x0000, 0x0000, 0x0000, 0x0000, 0x0000, 0x0000, 0x0000, 0x0000, 0xd6ba, 0xd69a, 0x0000, 0x0000, 0x0000, 0x0000,
    0x0000, 0xd6ba, 0xd69a, 0xce79, 0xd69a, 0x0000, 0x0000, 0x0000, 0x0000, 0x0000, 0x0000, 0x0000, 0x0000, 0x0000, 0x0000, 0x0000,
    0x0000, 0xd69a, 0xd69a, 0xd69a, 0xd69a, 0xd69a, 0xd69a, 0xd69a, 0xd69a, 0xd69a, 0xce79, 0xd69a, 0x0000, 0x0000, 0x0000, 0x0000,
    0x0000, 0x0000, 0x0000, 0x0000, 0x0000, 0x0000, 0x0000, 0x0000, 0xd69a, 0xce79, 0xd69a, 0xd69a, 0xd69a, 0xd69a, 0xd69a, 0xd69a,
    0xce79, 0xce79, 0x0000, 0x0000, 0x0000, 0x0000, 0x0000, 0x0000, 0x0000, 0x0000, 0x0000, 0x0000, 0x0000, 0x0000, 0x0000, 0x0000,
    0x0000, 0x0000, 0x0000, 0x0000, 0xd69a, 0xd69a, 0x0000, 0x0000, 0x0000, 0x0000, 0x0000, 0x0000, 0x0000, 0x0000, 0x0000, 0x0000,
    0x0000, 0x0000, 0x0000, 0x0000, 0x0000, 0x0000, 0xce79, 0xce79, 0xd69a, 0xd69a, 0xd69a, 0xd69a, 0xd69a, 0xd69a, 0xd69a, 0xce79,
    0xce79, 0x0000, 0x0000, 0x0000, 0x0000, 0x0000, 0x0000, 0x0000, 0xd6ba, 0xd69a, 0xce79, 0xd69a, 0xd69a, 0xd69a, 0xd69a, 0xd69a,
    0xd69a, 0xd69a, 0xce79, 0xe71c, 0x0000, 0x0000, 0x0000, 0x0000, 0x0000, 0x0000, 0x0000, 0x0000, 0x0000, 0x0000, 0x0000, 0x0000,
    0x0000, 0x0000, 0x0000, 0x0000, 0x0000, 0x0000, 0xce79, 0xce79, 0x0000, 0x0000, 0x0000, 0x0000, 0x0000, 0x0000, 0x0000, 0x0000,
    0x0000, 0x0000, 0x0000, 0x0000, 0x0000, 0x0000, 0x0000, 0x0000, 0x0000, 0x0000, 0xd69a, 0xce79, 0xd69a, 0xd69a, 0xd69a, 0xd69a,
    0xd69a, 0xd69a, 0xd69a, 0xd69a, 0xce79, 0xd69a, 0xd69a, 0xd69a, 0xce79, 0xce79, 0xd69a, 0xd69a, 0xd69a, 0xd69a, 0xd69a, 0xd69a,
    0xd69a, 0xd69a, 0xd69a, 0xd69a, 0xd69a, 0x0000, 0x0000, 0x0000, 0x0000, 0x0000, 0x0000, 0x0000, 0x0000, 0x0000, 0x0000, 0x0000,
    0x0000, 0x0000, 0x0000, 0x0000, 0x0000, 0x0000, 0x0000, 0x0000, 0x0000, 0x0000, 0x0000, 0x0000, 0x0000, 0x0000, 0x0000, 0x0000,
    0x0000, 0x0000, 0x0000, 0x0000, 0x0000, 0x0000, 0x0000, 0x0000, 0x0000, 0x0000, 0x0000, 0x0000, 0x0000, 0x0000, 0x0000, 0xd69a,
    0xd69a, 0xd69a, 0xd69a, 0xd69a, 0xd69a, 0xd69a, 0xd69a, 0xd69a, 0xd69a, 0xd69a, 0xd69a, 0xd69a, 0xd69a, 0xd69a, 0xd69a, 0xd69a,
    0xd69a, 0xd69a, 0xd69a, 0xd69a, 0xd69a, 0xd69a, 0xd69a, 0x0000, 0x0000, 0x0000, 0x0000, 0x0000, 0x0000, 0x0000, 0x0000, 0x0000,
    0x0000, 0x0000, 0x0000, 0x0000, 0x0000, 0x0000, 0x0000, 0x0000, 0x0000, 0x0000, 0x0000, 0x0000, 0x0000, 0x0000, 0x0000, 0x0000,
    0x0000, 0x0000, 0x0000, 0x0000, 0x0000, 0x0000, 0x0000, 0x0000, 0x0000, 0x0000, 0x0000, 0x0000, 0x0000, 0x0000, 0x0000, 0x0000,
    0x0000, 0x0000, 0x0000, 0xdedb, 0xce79, 0xd69a, 0xd69a, 0xd69a, 0xd69a, 0xd69a, 0xd69a, 0xd69a, 0xd69a, 0xd69a, 0xd69a, 0xd69a,
    0xd69a, 0xd69a, 0xd69a, 0xd69a, 0xd69a, 0xd69a, 0xd69a, 0xce79, 0xd69a, 0x0000, 0x0000, 0x0000, 0x0000, 0x0000, 0x0000, 0x0000,
    0x0000, 0x0000, 0x0000, 0x0000, 0x0000, 0x0000, 0x0000, 0x0000, 0x0000, 0x0000, 0x0000, 0x0000, 0x0000, 0x0000, 0x0000, 0x0000,
    0x0000, 0x0000, 0x0000, 0x0000, 0x0000, 0x0000, 0x0000, 0x0000, 0x0000, 0x0000, 0x0000, 0x0000, 0x0000, 0x0000, 0x0000, 0x0000,
    0x0000, 0x0000, 0x0000, 0x0000, 0x0000, 0x0000, 0x0000, 0x0000, 0xd69a, 0xce79, 0xd69a, 0xd69a, 0xd69a, 0xd69a, 0xd69a, 0xd69a,
    0xd69a, 0xd69a, 0xd69a, 0xd69a, 0xd69a, 0xd69a, 0xd69a, 0xd69a, 0xd69a, 0xce79, 0xce79, 0x0000, 0x0000, 0x0000, 0x0000, 0x0000,
    0x0000, 0x0000, 0x0000, 0x0000, 0x0000, 0x0000, 0x0000, 0x0000, 0x0000, 0x0000, 0x0000, 0x0000, 0x0000, 0x0000, 0x0000, 0x0000,
    0x0000, 0x0000, 0x0000, 0x0000, 0x0000, 0x0000, 0x0000, 0x0000, 0x0000, 0x0000, 0x0000, 0x0000, 0x0000, 0x0000, 0x0000, 0x0000,
    0x0000, 0x0000, 0x0000, 0x0000, 0x0000, 0x0000, 0x0000, 0x0000, 0x0000, 0x0000, 0x0000, 0x0000, 0x0000, 0xd69a, 0xd69a, 0xd69a,
    0xd69a, 0xd69a, 0xd69a, 0xd69a, 0xd69a, 0xd69a, 0xd69a, 0xd69a, 0xd69a, 0xd69a, 0xce79, 0xce79, 0x0000, 0x0000, 0x0000, 0x0000,
    0x0000, 0x0000, 0x0000, 0x0000, 0x0000, 0x0000, 0x0000, 0x0000, 0x0000, 0x0000, 0x0000, 0x0000, 0x0000, 0x0000, 0x0000, 0x0000,
    0x0000, 0x0000, 0x0000, 0x0000, 0x0000, 0x0000, 0x0000, 0x0000, 0x0000, 0x0000, 0x0000, 0x0000, 0x0000, 0x0000, 0x0000, 0x0000,
    0x0000, 0x0000, 0x0000, 0x0000, 0x0000, 0x0000, 0x0000, 0x0000, 0x0000, 0x0000, 0x0000, 0x0000, 0x0000, 0x0000, 0x0000, 0x0000,
    0x0000, 0x0000, 0xd69a, 0xce79, 0xce79, 0xd69a, 0xd69a, 0xd69a, 0xd69a, 0xd69a, 0xd69a, 0xce79, 0xce79, 0xe71c, 0x0000, 0x0000,
    0x0000, 0x0000, 0x0000, 0x0000, 0x0000, 0x0000, 0x0000, 0x0000, 0x0000, 0x0000, 0x0000, 0x0000, 0x0000, 0x0000, 0x0000, 0x0000,
    0x0000, 0x0000, 0x0000, 0x0000, 0x0000, 0x0000, 0x0000, 0x0000, 0x0000, 0x0000, 0x0000, 0x0000, 0x0000, 0x0000, 0x0000, 0x0000,
    0x0000, 0x0000, 0x0000, 0x0000, 0x0000, 0x0000, 0x0000, 0x0000, 0x0000, 0x0000, 0x0000, 0x0000, 0x0000, 0x0000, 0x0000, 0x0000,
    0x0000, 0x0000, 0x0000, 0x0000, 0x0000, 0x0000, 0x0000, 0x0000, 0xd69a, 0xd69a, 0xce79, 0xd69a, 0xce79, 0xd6ba, 0x0000, 0x0000,
    0x0000, 0x0000, 0x0000, 0x0000, 0x0000, 0x0000, 0x0000, 0x0000, 0x0000, 0x0000, 0x0000, 0x0000, 0x0000, 0x0000, 0x0000, 0x0000,
    0x0000, 0x0000, 0x0000, 0x0000, 0x0000, 0x0000, 0x0000, 0x0000, 0x0000, 0x0000, 0x0000, 0x0000, 0x0000, 0x0000, 0x0000, 0x0000,
    0x0000, 0x0000, 0x0000, 0x0000, 0x0000, 0x0000, 0x0000, 0x0000, 0x0000, 0x0000, 0x0000, 0x0000, 0x0000, 0x0000, 0x0000, 0x0000,
    0x0000, 0x0000, 0x0000, 0x0000, 0x0000, 0x0000, 0x0000, 0x0000, 0x0000, 0x0000, 0x0000, 0x0000, 0x0000, 0x0000, 0x0000, 0x0000,
    0x0000, 0x0000, 0x0000, 0x0000, 0x0000, 0x0000, 0x0000, 0x0000, 0x0000, 0x0000, 0x0000, 0x0000, 0x0000, 0x0000, 0x0000, 0x0000,
    0x0000, 0x0000, 0x0000, 0x0000, 0x0000, 0x0000, 0x0000, 0x0000, 0x0000, 0x0000, 0x0000, 0x0000, 0x0000, 0x0000, 0x0000, 0x0000,
    0x0000, 0x0000, 0x0000, 0x0000, 0x0000, 0x0000, 0x0000, 0x0000, 0x0000, 0x0000, 0x0000, 0x0000, 0x0000, 0x0000, 0x0000, 0x0000,
    0x0000, 0x0000, 0x0000, 0x0000, 0x0000, 0x0000, 0x0000, 0x0000, 0x0000, 0x0000, 0x0000, 0x0000, 0x0000, 0x0000, 0x0000, 0x0000,
    0x0000, 0x0000, 0x0000, 0x0000, 0x0000, 0x0000, 0x0000, 0x0000, 0x0000, 0x0000, 0x0000, 0x0000, 0x0000, 0x0000, 0x0000, 0x0000,
    0x0000, 0x0000, 0x0000, 0x0000, 0x0000, 0x0000, 0x0000, 0x0000, 0x0000, 0x0000, 0x0000, 0x0000, 0x0000, 0x0000, 0x0000, 0x0000,
    0x0000, 0x0000, 0x0000, 0x0000, 0x0000, 0x0000, 0x0000, 0x0000, 0x0000, 0x0000, 0x0000, 0x0000, 0x0000, 0x0000, 0x0000, 0x0000,
    0x0000, 0x0000, 0x0000, 0x0000, 0x0000, 0x0000, 0x0000, 0x0000, 0x0000, 0x0000, 0x0000, 0x0000, 0x0000, 0x0000, 0x0000, 0x0000,
    0x0000, 0x0000, 0x0000, 0x0000, 0x0000, 0x0000, 0x0000, 0x0000, 0x0000, 0x0000, 0x0000, 0x0000, 0x0000, 0x0000, 0x0000, 0x0000,
    0x0000, 0x0000, 0x0000, 0x0000, 0x0000, 0x0000, 0x0000, 0x0000, 0x0000, 0x0000, 0x0000, 0x0000, 0x0000, 0x0000, 0x0000, 0x0000,
    0x0000, 0x0000, 0x0000, 0x0000, 0x0000, 0x0000, 0x0000, 0x0000, 0x0000, 0x0000, 0x0000, 0x0000, 0x0000, 0x0000, 0x0000, 0x0000,
    0x0000, 0x0000, 0x0000, 0x0000, 0x0000, 0x0000, 0x0000, 0x0000, 0x0000, 0x0000, 0x0000, 0x0000, 0x0000, 0x0000, 0x0000, 0x0000,
    0x0000, 0x0000, 0x0000, 0x0000, 0x0000, 0x0000, 0x0000, 0x0000, 0x0000, 0x0000, 0x0000, 0x0000, 0x0000, 0x0000, 0x0000, 0x0000,
    0x0000, 0x0000, 0x0000, 0x0000, 0x0000, 0x0000, 0x0000, 0x0000, 0x0000, 0x0000, 0x0000, 0x0000, 0x0000, 0x0000, 0x0000, 0x0000,
    0x0000, 0x0000, 0x0000, 0x0000, 0x0000, 0x0000, 0x0000, 0x0000, 0x0000, 0x0000, 0x0000, 0x0000, 0x0000, 0x0000, 0x0000, 0x0000,
    0x0000, 0x0000, 0x0000, 0x0000, 0x0000, 0x0000, 0x0000, 0x0000, 0x0000, 0x0000, 0x0000, 0x0000, 0x0000, 0x0000, 0x0000, 0x0000,
    0x0000, 0x0000, 0x0000, 0x0000, 0x0000, 0x0000, 0x0000, 0x0000, 0x0000, 0x0000, 0x0000, 0x0000, 0x0000, 0x0000, 0x0000, 0x0000,
    0x0000, 0x0000, 0x0000, 0x0000, 0x0000, 0x0000, 0x0000, 0x0000, 0x0000, 0x0000, 0x0000, 0x0000, 0x0000, 0x0000, 0x0000, 0x0000,
    0x0000, 0x0000, 0x0000, 0x0000, 0x0000, 0x0000, 0x0000, 0x0000, 0x0000, 0x0000, 0x0000, 0x0000, 0x0000, 0x0000, 0x0000, 0x0000,
    0x0000, 0x0000, 0x0000, 0x0000, 0x0000, 0x0000, 0x0000, 0x0000, 0x0000, 0x0000, 0x0000, 0x0000, 0x0000, 0x0000, 0x0000, 0x0000,
    0x0000, 0x0000, 0x0000, 0x0000, 0x0000, 0x0000, 0x0000, 0x0000, 0x0000, 0x0000, 0x0000, 0x0000, 0x0000, 0x0000, 0x0000, 0x0000,
    0x0000, 0x0000, 0x0000, 0x0000, 0x0000, 0x0000, 0x0000, 0x0000, 0x0000, 0x0000, 0x0000, 0x0000, 0x0000, 0x0000, 0x0000, 0x0000,
    0x0000, 0x0000, 0x0000, 0x0000, 0x0000, 0x0000, 0x0000, 0x0000, 0x0000, 0x0000, 0x0000, 0x0000, 0x0000, 0x0000, 0x0000, 0x0000,
    0x0000, 0x0000, 0x0000, 0x0000, 0x0000, 0x0000, 0x0000, 0x0000, 0x0000, 0x0000, 0x0000, 0x0000, 0x0000, 0x0000, 0x0000, 0x0000,
    0x0000, 0x0000, 0x0000, 0x0000, 0x0000, 0x0000, 0x0000, 0x0000, 0x0000, 0x0000, 0x0000, 0x0000, 0x0000, 0x0000, 0x0000, 0x0000,
    0x0000, 0x0000, 0x0000, 0x0000, 0x0000, 0x0000, 0x0000, 0x0000, 0x0000, 0x0000, 0x0000, 0x0000, 0x0000, 0x0000, 0x0000, 0x0000,
    0x0000, 0x0000, 0x0000, 0x0000, 0x0000, 0x0000, 0x0000, 0x0000, 0x0000, 0x0000, 0x0000, 0x0000, 0x0000, 0x0000, 0x0000, 0x0000,
    0x0000, 0x0000, 0x0000, 0x0000, 0x0000, 0x0000, 0x0000, 0x0000, 0x0000, 0x0000, 0x0000, 0x0000, 0x0000, 0x0000, 0x0000, 0x0000,
    0x0000, 0x0000, 0x0000, 0x0000, 0x0000, 0x0000, 0x0000, 0x0000, 0x0000, 0x0000, 0x0000, 0x0000, 0x0000, 0x0000, 0x0000, 0x0000,
    0x0000, 0x0000, 0x0000, 0x0000, 0x0000, 0x0000, 0x0000, 0x0000, 0x0000, 0x0000, 0x0000, 0x0000, 0x0000, 0x0000, 0x0000, 0x0000,
    0x0000, 0x0000, 0x0000, 0x0000, 0x0000, 0x0000, 0x0000, 0x0000, 0x0000, 0x0000, 0x0000, 0x0000, 0x0000, 0x0000, 0x0000, 0x0000,
    0x0000, 0x0000, 0x0000, 0x0000, 0x0000, 0x0000, 0x0000, 0x0000, 0x0000, 0x0000, 0x0000, 0x0000, 0x0000, 0x0000, 0x0000, 0x0000,
    0x0000, 0x0000, 0x0000, 0x0000, 0x0000, 0x0000, 0x0000, 0x0000, 0x0000, 0x0000, 0x0000, 0x0000, 0x0000, 0x0000, 0x0000, 0x0000,
    0x0000, 0x0000, 0x0000, 0x0000, 0x0000, 0x0000, 0x0000, 0x0000, 0x0000, 0x0000, 0x0000, 0x0000, 0x0000, 0x0000, 0x0000, 0x0000,
    0x0000, 0x0000, 0x0000, 0x0000, 0x0000, 0x0000, 0x0000, 0x0000, 0x0000, 0x0000, 0x0000, 0x0000, 0x0000, 0x0000, 0x0000, 0x0000,
    0x0000, 0x0000, 0x0000, 0x0000, 0x0000, 0x0000, 0x0000, 0x0000, 0x0000, 0x0000, 0x0000, 0x0000, 0x0000, 0x0000, 0x0000, 0x0000,
    0x0000, 0x0000, 0x0000, 0x0000, 0x0000, 0x0000, 0x0000, 0x0000, 0x0000, 0x0000, 0x0000, 0x0000, 0x0000, 0x0000, 0x0000, 0x0000,
    0x0000, 0x0000, 0x0000, 0x0000, 0x0000, 0x0000, 0x0000, 0x0000, 0x0000, 0x0000, 0x0000, 0x0000, 0x0000, 0x0000, 0x0000, 0x0000,
    0x0000, 0x0000, 0x0000, 0x0000, 0x0000, 0x0000, 0x0000, 0x0000, 0x0000, 0x0000, 0x0000, 0x0000, 0x0000, 0x0000, 0x0000, 0x0000,
    0x0000, 0x0000, 0x0000, 0x0000, 0x0000, 0x0000, 0x0000, 0x0000, 0x0000, 0x0000, 0x0000, 0x0000, 0x0000, 0x0000, 0x0000, 0x0000,
    0x0000, 0x0000, 0x0000, 0x0000, 0x0000, 0x0000, 0x0000, 0x0000, 0x0000, 0x0000, 0x0000, 0x0000, 0x0000, 0x0000, 0x0000, 0x0000,
    0x0000, 0x0000, 0x0000, 0x0000, 0x0000, 0x0000, 0x0000, 0x0000, 0x0000, 0x0000, 0x0000, 0x0000, 0x0000, 0x0000, 0x0000, 0x0000,
    0x0000, 0x0000, 0x0000, 0x0000, 0x0000, 0x0000, 0x0000, 0x0000, 0x0000, 0x0000, 0x0000, 0x0000, 0x0000, 0x0000, 0x0000, 0x0000,
    0x0000, 0x0000, 0x0000, 0x0000, 0x0000, 0x0000, 0x0000, 0x0000, 0x0000, 0x0000, 0x0000, 0x0000, 0x0000, 0x0000, 0x0000, 0x0000,
    0x0000, 0x0000, 0x0000, 0x0000, 0x0000, 0x0000, 0x0000, 0x0000, 0x0000, 0x0000, 0x0000, 0x0000, 0x0000, 0x0000, 0x0000, 0x0000,
    0x0000, 0x0000, 0x0000, 0x0000, 0x0000, 0x0000, 0x0000, 0x0000, 0x0000, 0x0000, 0x0000, 0x0000, 0x0000, 0x0000, 0x0000, 0x0000,
    0x0000, 0x0000, 0x0000, 0x0000, 0x0000, 0x0000, 0x0000, 0x0000, 0x0000, 0x0000, 0x0000, 0x0000, 0x0000, 0x0000, 0x0000, 0x0000,
    0x0000, 0x0000, 0x0000, 0x0000, 0x0000, 0x0000, 0x0000, 0x0000, 0x0000, 0x0000, 0x0000, 0x0000, 0x0000, 0x0000, 0x0000, 0x0000,
    0x0000, 0x0000, 0x0000, 0x0000, 0x0000, 0x0000, 0x0000, 0x0000, 0x0000, 0x0000, 0x0000, 0x0000, 0x0000, 0x0000, 0x0000, 0x0000,
    0x0000, 0x0000, 0x0000, 0x0000, 0x0000, 0x0000, 0x0000, 0x0000, 0x0000, 0x0000, 0x0000, 0x0000, 0x0000, 0x0000, 0x0000, 0x0000,
    0x0000, 0x0000, 0x0000, 0x0000, 0x0000, 0x0000, 0x0000, 0x0000, 0x0000, 0x0000, 0x0000, 0x0000, 0x0000, 0x0000, 0x0000, 0x0000,
    0x0000, 0x0000, 0x0000, 0x0000, 0x0000, 0x0000, 0x0000, 0x0000, 0x0000, 0x0000, 0x0000, 0x0000, 0x0000, 0x0000, 0x0000, 0x0000,
    0x0000, 0x0000, 0x0000, 0x0000, 0x0000, 0x0000, 0x0000, 0x0000, 0x0000, 0x0000, 0x0000, 0x0000, 0x0000, 0x0000, 0x0000, 0x0000,
    0x0000, 0x0000, 0x0000, 0x0000, 0x0000, 0x0000, 0x0000, 0x0000, 0x0000, 0x0000, 0x0000, 0x0000, 0x0000, 0x0000, 0x0000, 0x0000,
    0x0000, 0x0000, 0x0000, 0x0000, 0x0000, 0x0000, 0x0000, 0x0000, 0x0000, 0x0000, 0x0000, 0x0000, 0x0000, 0x0000, 0x0000, 0x0000,
    0x0000, 0x0000, 0x0000, 0x0000, 0x0000, 0x0000, 0x0000, 0x0000, 0x0000, 0x0000, 0x0000, 0x0000, 0x0000, 0x0000, 0x0000, 0x0000,
    0x0000, 0x0000, 0x0000, 0x0000, 0x0000, 0x0000, 0x0000, 0x0000, 0x0000, 0x0000, 0x0000, 0x0000, 0x0000, 0x0000, 0x0000, 0x0000,
    0x0000, 0x0000, 0x0000, 0x0000, 0x0000, 0x0000, 0x0000, 0x0000, 0x0000, 0x0000, 0x0000, 0x0000, 0x0000, 0x0000, 0x0000, 0x0000,
    0x0000, 0x0000, 0x0000, 0x0000, 0x0000, 0x0000, 0x0000, 0x0000, 0x0000, 0x0000, 0x0000, 0x0000, 0x0000, 0x0000, 0x0000, 0x0000,
    0x0000, 0x0000, 0x0000, 0x0000, 0x0000, 0x0000, 0x0000, 0x0000, 0x0000, 0x0000, 0x0000, 0x0000, 0x0000, 0x0000, 0x0000, 0x0000,
    0x0000, 0x0000, 0x0000, 0x0000, 0x0000, 0x0000, 0x0000, 0x0000, 0x0000, 0x0000, 0x0000, 0x0000, 0x0000, 0x0000, 0x0000, 0x0000,
    0x0000, 0x0000, 0x0000, 0x0000, 0x0000, 0x0000, 0x0000, 0x0000, 0x0000, 0x0000, 0x0000, 0x0000, 0x0000, 0x0000, 0x0000, 0x0000,
    0x0000, 0x0000, 0x0000, 0x0000, 0x0000, 0x0000, 0x0000, 0x0000, 0x0000, 0x0000, 0x0000, 0x0000, 0x0000, 0x0000, 0x0000, 0x0000,
    0x0000, 0x0000, 0x0000, 0x0000, 0x0000, 0x0000, 0x0000, 0x0000, 0x0000, 0x0000, 0x0000, 0x0000, 0x0000, 0x0000, 0x0000, 0x0000,
    0x0000, 0x0000, 0x0000, 0x0000, 0x0000, 0x0000, 0x0000, 0x0000, 0x0000};
// 'snow', 67x67px
const uint16_t weather_snow[] PROGMEM = {
    0x0000, 0x0000, 0x0000, 0x0000, 0x0000, 0x0000, 0x0000, 0x0000, 0x0000, 0x0000, 0x0000, 0x0000, 0x0000, 0x0000, 0x0000, 0x0000,
    0x0000, 0x0000, 0x0000, 0x0000, 0x0000, 0x0000, 0x0000, 0x0000, 0x0000, 0x0000, 0x0000, 0x0000, 0x0000, 0x0000, 0x0000, 0x0000,
    0x0000, 0x0000, 0x0000, 0x0000, 0x0000, 0x0000, 0x0000, 0x0000, 0x0000, 0x0000, 0x0000, 0x0000, 0x0000, 0x0000, 0x0000, 0x0000,
    0x0000, 0x0000, 0x0000, 0x0000, 0x0000, 0x0000, 0x0000, 0x0000, 0x0000, 0x0000, 0x0000, 0x0000, 0x0000, 0x0000, 0x0000, 0x0000,
    0x0000, 0x0000, 0x0000, 0x0000, 0x0000, 0x0000, 0x0000, 0x0000, 0x0000, 0x0000, 0x0000, 0x0000, 0x0000, 0x0000, 0x0000, 0x0000,
    0x0000, 0x0000, 0x0000, 0x0000, 0x0000, 0x0000, 0x0000, 0x0000, 0x0000, 0x0000, 0x0000, 0x0000, 0x0000, 0x0000, 0x0000, 0x0000,
    0x0000, 0x0000, 0x0000, 0x0000, 0x0000, 0x0000, 0x0000, 0x0000, 0x0000, 0x0000, 0x0000, 0x0000, 0x0000, 0x0000, 0x0000, 0x0000,
    0x0000, 0x0000, 0x0000, 0x0000, 0x0000, 0x0000, 0x0000, 0x0000, 0x0000, 0x0000, 0x0000, 0x0000, 0x0000, 0x0000, 0x0000, 0x0000,
    0x0000, 0x0000, 0x0000, 0x0000, 0x0000, 0x0000, 0x0000, 0x0000, 0x0000, 0x0000, 0x0000, 0x0000, 0x0000, 0x0000, 0x0000, 0x0000,
    0x0000, 0x0000, 0x0000, 0x0000, 0x0000, 0x0000, 0x0000, 0x0000, 0x0000, 0x0000, 0x0000, 0x0000, 0x0000, 0x0000, 0x0000, 0x0000,
    0x0000, 0x0000, 0x0000, 0x0000, 0x0000, 0x0000, 0x0000, 0x0000, 0x0000, 0x0000, 0x0000, 0x0000, 0x0000, 0x0000, 0x0000, 0x0000,
    0x0000, 0x0000, 0x0000, 0x0000, 0x0000, 0x0000, 0x0000, 0x0000, 0x0000, 0x0000, 0x0000, 0x0000, 0x0000, 0x0000, 0x0000, 0x0000,
    0x0000, 0x0000, 0x0000, 0x0000, 0x0000, 0x0000, 0x0000, 0x0000, 0x0000, 0x0000, 0x0000, 0x0000, 0x0000, 0x0000, 0x0000, 0x0000,
    0x0000, 0x0000, 0x0000, 0x0000, 0x0000, 0x0000, 0x0000, 0x0000, 0x0000, 0x0000, 0x0000, 0x0000, 0x0000, 0x0000, 0x0000, 0x0000,
    0x0000, 0x0000, 0x0000, 0x0000, 0x0000, 0x0000, 0x0000, 0x0000, 0x0000, 0x0000, 0x0000, 0x0000, 0xb5b6, 0xb5b6, 0xb596, 0xb5b6,
    0xb5b6, 0xb5b6, 0xb596, 0xb5b6, 0xb596, 0xad75, 0x0000, 0x0000, 0x0000, 0x0000, 0x0000, 0x0000, 0x0000, 0x0000, 0x0000, 0x0000,
    0x0000, 0x0000, 0x0000, 0x0000, 0x0000, 0x0000, 0x0000, 0x0000, 0x0000, 0x0000, 0x0000, 0x0000, 0x0000, 0x0000, 0x0000, 0x0000,
    0x0000, 0x0000, 0x0000, 0x0000, 0x0000, 0x0000, 0x0000, 0x0000, 0x0000, 0x0000, 0x0000, 0x0000, 0x0000, 0x0000, 0x0000, 0x0000,
    0x0000, 0x0000, 0x0000, 0x0000, 0x0000, 0x0000, 0x0000, 0x0000, 0x0000, 0x0000, 0x0000, 0x0000, 0xb5b6, 0xb596, 0xb596, 0xb5b6,
    0xb5b6, 0xb5b6, 0xb5b6, 0xb5b6, 0xb5b6, 0xb5b6, 0xb5b6, 0xb5b6, 0xb5b6, 0xb5b6, 0xb5b6, 0x0000, 0x0000, 0x0000, 0x0000, 0x0000,
    0x0000, 0x0000, 0x0000, 0x0000, 0x0000, 0x0000, 0x0000, 0x0000, 0x0000, 0x0000, 0x0000, 0x0000, 0x0000, 0x0000, 0x0000, 0x0000,
    0x0000, 0x0000, 0x0000, 0x0000, 0x0000, 0x0000, 0x0000, 0x0000, 0x0000, 0x0000, 0x0000, 0x0000, 0x0000, 0x0000, 0x0000, 0x0000,
    0x0000, 0x0000, 0x0000, 0x0000, 0x0000, 0x0000, 0x0000, 0x0000, 0x0000, 0x0000, 0x0000, 0x0000, 0x0000, 0x0000, 0xb596, 0xb596,
    0xb5b6, 0xb5b6, 0xb5b6, 0xb5b6, 0xb5b6, 0xb5b6, 0xb5b6, 0xb5b6, 0xb5b6, 0xb5b6, 0xb5b6, 0xb5b6, 0xb5b6, 0xb5b6, 0xb596, 0xb596,
    0x0000, 0x0000, 0x0000, 0x0000, 0x0000, 0x0000, 0x0000, 0x0000, 0x0000, 0x0000, 0x0000, 0x0000, 0x0000, 0x0000, 0x0000, 0x0000,
    0x0000, 0x0000, 0x0000, 0x0000, 0x0000, 0x0000, 0x0000, 0x0000, 0x0000, 0x0000, 0x0000, 0x0000, 0x0000, 0x0000, 0x0000, 0x0000,
    0x0000, 0x0000, 0x0000, 0x0000, 0x0000, 0x0000, 0x0000, 0x0000, 0x0000, 0x0000, 0x0000, 0x0000, 0x0000, 0x0000, 0x0000, 0x0000,
    0xb5b6, 0xb5b6, 0xb5b6, 0xb5b6, 0xb5b6, 0xb5b6, 0xb5b6, 0xb5b6, 0xb5b6, 0xb5b6, 0xb5b6, 0xb5b6, 0xb5b6, 0xb5b6, 0xb5b6, 0xb5b6,
    0xb5b6, 0xb5b6, 0xb5b6, 0xb5b6, 0x0000, 0x0000, 0x0000, 0x0000, 0x0000, 0x0000, 0x0000, 0x0000, 0x0000, 0x0000, 0x0000, 0x0000,
    0x0000, 0x0000, 0x0000, 0x0000, 0x0000, 0x0000, 0x0000, 0x0000, 0x0000, 0x0000, 0x0000, 0x0000, 0x0000, 0x0000, 0x0000, 0x0000,
    0x0000, 0x0000, 0x0000, 0x0000, 0x0000, 0x0000, 0x0000, 0x0000, 0x0000, 0x0000, 0x0000, 0x0000, 0x0000, 0x0000, 0x0000, 0x0000,
    0x0000, 0x0000, 0xb596, 0xb5b6, 0xb5b6, 0xb5b6, 0xb5b6, 0xb5b6, 0xb5b6, 0xb5b6, 0xb5b6, 0xb5b6, 0xb5b6, 0xb5b6, 0xb5b6, 0xb5b6,
    0xb5b6, 0xb5b6, 0xb5b6, 0xb5b6, 0xb5b6, 0xb5b6, 0xb5b6, 0xb596, 0xbdd7, 0x0000, 0x0000, 0x0000, 0x0000, 0x0000, 0x0000, 0x0000,
    0x0000, 0x0000, 0x0000, 0x0000, 0x0000, 0x0000, 0x0000, 0x0000, 0x0000, 0x0000, 0x0000, 0x0000, 0x0000, 0x0000, 0x0000, 0x0000,
    0x0000, 0x0000, 0x0000, 0x0000, 0x0000, 0x0000, 0x0000, 0x0000, 0x0000, 0x0000, 0x0000, 0x0000, 0x0000, 0x0000, 0x0000, 0x0000,
    0x0000, 0x0000, 0x0000, 0x0000, 0xb596, 0xb5b6, 0xb5b6, 0xb5b6, 0xb5b6, 0xb5b6, 0xb5b6, 0xb5b6, 0xb5b6, 0xb5b6, 0xb5b6, 0xb5b6,
    0xb5b6, 0xb5b6, 0xb5b6, 0xb5b6, 0xb5b6, 0xb5b6, 0xb5b6, 0xb5b6, 0xb5b6, 0xb5b6, 0xb5b6, 0xb596, 0xb5b6, 0x0000, 0x0000, 0x0000,
    0x0000, 0x0000, 0x0000, 0x0000, 0x0000, 0x0000, 0x0000, 0x0000, 0x0000, 0x0000, 0x0000, 0x0000, 0x0000, 0x0000, 0x0000, 0x0000,
    0x0000, 0x0000, 0x0000, 0x0000, 0x0000, 0x0000, 0x0000, 0x0000, 0x0000, 0x0000, 0x0000, 0x0000, 0x0000, 0x0000, 0x0000, 0x0000,
    0x0000, 0x0000, 0x0000, 0x0000, 0x0000, 0x0000, 0xb596, 0xb5b6, 0xb5b6, 0xb5b6, 0xb5b6, 0xb5b6, 0xb5b6, 0xb5b6, 0xb5b6, 0xb5b6,
    0xb5b6, 0xb5b6, 0xb5b6, 0xb5b6, 0xb5b6, 0xb5b6, 0xb5b6, 0xb5b6, 0xb5b6, 0xb5b6, 0xb5b6, 0xb5b6, 0xb5b6, 0xb5b6, 0xb5b6, 0xb5b6,
    0x0000, 0x0000, 0x0000, 0x0000, 0x0000, 0x0000, 0x0000, 0x0000, 0x0000, 0x0000, 0x0000, 0x0000, 0x0000, 0x0000, 0x0000, 0x0000,
    0x0000, 0x0000, 0x0000, 0x0000, 0x0000, 0x0000, 0x0000, 0x0000, 0x0000, 0x0000, 0x0000, 0x0000, 0x0000, 0x0000, 0x0000, 0x0000,
    0x0000, 0x0000, 0x0000, 0x0000, 0x0000, 0x0000, 0x0000, 0x0000, 0xb5b6, 0xb596, 0xb5b6, 0xb5b6, 0xb5b6, 0xb5b6, 0xb5b6, 0xb5b6,
    0xb5b6, 0xb5b6, 0xb5b6, 0xb5b6, 0xb5b6, 0xb5b6, 0xb5b6, 0xb5b6, 0xb5b6, 0xb5b6, 0xb5b6, 0xb5b6, 0xb5b6, 0xb5b6, 0xb5b6, 0xb5b6,
    0xb5b6, 0xb5b6, 0xb5b6, 0xb596, 0x0000, 0x0000, 0x0000, 0x0000, 0x0000, 0x0000, 0x0000, 0x0000, 0x0000, 0x0000, 0x0000, 0x0000,
    0x0000, 0x0000, 0x0000, 0x0000, 0x0000, 0x0000, 0x0000, 0x0000, 0x0000, 0x0000, 0x0000, 0x0000, 0x0000, 0x0000, 0x0000, 0x0000,
    0x0000, 0x0000, 0x0000, 0x0000, 0x0000, 0x0000, 0x0000, 0x0000, 0x0000, 0x0000, 0x0000, 0xb596, 0xb5b6, 0xb5b6, 0xb5b6, 0xb5b6,
    0xb5b6, 0xb5b6, 0xb5b6, 0xb5b6, 0xb5b6, 0xb5b6, 0xb5b6, 0xb5b6, 0xb5b6, 0xb5b6, 0xb5b6, 0xb5b6, 0xb5b6, 0xb5b6, 0xb5b6, 0xb5b6,
    0xb5b6, 0xb5b6, 0xb5b6, 0xb5b6, 0xb5b6, 0xb5b6, 0xb596, 0xb5b6, 0x0000, 0x0000, 0x0000, 0x0000, 0x0000, 0x0000, 0x0000, 0x0000,
    0x0000, 0x0000, 0x0000, 0x0000, 0x0000, 0x0000, 0x0000, 0x0000, 0x0000, 0x0000, 0x0000, 0x0000, 0x0000, 0x0000, 0x0000, 0x0000,
    0x0000, 0x0000, 0x0000, 0x0000, 0x0000, 0x0000, 0x0000, 0x0000, 0x0000, 0x0000, 0x0000, 0x0000, 0x0000, 0xbdd7, 0xb596, 0xb5b6,
    0xb5b6, 0xb5b6, 0xb5b6, 0xb5b6, 0xb5b6, 0xb5b6, 0xb5b6, 0xb5b6, 0xb5b6, 0xb5b6, 0xb5b6, 0xb5b6, 0xb5b6, 0xb5b6, 0xb5b6, 0xb5b6,
    0xb5b6, 0xb5b6, 0xb5b6, 0xb5b6, 0xb5b6, 0xb5b6, 0xb5b6, 0xb5b6, 0xb5b6, 0xb5b6, 0xb596, 0x0000, 0x0000, 0x0000, 0x0000, 0x0000,
    0x0000, 0x0000, 0x0000, 0x0000, 0x0000, 0x0000, 0x0000, 0x0000, 0x0000, 0x0000, 0x0000, 0x0000, 0x0000, 0x0000, 0x0000, 0x0000,
    0x0000, 0x0000, 0x0000, 0x0000, 0x0000, 0x0000, 0x0000, 0x0000, 0x0000, 0x0000, 0x0000, 0x0000, 0x0000, 0x0000, 0x0000, 0x0000,
    0xb596, 0xb5b6, 0xb5b6, 0xb5b6, 0xb5b6, 0xb5b6, 0xb5b6, 0xb5b6, 0xb5b6, 0xb5b6, 0xb5b6, 0xb5b6, 0xb5b6, 0xb5b6, 0xb5b6, 0xb5b6,
    0xb5b6, 0xb5b6, 0xb5b6, 0xb5b6, 0xb5b6, 0xb5b6, 0xb5b6, 0xb5b6, 0xb5b6, 0xb5b6, 0xb5b6, 0xb5b6, 0xb5b6, 0xb596, 0x0000, 0x0000,
    0x0000, 0x0000, 0x0000, 0x0000, 0x0000, 0x0000, 0x0000, 0x0000, 0x0000, 0x0000, 0x0000, 0x0000, 0x0000, 0x0000, 0x0000, 0x0000,
    0x0000, 0x0000, 0x0000, 0x0000, 0x0000, 0x0000, 0x0000, 0x0000, 0x0000, 0x0000, 0x0000, 0x0000, 0x0000, 0x0000, 0xb596, 0xb5b6,
    0xb596, 0xb596, 0xb596, 0xb596, 0xb5b6, 0xb5b6, 0xb5b6, 0xb5b6, 0xb5b6, 0xb5b6, 0xb5b6, 0xb5b6, 0xb5b6, 0xb5b6, 0xb5b6, 0xb5b6,
    0xb5b6, 0xb5b6, 0xb5b6, 0xb5b6, 0xb5b6, 0xb5b6, 0xb5b6, 0xb5b6, 0xb5b6, 0xb5b6, 0xb5b6, 0xb5b6, 0xb5b6, 0xb5b6, 0xb5b6, 0xb5b6,
    0xb5b6, 0xb5b6, 0x0000, 0x0000, 0x0000, 0x0000, 0x0000, 0x0000, 0x0000, 0x0000, 0x0000, 0x0000, 0x0000, 0x0000, 0x0000, 0x0000,
    0x0000, 0x0000, 0x0000, 0x0000, 0x0000, 0x0000, 0x0000, 0x0000, 0x0000, 0x0000, 0x0000, 0x0000, 0x0000, 0x0000, 0x0000, 0xb5b6,
    0xb596, 0xb5b6, 0xb5b6, 0xb5b6, 0xb5b6, 0xb5b6, 0xb5b6, 0xb5b6, 0xb5b6, 0xb5b6, 0xb5b6, 0xb5b6, 0xb5b6, 0xb5b6, 0xb5b6, 0xb5b6,
    0xb5b6, 0xb5b6, 0xb5b6, 0xb5b6, 0xb5b6, 0xb5b6, 0xb5b6, 0xb5b6, 0xb5b6, 0xb5b6, 0xb5b6, 0xb5b6, 0xb5b6, 0xb5b6, 0xb5b6, 0xb5b6,
    0xb5b6, 0xb5b6, 0xb5b6, 0xb5b6, 0xb596, 0x0000, 0x0000, 0x0000, 0x0000, 0x0000, 0x0000, 0x0000, 0x0000, 0x0000, 0x0000, 0x0000,
    0x0000, 0x0000, 0x0000, 0x0000, 0x0000, 0x0000, 0x0000, 0x0000, 0x0000, 0x0000, 0x0000, 0x0000, 0x0000, 0x0000, 0x0000, 0x0000,
    0xb5b6, 0xb596, 0xb5b6, 0xb5b6, 0xb5b6, 0xb5b6, 0xb5b6, 0xb5b6, 0xb5b6, 0xb5b6, 0xb5b6, 0xb5b6, 0xb5b6, 0xb5b6, 0xb5b6, 0xb5b6,
    0xb5b6, 0xb5b6, 0xb5b6, 0xb5b6, 0xb5b6, 0xb5b6, 0xb5b6, 0xb5b6, 0xb5b6, 0xb5b6, 0xb5b6, 0xb5b6, 0xb5b6, 0xb5b6, 0xb5b6, 0xb5b6,
    0xb5b6, 0xb5b6, 0xb5b6, 0xb5b6, 0xb5b6, 0xb5b6, 0xb5b6, 0xb596, 0x0000, 0x0000, 0x0000, 0x0000, 0x0000, 0x0000, 0x0000, 0x0000,
    0x0000, 0x0000, 0x0000, 0x0000, 0x0000, 0x0000, 0x0000, 0x0000, 0x0000, 0x0000, 0x0000, 0x0000, 0x0000, 0x0000, 0x0000, 0x0000,
    0x0000, 0x0000, 0xb596, 0xb596, 0xb5b6, 0xb5b6, 0xb5b6, 0xb5b6, 0xb5b6, 0xb5b6, 0xb5b6, 0xb5b6, 0xb5b6, 0xb5b6, 0xb5b6, 0xb5b6,
    0xb5b6, 0xb5b6, 0xb5b6, 0xb5b6, 0xb5b6, 0xb5b6, 0xb5b6, 0xb5b6, 0xb5b6, 0xb5b6, 0xb5b6, 0xb5b6, 0xb5b6, 0xb5b6, 0xb5b6, 0xb5b6,
    0xb5b6, 0xb5b6, 0xb5b6, 0xb5b6, 0xb5b6, 0xb5b6, 0xb5b6, 0xb5b6, 0xb5b6, 0xb5b6, 0xb5b6, 0xb596, 0x0000, 0x0000, 0x0000, 0x0000,
    0x0000, 0x0000, 0x0000, 0x0000, 0x0000, 0x0000, 0x0000, 0x0000, 0x0000, 0x0000, 0x0000, 0x0000, 0x0000, 0x0000, 0x0000, 0x0000,
    0x0000, 0x0000, 0x0000, 0x0000, 0xbdf7, 0xb596, 0xb5b6, 0xb5b6, 0xb5b6, 0xb5b6, 0xb5b6, 0xb5b6, 0xb5b6, 0xb5b6, 0xb5b6, 0xb5b6,
    0xb5b6, 0xb5b6, 0xb5b6, 0xb5b6, 0xb5b6, 0xb5b6, 0xb5b6, 0xb5b6, 0xb5b6, 0xb5b6, 0xb5b6, 0xb5b6, 0xb5b6, 0xb5b6, 0xb5b6, 0xb5b6,
    0xb5b6, 0xb5b6, 0xb5b6, 0xb5b6, 0xb5b6, 0xb5b6, 0xb5b6, 0xb5b6, 0xb5b6, 0xb5b6, 0xb5b6, 0xb5b6, 0xb5b6, 0xb5b6, 0xb5b6, 0x0000,
    0x0000, 0x0000, 0x0000, 0x0000, 0x0000, 0x0000, 0x0000, 0x0000, 0x0000, 0x0000, 0x0000, 0x0000, 0x0000, 0x0000, 0x0000, 0x0000,
    0x0000, 0x0000, 0x0000, 0x0000, 0x0000, 0x0000, 0x0000, 0xb5b6, 0xb5b6, 0xb5b6, 0xb5b6, 0xb5b6, 0xb5b6, 0xb5b6, 0xb5b6, 0xb5b6,
    0xb5b6, 0xb5b6, 0xb5b6, 0xb5b6, 0xb5b6, 0xb5b6, 0xb5b6, 0xb5b6, 0xb5b6, 0xb5b6, 0xb5b6, 0xb5b6, 0xb5b6, 0xb5b6, 0xb5b6, 0xb5b6,
    0xb5b6, 0xb5b6, 0xb5b6, 0xb5b6, 0xb5b6, 0xb5b6, 0xb5b6, 0xb5b6, 0xb5b6, 0xb5b6, 0xb5b6, 0xb5b6, 0xb5b6, 0xb5b6, 0xb5b6, 0xb5b6,
    0xb5b6, 0xb5b6, 0x0000, 0x0000, 0x0000, 0x0000, 0x0000, 0x0000, 0x0000, 0x0000, 0x0000, 0x0000, 0x0000, 0x0000, 0x0000, 0x0000,
    0x0000, 0x0000, 0x0000, 0x0000, 0x0000, 0x0000, 0x0000, 0x0000, 0x0000, 0xb596, 0xb5b6, 0xb5b6, 0xb5b6, 0xb5b6, 0xb5b6, 0xb5b6,
    0xb5b6, 0xb5b6, 0xb5b6, 0xb5b6, 0xb5b6, 0xb5b6, 0xb5b6, 0xb5b6, 0xb5b6, 0xb5b6, 0xb5b6, 0xb5b6, 0xb5b6, 0xb5b6, 0xb5b6, 0xb5b6,
    0xb5b6, 0xb5b6, 0xb5b6, 0xb5b6, 0xb5b6, 0xb5b6, 0xb5b6, 0xb5b6, 0xb5b6, 0xb5b6, 0xb5b6, 0xb5b6, 0xb5b6, 0xb5b6, 0xb5b6, 0xb5b6,
    0xb5b6, 0xb5b6, 0xb5b6, 0xb5b6, 0xb596, 0x0000, 0x0000, 0x0000, 0x0000, 0x0000, 0x0000, 0x0000, 0x0000, 0x0000, 0x0000, 0x0000,
    0x0000, 0x0000, 0x0000, 0x0000, 0x0000, 0x0000, 0x0000, 0x0000, 0x0000, 0x0000, 0x0000, 0x0000, 0xb596, 0xb5b6, 0xb5b6, 0xb5b6,
    0xb5b6, 0xb5b6, 0xb5b6, 0xb5b6, 0xb5b6, 0xb5b6, 0xb5b6, 0xb5b6, 0xb5b6, 0xb5b6, 0xb5b6, 0xb5b6, 0xb5b6, 0xb5b6, 0xb5b6, 0xb5b6,
    0xb5b6, 0xb5b6, 0xb5b6, 0xb5b6, 0xb5b6, 0xb5b6, 0xb5b6, 0xb5b6, 0xb5b6, 0xb5b6, 0xb5b6, 0xb5b6, 0xb5b6, 0xb5b6, 0xb5b6, 0xb5b6,
    0xb5b6, 0xb5b6, 0xb5b6, 0xb5b6, 0xb5b6, 0xb5b6, 0xb5b6, 0xb596, 0x0000, 0x0000, 0x0000, 0x0000, 0x0000, 0x0000, 0x0000, 0x0000,
    0x0000, 0x0000, 0x0000, 0x0000, 0x0000, 0x0000, 0x0000, 0x0000, 0x0000, 0x0000, 0x0000, 0x0000, 0x0000, 0x0000, 0x0000, 0xb596,
    0xb5b6, 0xb5b6, 0xb5b6, 0xb5b6, 0xb5b6, 0xb5b6, 0xb5b6, 0xb5b6, 0xb5b6, 0xb5b6, 0xb5b6, 0xb5b6, 0xb5b6, 0xb5b6, 0xb5b6, 0xb5b6,
    0xb5b6, 0xb5b6, 0xb5b6, 0xb5b6, 0xb5b6, 0xb5b6, 0xb5b6, 0xb5b6, 0xb5b6, 0xb5b6, 0xb5b6, 0xb5b6, 0xb5b6, 0xb5b6, 0xb5b6, 0xb5b6,
    0xb5b6, 0xb5b6, 0xb5b6, 0xb5b6, 0xb5b6, 0xb5b6, 0xb5b6, 0xb5b6, 0xb5b6, 0xb5b6, 0xb596, 0x0000, 0x0000, 0x0000, 0x0000, 0x0000,
    0x0000, 0x0000, 0x0000, 0x0000, 0x0000, 0x0000, 0x0000, 0x0000, 0x0000, 0x0000, 0x0000, 0x0000, 0x0000, 0x0000, 0x0000, 0x0000,
    0x0000, 0x0000, 0xb596, 0xb5b6, 0xb5b6, 0xb5b6, 0xb5b6, 0xb5b6, 0xb5b6, 0xb5b6, 0xb5b6, 0xb5b6, 0xb5b6, 0xb5b6, 0xb5b6, 0xb5b6,
    0xb5b6, 0xb5b6, 0xb5b6, 0xb5b6, 0xb5b6, 0xb5b6, 0xb5b6, 0xb5b6, 0xb5b6, 0xb5b6, 0xb5b6, 0xb5b6, 0xb5b6, 0xb5b6, 0xb5b6, 0xb5b6,
    0xb5b6, 0xb5b6, 0xb5b6, 0xb5b6, 0xb5b6, 0xb5b6, 0xb5b6, 0xb5b6, 0xb5b6, 0xb5b6, 0xb5b6, 0xb5b6, 0xb5b6, 0xb596, 0x0000, 0x0000,
    0x0000, 0x0000, 0x0000, 0x0000, 0x0000, 0x0000, 0x0000, 0x0000, 0x0000, 0x0000, 0x0000, 0x0000, 0x0000, 0x0000, 0x0000, 0xb5b6,
    0xb5b6, 0xb596, 0xb596, 0xb5b6, 0xb5b6, 0xb5b6, 0xb5b6, 0xb5b6, 0xb5b6, 0xb5b6, 0xb5b6, 0xb5b6, 0xb5b6, 0xb5b6, 0xb5b6, 0xb5b6,
    0xb5b6, 0xb5b6, 0xb5b6, 0xb5b6, 0xb5b6, 0xb5b6, 0xb5b6, 0xb5b6, 0xb5b6, 0xb5b6, 0xb5b6, 0xb5b6, 0xb5b6, 0xb5b6, 0xb5b6, 0xb5b6,
    0xb5b6, 0xb5b6, 0xb5b6, 0xb5b6, 0xb5b6, 0xb5b6, 0xb5b6, 0xb5b6, 0xb5b6, 0xb5b6, 0xb5b6, 0xb5b6, 0xb5b6, 0xb5b6, 0xb5b6, 0xad75,
    0xb5b6, 0xb596, 0xb596, 0xb596, 0xb596, 0x0000, 0x0000, 0x0000, 0x0000, 0x0000, 0x0000, 0x0000, 0x0000, 0x0000, 0x0000, 0x0000,
    0xb5b6, 0xb596, 0xb5b6, 0xb5b6, 0xb5b6, 0xb5b6, 0xb5b6, 0xb5b6, 0xb5b6, 0xb5b6, 0xb5b6, 0xb5b6, 0xb5b6, 0xb5b6, 0xb5b6, 0xb5b6,
    0xb5b6, 0xb5b6, 0xb5b6, 0xb5b6, 0xb5b6, 0xb5b6, 0xb5b6, 0xb5b6, 0xb5b6, 0xb5b6, 0xb5b6, 0xb5b6, 0xb5b6, 0xb5b6, 0xb5b6, 0xb5b6,
    0xb5b6, 0xb5b6, 0xb5b6, 0xb5b6, 0xb5b6, 0xb5b6, 0xb5b6, 0xb5b6, 0xb5b6, 0xb5b6, 0xb5b6, 0xb5b6, 0xb5b6, 0xb5b6, 0xb5b6, 0xb5b6,
    0xad75, 0x9cf3, 0xa534, 0xb5b6, 0xb5b6, 0xb5b6, 0xb5b6, 0xb5b6, 0xb596, 0xb5b6, 0x0000, 0x0000, 0x0000, 0x0000, 0x0000, 0x0000,
    0x0000, 0x0000, 0xb5b6, 0xb596, 0xb5b6, 0xb5b6, 0xb5b6, 0xb5b6, 0xb5b6, 0xb5b6, 0xb5b6, 0xb5b6, 0xb5b6, 0xb5b6, 0xb5b6, 0xb5b6,
    0xb5b6, 0xb5b6, 0xb5b6, 0xb5b6, 0xb5b6, 0xb5b6, 0xb5b6, 0xb5b6, 0xb5b6, 0xb5b6, 0xb5b6, 0xb5b6, 0xb5b6, 0xb5b6, 0xb5b6, 0xb5b6,
    0xb5b6, 0xb5b6, 0xb5b6, 0xb5b6, 0xb5b6, 0xb5b6, 0xb5b6, 0xb5b6, 0xb5b6, 0xb5b6, 0xb5b6, 0xb5b6, 0xb5b6, 0xb5b6, 0xb5b6, 0xb5b6,
    0xb5b6, 0xb596, 0xa514, 0x9cd3, 0x9cd3, 0xad55, 0xb5b6, 0xb5b6, 0xb5b6, 0xb5b6, 0xb5b6, 0xb5b6, 0xb596, 0xb5b6, 0x0000, 0x0000,
    0x0000, 0x0000, 0x0000, 0x0000, 0xb596, 0xb596, 0xb5b6, 0xb5b6, 0xb5b6, 0xb5b6, 0xb5b6, 0xb5b6, 0xb5b6, 0xb5b6, 0xb5b6, 0xb5b6,
    0xb5b6, 0xb5b6, 0xb5b6, 0xb5b6, 0xb5b6, 0xb5b6, 0xb5b6, 0xb5b6, 0xb5b6, 0xb5b6, 0xb5b6, 0xb5b6, 0xb5b6, 0xb5b6, 0xb5b6, 0xb5b6,
    0xb5b6, 0xb5b6, 0xb5b6, 0xb5b6, 0xb5b6, 0xb5b6, 0xb5b6, 0xb5b6, 0xb5b6, 0xb5b6, 0xb5b6, 0xb5b6, 0xb5b6, 0xb5b6, 0xb5b6, 0xb5b6,
    0xb5b6, 0xb5b6, 0xb596, 0xa534, 0x9cd3, 0x9cd3, 0x9cd3, 0x9cd3, 0xb596, 0xb5b6, 0xb5b6, 0xb5b6, 0xb5b6, 0xb5b6, 0xb5b6, 0xb5b6,
    0xb596, 0xb5b6, 0x0000, 0x0000, 0x0000, 0x0000, 0x0000, 0xb5b6, 0xb5b6, 0xb5b6, 0xb5b6, 0xb5b6, 0xb5b6, 0xb5b6, 0xb5b6, 0xb5b6,
    0xb5b6, 0xb5b6, 0xb5b6, 0xb5b6, 0xb5b6, 0xb5b6, 0xb5b6, 0xb5b6, 0xb5b6, 0xb5b6, 0xb5b6, 0xb5b6, 0xb5b6, 0xb5b6, 0xb5b6, 0xb5b6,
    0xb5b6, 0xb5b6, 0xb5b6, 0xb5b6, 0xb5b6, 0xb5b6, 0xb5b6, 0xb5b6, 0xb5b6, 0xb5b6, 0xb5b6, 0xb5b6, 0xb5b6, 0xb5b6, 0xb5b6, 0xb5b6,
    0xb5b6, 0xb5b6, 0xb5b6, 0xad55, 0xa514, 0x9cd3, 0x9cd3, 0x9cd3, 0x9cd3, 0x9cd3, 0xa534, 0xb5b6, 0xb5b6, 0xb5b6, 0xb5b6, 0xb5b6,
    0xb5b6, 0xb5b6, 0xb5b6, 0xb5b6, 0xb596, 0x0000, 0x0000, 0x0000, 0x0000, 0x0000, 0xb5b6, 0xb5b6, 0xb5b6, 0xb5b6, 0xb5b6, 0xb5b6,
    0xb5b6, 0xb5b6, 0xb5b6, 0xb5b6, 0xb5b6, 0xb5b6, 0xb5b6, 0xb5b6, 0xb5b6, 0xb5b6, 0xb5b6, 0xb5b6, 0xb5b6, 0xb5b6, 0xb5b6, 0xb5b6,
    0xb5b6, 0xb5b6, 0xb5b6, 0xb596, 0xa514, 0xa534, 0xb596, 0xb5b6, 0xb5b6, 0xb5b6, 0xb5b6, 0xb5b6, 0xb5b6, 0xb5b6, 0xb5b6, 0xb5b6,
    0xb5b6, 0xb5b6, 0xb5b6, 0xad75, 0xa534, 0x9cd3, 0x9cd3, 0x9cd3, 0x9cd3, 0x9cd3, 0x9cd3, 0x9cd3, 0xa514, 0xb5b6, 0xb5b6, 0xb5b6,
    0xb5b6, 0xb5b6, 0xb5b6, 0xb5b6, 0xb5b6, 0xb5b6, 0xb5b6, 0xb5b6, 0xa534, 0x0000, 0x0000, 0x0000, 0xad75, 0xb5b6, 0xb5b6, 0xb5b6,
    0xb5b6, 0xb5b6, 0xb5b6, 0xb5b6, 0xb5b6, 0xb5b6, 0xb5b6, 0xb5b6, 0xad55, 0xa514, 0xad75, 0xb5b6, 0xb5b6, 0xb5b6, 0xb5b6, 0xb5b6,
    0xb5b6, 0xb5b6, 0xb5b6, 0xb5b6, 0xad75, 0xa534, 0x9cd3, 0x9cd3, 0x9cd3, 0x9cd3, 0x9cf3, 0xa514, 0xa534, 0xad55, 0xad75, 0xad75,
    0xad75, 0xad55, 0xad55, 0xa534, 0xa514, 0x9cd3, 0x9cd3, 0x9cd3, 0x9cd3, 0x9cd3, 0x9cd3, 0x9cd3, 0x9cd3, 0x9cd3, 0xad55, 0xb5b6,
    0xb5b6, 0xb5b6, 0xb5b6, 0xb5b6, 0xb5b6, 0xb5b6, 0xb5b6, 0xb5b6, 0xb5b6, 0xad55, 0x9cf3, 0xa514, 0x0000, 0x0000, 0x0000, 0xa514,
    0x9cd3, 0x9cf3, 0xa534, 0xad75, 0xad75, 0xad75, 0xad75, 0xad75, 0xa534, 0xa514, 0x9cd3, 0x9cd3, 0x9cd3, 0x9cd3, 0x9cf3, 0xa534,
    0xad55, 0xad55, 0xad75, 0xad75, 0xad55, 0xa534, 0x9cf3, 0x9cd3, 0x9cd3, 0x9cd3, 0x9cd3, 0x9cd3, 0x9cd3, 0x9cd3, 0x9cd3, 0x9cd3,
    0x9cd3, 0x9cd3, 0x9cd3, 0x9cd3, 0x9cd3, 0x9cd3, 0x9cd3, 0x9cd3, 0x9cd3, 0x9cd3, 0x9cd3, 0x9cd3, 0x9cd3, 0x9cd3, 0x9cd3, 0x9cd3,
    0x9cd3, 0x9cd3, 0xa514, 0xad55, 0xad75, 0xad75, 0xb596, 0xb5b6, 0xb596, 0xad75, 0xa534, 0x9cd3, 0x9cd3, 0x9cd3, 0xa514, 0x0000,
    0x0000, 0x0000, 0xa514, 0x9cd3, 0x9cd3, 0x9cd3, 0x9cd3, 0x9cd3, 0x9cd3, 0x9cd3, 0x9cd3, 0x9cd3, 0x9cd3, 0x9cd3, 0x9cd3, 0x9cd3,
    0x9cd3, 0x9cd3, 0x9cd3, 0x9cd3, 0x9cd3, 0x9cd3, 0x9cd3, 0x9cd3, 0x9cd3, 0x9cd3, 0x9cd3, 0x9cd3, 0x9cd3, 0x9cd3, 0x9cd3, 0x9cd3,
    0x9cd3, 0x9cd3, 0x9cd3, 0x9cd3, 0x9cd3, 0x9cd3, 0x9cd3, 0x9cd3, 0x9cd3, 0x9cd3, 0x9cd3, 0x9cd3, 0x9cd3, 0x9cd3, 0x9cd3, 0x9cd3,
    0x9cd3, 0x9cd3, 0x9cd3, 0x9cd3, 0x9cd3, 0x9cd3, 0x9cd3, 0x9cd3, 0x9cd3, 0x9cd3, 0x9cd3, 0x9cd3, 0x9cd3, 0x9cd3, 0x9cd3, 0x9cd3,
    0x9cd3, 0x9cf3, 0x0000, 0x0000, 0x0000, 0xa514, 0x9cd3, 0x9cd3, 0x9cd3, 0x9cd3, 0x9cd3, 0x9cd3, 0x9cd3, 0x9cd3, 0x9cd3, 0x9cd3,
    0x9cd3, 0x9cd3, 0x9cd3, 0x9cd3, 0x9cd3, 0x9cd3, 0x9cd3, 0x9cd3, 0x9cd3, 0x9cd3, 0x9cd3, 0x9cd3, 0x9cd3, 0x9cd3, 0x9cd3, 0x9cd3,
    0x9cd3, 0x9cd3, 0x9cd3, 0x9cd3, 0x9cd3, 0x9cd3, 0x9cd3, 0x9cd3, 0x9cd3, 0x9cd3, 0x9cd3, 0x9cd3, 0x9cd3, 0x9cd3, 0x9cd3, 0x9cd3,
    0x9cd3, 0x9cd3, 0x9cd3, 0x9cd3, 0x9cd3, 0x9cd3, 0x9cd3, 0x9cd3, 0x9cd3, 0x9cd3, 0x9cd3, 0x9cd3, 0x9cd3, 0x9cd3, 0x9cd3, 0x9cd3,
    0x9cd3, 0x9cd3, 0x9cd3, 0x9cd3, 0x9cd3, 0x0000, 0x0000, 0x0000, 0x9cd3, 0x9cd3, 0x9cd3, 0x9cd3, 0x9cd3, 0x9cd3, 0x9cd3, 0x9cd3,
    0x9cd3, 0x9cd3, 0x9cd3, 0x9cd3, 0x9cd3, 0x9cd3, 0x9cd3, 0x9cd3, 0x9cd3, 0x9cd3, 0x9cd3, 0x9cd3, 0x9cd3, 0x9cd3, 0x9cd3, 0x9cd3,
    0x9cd3, 0x9cd3, 0x9cd3, 0x9cd3, 0x9cd3, 0x9cd3, 0x9cd3, 0x9cd3, 0x9cd3, 0x9cd3, 0x9cd3, 0x9cd3, 0x9cd3, 0x9cd3, 0x9cd3, 0x9cd3,
    0x9cd3, 0x9cd3, 0x9cd3, 0x9cd3, 0x9cd3, 0x9cd3, 0x9cd3, 0x9cd3, 0x9cd3, 0x9cd3, 0x9cd3, 0x9cd3, 0x9cd3, 0x9cd3, 0x9cd3, 0x9cd3,
    0x9cd3, 0x9cd3, 0x9cd3, 0x9cd3, 0x9cd3, 0x9cd3, 0x9cd3, 0x0000, 0x0000, 0x0000, 0x0000, 0x0000, 0x9cf3, 0x9cd3, 0x9cd3, 0x9cd3,
    0x9cd3, 0x9cd3, 0x9cd3, 0x9cd3, 0x9cd3, 0x9cd3, 0x9cd3, 0x9cd3, 0x9cd3, 0x9cd3, 0x9cd3, 0x9cd3, 0x9cd3, 0x9cd3, 0x9cd3, 0x9cd3,
    0x9cd3, 0x9cd3, 0x9cd3, 0x9cd3, 0x9cd3, 0x9cd3, 0x9cd3, 0x9cd3, 0x9cd3, 0x9cd3, 0x9cd3, 0x9cd3, 0x9cd3, 0x9cd3, 0x9cd3, 0x9cd3,
    0x9cd3, 0x9cd3, 0x9cd3, 0x9cd3, 0x9cd3, 0x9cd3, 0x9cd3, 0x9cd3, 0x9cd3, 0x9cd3, 0x9cd3, 0x9cd3, 0x9cd3, 0x9cd3, 0x9cd3, 0x9cd3,
    0x9cd3, 0x9cd3, 0x9cd3, 0x9cd3, 0x9cd3, 0x9cd3, 0x9cd3, 0x9cd3, 0x9cd3, 0x9cd3, 0x0000, 0x0000, 0x0000, 0x0000, 0x0000, 0x0000,
    0x9cd3, 0x9cd3, 0x9cd3, 0x9cd3, 0x9cd3, 0x9cd3, 0x9cd3, 0x9cd3, 0x9cd3, 0x9cd3, 0x9cd3, 0x9cd3, 0x9cd3, 0x9cd3, 0x9cd3, 0x9cd3,
    0x9cd3, 0x9cd3, 0x9cd3, 0x9cd3, 0x9cd3, 0x9cd3, 0x9cd3, 0x9cd3, 0x9cd3, 0x9cd3, 0x9cd3, 0x9cd3, 0x9cd3, 0x9cd3, 0x9cd3, 0x9cd3,
    0x9cd3, 0x9cd3, 0x9cd3, 0x9cd3, 0x9cd3, 0x9cd3, 0x9cd3, 0x9cd3, 0x9cd3, 0x9cd3, 0x9cd3, 0x9cd3, 0x9cd3, 0x9cd3, 0x9cd3, 0x9cd3,
    0x9cd3, 0x9cd3, 0x9cd3, 0x9cd3, 0x9cd3, 0x9cd3, 0x9cd3, 0x9cd3, 0x9cd3, 0x9cd3, 0x9cd3, 0x9cd3, 0x0000, 0x0000, 0x0000, 0x0000,
    0x0000, 0x0000, 0x0000, 0x0000, 0x94b2, 0x94b2, 0x9cd3, 0x9cd3, 0x9cd3, 0x9cd3, 0x9cd3, 0x9cd3, 0x9cd3, 0x9cd3, 0x9cd3, 0x9cd3,
    0x9cd3, 0x9cd3, 0x9cd3, 0x9cd3, 0x9cd3, 0x9cd3, 0x9cd3, 0x9cd3, 0x9cd3, 0x9cd3, 0x9cd3, 0x9cd3, 0x9cd3, 0x9cd3, 0x9cd3, 0x9cd3,
    0x9cd3, 0x9cd3, 0x9cd3, 0x9cd3, 0x9cd3, 0x9cd3, 0x9cd3, 0x9cd3, 0x9cd3, 0x9cd3, 0x9cd3, 0x9cd3, 0x9cd3, 0x9cd3, 0x9cd3, 0x9cd3,
    0x9cd3, 0x9cd3, 0x9cd3, 0x9cd3, 0x9cd3, 0x9cd3, 0x9cd3, 0x9cd3, 0x9cd3, 0x9cd3, 0x9cd3, 0x9cd3, 0x94b2, 0x0000, 0x0000, 0x0000,
    0x0000, 0x0000, 0x0000, 0x0000, 0x0000, 0x0000, 0x0000, 0x0000, 0x0000, 0x0000, 0x0000, 0x0000, 0x0000, 0x9cd3, 0x9cd3, 0x94b2,
    0x94b2, 0x94b2, 0x94b2, 0x94b2, 0x94b2, 0x94b2, 0x94b2, 0x94b2, 0x94b2, 0x94b2, 0x94b2, 0x94b2, 0x94b2, 0x94b2, 0x94b2, 0x94b2,
    0x94b2, 0x94b2, 0x94b2, 0x94b2, 0x94b2, 0x94b2, 0x94b2, 0x94b2, 0x94b2, 0x94b2, 0x94b2, 0x94b2, 0x94b2, 0x9cd3, 0x9cd3, 0x0000,
    0x0000, 0x0000, 0x0000, 0x0000, 0x0000, 0x0000, 0x0000, 0x0000, 0x0000, 0x0000, 0x0000, 0x0000, 0x0000, 0x0000, 0x0000, 0x0000,
    0x0000, 0x0000, 0x0000, 0x0000, 0x0000, 0x0000, 0x0000, 0x0000, 0x0000, 0x0000, 0x0000, 0x0000, 0x0000, 0x0000, 0x0000, 0x0000,
    0x0000, 0x0000, 0x0000, 0x0000, 0x0000, 0x0000, 0x0000, 0x0000, 0x0000, 0x0000, 0x0000, 0x0000, 0x0000, 0x0000, 0x0000, 0x0000,
    0x0000, 0x0000, 0x0000, 0x0000, 0x0000, 0x0000, 0x0000, 0x0000, 0x0000, 0x0000, 0x0000, 0x0000, 0x0000, 0x0000, 0x0000, 0x0000,
    0x0000, 0x0000, 0x0000, 0x0000, 0x0000, 0x0000, 0x0000, 0x0000, 0x0000, 0x0000, 0x0000, 0x0000, 0x0000, 0xe73c, 0xdefb, 0x0000,
    0x0000, 0x0000, 0x0000, 0x0000, 0x0000, 0x0000, 0x0000, 0x0000, 0x0000, 0x0000, 0x0000, 0x0000, 0x0000, 0x0000, 0x0000, 0x0000,
    0x0000, 0x0000, 0xdefb, 0xdefb, 0xe71c, 0x0000, 0x0000, 0xdefb, 0xdefb, 0xdefb, 0x0000, 0x0000, 0x0000, 0x0000, 0x0000, 0x0000,
    0x0000, 0x0000, 0x0000, 0x0000, 0x0000, 0x0000, 0x0000, 0x0000, 0x0000, 0x0000, 0x0000, 0x0000, 0x0000, 0x0000, 0x0000, 0x0000,
    0x0000, 0x0000, 0x0000, 0x0000, 0x0000, 0x0000, 0x0000, 0x0000, 0x0000, 0x0000, 0xdefb, 0xdefb, 0xdefb, 0xffff, 0x0000, 0xe71c,
    0xdefb, 0xdefb, 0x0000, 0x0000, 0x0000, 0x0000, 0x0000, 0x0000, 0x0000, 0x0000, 0x0000, 0x0000, 0x0000, 0x0000, 0x0000, 0x0000,
    0x0000, 0x0000, 0x0000, 0x0000, 0x0000, 0xdefb, 0xdefb, 0xdefb, 0xdefb, 0xef5d, 0xdefb, 0xdefb, 0xdefb, 0x0000, 0x0000, 0x0000,
    0x0000, 0x0000, 0x0000, 0x0000, 0x0000, 0x0000, 0x0000, 0x0000, 0x0000, 0xffff, 0xdefb, 0x0000, 0x0000, 0x0000, 0x0000, 0xe71c,
    0xe73c, 0x0000, 0x0000, 0x0000, 0x0000, 0x0000, 0x0000, 0x0000, 0x0000, 0x0000, 0x0000, 0x0000, 0x0000, 0xdefb, 0xdefb, 0xdefb,
    0xdefb, 0x0000, 0xdefb, 0xdefb, 0xdefb, 0x0000, 0x0000, 0x0000, 0x0000, 0x0000, 0x0000, 0x0000, 0x0000, 0x0000, 0x0000, 0x0000,
    0x0000, 0x0000, 0x0000, 0x0000, 0x0000, 0x0000, 0x0000, 0x0000, 0xe73c, 0xdefb, 0xdefb, 0xdefb, 0xdefb, 0xdefb, 0xdefb, 0xe71c,
    0x0000, 0x0000, 0x0000, 0x0000, 0x0000, 0x0000, 0x0000, 0x0000, 0x0000, 0x0000, 0x0000, 0x0000, 0xdefb, 0xdefb, 0xdefb, 0x0000,
    0x0000, 0xdefb, 0xdefb, 0xdefb, 0x0000, 0x0000, 0x0000, 0x0000, 0x0000, 0x0000, 0x0000, 0x0000, 0x0000, 0x0000, 0x0000, 0x0000,
    0x0000, 0xdefb, 0xdefb, 0xdefb, 0xdefb, 0xdefb, 0xdefb, 0xe71c, 0x0000, 0x0000, 0x0000, 0x0000, 0x0000, 0x0000, 0x0000, 0x0000,
    0x0000, 0x0000, 0x0000, 0x0000, 0x0000, 0x0000, 0x0000, 0x0000, 0x0000, 0x0000, 0x0000, 0x0000, 0xdefb, 0xdefb, 0xdefb, 0xdefb,
    0xdefb, 0xdefb, 0x0000, 0x0000, 0x0000, 0x0000, 0x0000, 0x0000, 0x0000, 0x0000, 0x0000, 0x0000, 0x0000, 0x0000, 0x0000, 0xdefb,
    0xdefb, 0xdefb, 0xdefb, 0xdefb, 0xdefb, 0xdefb, 0xdefb, 0x0000, 0x0000, 0x0000, 0x0000, 0x0000, 0x0000, 0x0000, 0x0000, 0x0000,
    0x0000, 0x0000, 0x0000, 0x0000, 0xdefb, 0xdefb, 0xdefb, 0xdefb, 0xdefb, 0xdefb, 0x0000, 0x0000, 0x0000, 0x0000, 0x0000, 0x0000,
    0x0000, 0x0000, 0x0000, 0x0000, 0x0000, 0x0000, 0x0000, 0x0000, 0x0000, 0x0000, 0x0000, 0x0000, 0xdefb, 0xdefb, 0xdefb, 0xdefb,
    0xdefb, 0xdefb, 0xdefb, 0xdefb, 0xdefb, 0xdefb, 0xdefb, 0xdefb, 0x0000, 0x0000, 0x0000, 0x0000, 0x0000, 0x0000, 0x0000, 0x0000,
    0x0000, 0x0000, 0x0000, 0xdefb, 0xdefb, 0xdefb, 0xdefb, 0xdefb, 0xdefb, 0x0000, 0x0000, 0x0000, 0x0000, 0x0000, 0x0000, 0x0000,
    0x0000, 0x0000, 0x0000, 0x0000, 0xdefb, 0xdefb, 0xdefb, 0xdefb, 0xdefb, 0xdefb, 0xdefb, 0xdefb, 0xdefb, 0xdefb, 0xdefb, 0xdefb,
    0xef5d, 0x0000, 0x0000, 0x0000, 0x0000, 0x0000, 0x0000, 0x0000, 0x0000, 0x0000, 0x0000, 0x0000, 0x0000, 0x0000, 0x0000, 0xdefb,
    0xdefb, 0xdefb, 0xdefb, 0xdefb, 0xdefb, 0xdefb, 0xdefb, 0xdefb, 0xdefb, 0xdefb, 0xdefb, 0x0000, 0x0000, 0x0000, 0x0000, 0x0000,
    0x0000, 0x0000, 0x0000, 0x0000, 0x0000, 0x0000, 0xdefb, 0xdefb, 0xdefb, 0xdefb, 0xdefb, 0xdefb, 0xdefb, 0xdefb, 0xdefb, 0x0000,
    0x0000, 0x0000, 0x0000, 0x0000, 0x0000, 0x0000, 0x0000, 0xdefb, 0xdefb, 0xdefb, 0xdefb, 0xdefb, 0xdefb, 0xdefb, 0xdefb, 0xdefb,
    0xdefb, 0xdefb, 0xdefb, 0xe71c, 0x0000, 0x0000, 0x0000, 0x0000, 0x0000, 0x0000, 0x0000, 0x0000, 0x0000, 0x0000, 0x0000, 0x0000,
    0x0000, 0x0000, 0xdefb, 0xdefb, 0xdefb, 0xdefb, 0xdefb, 0xdefb, 0xdefb, 0xdefb, 0xdefb, 0xdefb, 0xdefb, 0xdefb, 0x0000, 0x0000,
    0x0000, 0x0000, 0x0000, 0x0000, 0x0000, 0x0000, 0xdefb, 0xdefb, 0xdefb, 0xdefb, 0xdefb, 0xdefb, 0xdefb, 0xdefb, 0xdefb, 0xdefb,
    0xdefb, 0xdefb, 0x0000, 0x0000, 0x0000, 0x0000, 0x0000, 0x0000, 0x0000, 0x0000, 0xffff, 0xdefb, 0xdefb, 0xdefb, 0xdefb, 0xdefb,
    0xdefb, 0xdefb, 0xdefb, 0xdefb, 0xdefb, 0xe71c, 0x0000, 0x0000, 0x0000, 0x0000, 0x0000, 0x0000, 0x0000, 0x0000, 0x0000, 0x0000,
    0x0000, 0x0000, 0x0000, 0x0000, 0x0000, 0x0000, 0x0000, 0x0000, 0xdefb, 0xdefb, 0xdefb, 0xdefb, 0xdefb, 0xdefb, 0x0000, 0x0000,
    0x0000, 0x0000, 0x0000, 0x0000, 0x0000, 0x0000, 0x0000, 0x0000, 0x0000, 0xdefb, 0xdefb, 0xdefb, 0xdefb, 0xdefb, 0xdefb, 0xdefb,
    0xdefb, 0xdefb, 0xdefb, 0xdefb, 0xdefb, 0x0000, 0x0000, 0x0000, 0x0000, 0x0000, 0x0000, 0x0000, 0x0000, 0x0000, 0x0000, 0x0000,
    0xdefb, 0xdefb, 0xdefb, 0xdefb, 0xdefb, 0xdefb, 0xe71c, 0x0000, 0x0000, 0x0000, 0x0000, 0x0000, 0x0000, 0x0000, 0x0000, 0x0000,
    0x0000, 0x0000, 0x0000, 0x0000, 0x0000, 0x0000, 0x0000, 0x0000, 0x0000, 0x0000, 0xe71c, 0xdefb, 0xdefb, 0xdefb, 0xdefb, 0xdefb,
    0xdefb, 0xe73c, 0x0000, 0x0000, 0x0000, 0x0000, 0x0000, 0x0000, 0x0000, 0x0000, 0x0000, 0x0000, 0xffff, 0xe71c, 0xdefb, 0xdefb,
    0xdefb, 0xdefb, 0xdefb, 0xdefb, 0xdefb, 0xdefb, 0xdefb, 0xffff, 0x0000, 0x0000, 0x0000, 0x0000, 0x0000, 0x0000, 0x0000, 0x0000,
    0x0000, 0x0000, 0x0000, 0xdefb, 0xdefb, 0xdefb, 0xdedb, 0xdefb, 0xdefb, 0xdefb, 0x0000, 0x0000, 0x0000, 0x0000, 0x0000, 0x0000,
    0x0000, 0x0000, 0x0000, 0x0000, 0x0000, 0x0000, 0x0000, 0x0000, 0x0000, 0x0000, 0x0000, 0x0000, 0x0000, 0xdefb, 0xdefb, 0xdefb,
    0x0000, 0xe73c, 0xdefb, 0xdefb, 0xdefb, 0x0000, 0x0000, 0x0000, 0x0000, 0x0000, 0x0000, 0x0000, 0x0000, 0x0000, 0x0000, 0x0000,
    0x0000, 0x0000, 0xdefb, 0xdefb, 0xdefb, 0xdefb, 0xdefb, 0xdefb, 0x0000, 0x0000, 0x0000, 0x0000, 0x0000, 0x0000, 0x0000, 0x0000,
    0x0000, 0x0000, 0x0000, 0x0000, 0x0000, 0xe71c, 0xdefb, 0xdefb, 0xe71c, 0x0000, 0xdefb, 0xdefb, 0xdefb, 0x0000, 0x0000, 0x0000,
    0x0000, 0x0000, 0x0000, 0x0000, 0x0000, 0x0000, 0x0000, 0x0000, 0x0000, 0x0000, 0x0000, 0x0000, 0x0000, 0x0000, 0x0000, 0x0000,
    0xdefb, 0xdefb, 0xe73c, 0x0000, 0x0000, 0xdefb, 0xdefb, 0xe71c, 0x0000, 0x0000, 0x0000, 0x0000, 0x0000, 0x0000, 0x0000, 0x0000,
    0x0000, 0x0000, 0x0000, 0x0000, 0xe71c, 0xdefb, 0xdefb, 0xdefb, 0xdefb, 0xdefb, 0xdefb, 0xdefb, 0x0000, 0x0000, 0x0000, 0x0000,
    0x0000, 0x0000, 0x0000, 0x0000, 0x0000, 0x0000, 0x0000, 0x0000, 0x0000, 0xdefb, 0xe71c, 0x0000, 0x0000, 0x0000, 0xdefb, 0xdefb,
    0x0000, 0x0000, 0x0000, 0x0000, 0x0000, 0x0000, 0x0000, 0x0000, 0x0000, 0x0000, 0x0000, 0x0000, 0x0000, 0x0000, 0x0000, 0x0000,
    0x0000, 0x0000, 0x0000, 0x0000, 0x0000, 0x0000, 0x0000, 0x0000, 0x0000, 0x0000, 0x0000, 0x0000, 0x0000, 0x0000, 0x0000, 0x0000,
    0x0000, 0x0000, 0x0000, 0x0000, 0x0000, 0x0000, 0x0000, 0xdefb, 0xdefb, 0xdefb, 0x0000, 0x0000, 0xdefb, 0xdefb, 0xdefb, 0x0000,
    0x0000, 0x0000, 0x0000, 0x0000, 0x0000, 0x0000, 0x0000, 0x0000, 0x0000, 0x0000, 0x0000, 0x0000, 0x0000, 0x0000, 0x0000, 0x0000,
    0x0000, 0x0000, 0x0000, 0x0000, 0x0000, 0x0000, 0x0000, 0x0000, 0x0000, 0x0000, 0x0000, 0x0000, 0x0000, 0x0000, 0x0000, 0x0000,
    0x0000, 0x0000, 0x0000, 0x0000, 0x0000, 0x0000, 0x0000, 0x0000, 0x0000, 0x0000, 0x0000, 0x0000, 0x0000, 0x0000, 0x0000, 0xdefb,
    0xdefb, 0xef7d, 0x0000, 0x0000, 0xe73c, 0xdefb, 0xdefb, 0x0000, 0x0000, 0x0000, 0xe73c, 0xdefb, 0xdefb, 0x0000, 0x0000, 0x0000,
    0xe71c, 0xdedb, 0x0000, 0x0000, 0x0000, 0xffff, 0xdefb, 0xdefb, 0x0000, 0x0000, 0xffff, 0xdefb, 0xdefb, 0x0000, 0x0000, 0x0000,
    0x0000, 0x0000, 0x0000, 0x0000, 0x0000, 0x0000, 0x0000, 0x0000, 0x0000, 0x0000, 0x0000, 0x0000, 0x0000, 0x0000, 0x0000, 0x0000,
    0x0000, 0x0000, 0x0000, 0x0000, 0x0000, 0x0000, 0x0000, 0x0000, 0x0000, 0x0000, 0x0000, 0x0000, 0x0000, 0x0000, 0x0000, 0x0000,
    0x0000, 0x0000, 0xdefb, 0xdefb, 0xdefb, 0xffff, 0x0000, 0xdefb, 0xdefb, 0xdefb, 0x0000, 0x0000, 0x0000, 0x0000, 0x0000, 0x0000,
    0x0000, 0x0000, 0x0000, 0x0000, 0x0000, 0x0000, 0x0000, 0x0000, 0xdefb, 0xdefb, 0xdefb, 0xdefb, 0x0000, 0xdefb, 0xdefb, 0xdefb,
    0x0000, 0x0000, 0x0000, 0x0000, 0x0000, 0x0000, 0x0000, 0x0000, 0x0000, 0x0000, 0x0000, 0x0000, 0x0000, 0x0000, 0x0000, 0x0000,
    0x0000, 0x0000, 0x0000, 0x0000, 0x0000, 0x0000, 0x0000, 0x0000, 0x0000, 0x0000, 0x0000, 0x0000, 0x0000, 0x0000, 0x0000, 0x0000,
    0x0000, 0x0000, 0x0000, 0x0000, 0x0000, 0xdefb, 0xdefb, 0xdefb, 0xdefb, 0xdefb, 0xdefb, 0xdefb, 0xdefb, 0x0000, 0x0000, 0x0000,
    0x0000, 0x0000, 0x0000, 0x0000, 0x0000, 0x0000, 0x0000, 0x0000, 0x0000, 0x0000, 0x0000, 0x0000, 0xdefb, 0xdefb, 0xdefb, 0xdefb,
    0xdefb, 0xdefb, 0xdefb, 0x0000, 0x0000, 0x0000, 0x0000, 0x0000, 0x0000, 0x0000, 0x0000, 0x0000, 0x0000, 0x0000, 0x0000, 0x0000,
    0x0000, 0x0000, 0x0000, 0x0000, 0x0000, 0x0000, 0x0000, 0x0000, 0x0000, 0x0000, 0x0000, 0x0000, 0x0000, 0x0000, 0x0000, 0x0000,
    0x0000, 0x0000, 0x0000, 0x0000, 0x0000, 0x0000, 0x0000, 0x0000, 0x0000, 0xdefb, 0xdefb, 0xdefb, 0xdefb, 0xdefb, 0xdefb, 0x0000,
    0x0000, 0x0000, 0x0000, 0x0000, 0x0000, 0x0000, 0x0000, 0x0000, 0x0000, 0x0000, 0x0000, 0x0000, 0x0000, 0x0000, 0x0000, 0xe73c,
    0xdefb, 0xdefb, 0xdefb, 0xdefb, 0xdefb, 0xffff, 0x0000, 0x0000, 0x0000, 0x0000, 0x0000, 0x0000, 0x0000, 0x0000, 0x0000, 0x0000,
    0x0000, 0x0000, 0x0000, 0x0000, 0x0000, 0x0000, 0x0000, 0x0000, 0x0000, 0x0000, 0x0000, 0x0000, 0x0000, 0x0000, 0x0000, 0x0000,
    0x0000, 0x0000, 0x0000, 0x0000, 0x0000, 0x0000, 0x0000, 0x0000, 0x0000, 0xdefb, 0xdefb, 0xdefb, 0xdefb, 0xdefb, 0xdefb, 0xdefb,
    0xdefb, 0xdefb, 0xdefb, 0xdefb, 0xdefb, 0x0000, 0x0000, 0x0000, 0x0000, 0x0000, 0x0000, 0x0000, 0x0000, 0x0000, 0x0000, 0xef7d,
    0xdefb, 0xdefb, 0xdefb, 0xdefb, 0xdefb, 0xdefb, 0xdefb, 0xdefb, 0xdefb, 0xdefb, 0xdefb, 0xe71c, 0x0000, 0x0000, 0x0000, 0x0000,
    0x0000, 0x0000, 0x0000, 0x0000, 0x0000, 0x0000, 0x0000, 0x0000, 0x0000, 0x0000, 0x0000, 0x0000, 0x0000, 0x0000, 0x0000, 0x0000,
    0x0000, 0x0000, 0x0000, 0x0000, 0x0000, 0x0000, 0x0000, 0x0000, 0x0000, 0x0000, 0x0000, 0x0000, 0xdefb, 0xdefb, 0xdefb, 0xdefb,
    0xdefb, 0xdefb, 0xdefb, 0xdefb, 0xdefb, 0xdefb, 0xdefb, 0xdefb, 0x0000, 0x0000, 0x0000, 0x0000, 0x0000, 0x0000, 0x0000, 0x0000,
    0x0000, 0x0000, 0xdefb, 0xdefb, 0xdefb, 0xdefb, 0xdefb, 0xdefb, 0xdefb, 0xdefb, 0xdefb, 0xdefb, 0xdefb, 0xdefb, 0xdefb, 0x0000,
    0x0000, 0x0000, 0x0000, 0x0000, 0x0000, 0x0000, 0x0000, 0x0000, 0x0000, 0x0000, 0x0000, 0x0000, 0x0000, 0x0000, 0x0000, 0x0000,
    0x0000, 0x0000, 0x0000, 0x0000, 0x0000, 0x0000, 0x0000, 0x0000, 0x0000, 0x0000, 0x0000, 0x0000, 0x0000, 0x0000, 0x0000, 0xdefb,
    0xdefb, 0xdefb, 0xdefb, 0xdefb, 0xdefb, 0xdefb, 0xdefb, 0xdefb, 0xdefb, 0xdefb, 0xdefb, 0x0000, 0x0000, 0x0000, 0x0000, 0x0000,
    0x0000, 0x0000, 0x0000, 0x0000, 0x0000, 0xe71c, 0xdefb, 0xdefb, 0xdefb, 0xdefb, 0xdefb, 0xdefb, 0xdefb, 0xdefb, 0xdefb, 0xdefb,
    0xdefb, 0xef5d, 0x0000, 0x0000, 0x0000, 0x0000, 0x0000, 0x0000, 0x0000, 0x0000, 0x0000, 0x0000, 0x0000, 0x0000, 0x0000, 0x0000,
    0x0000, 0x0000, 0x0000, 0x0000, 0x0000, 0x0000, 0x0000, 0x0000, 0x0000, 0x0000, 0x0000, 0x0000, 0x0000, 0x0000, 0x0000, 0x0000,
    0x0000, 0x0000, 0x0000, 0x0000, 0x0000, 0xdefb, 0xdefb, 0xdefb, 0xdefb, 0xdefb, 0xdefb, 0x0000, 0x0000, 0x0000, 0x0000, 0x0000,
    0x0000, 0x0000, 0x0000, 0x0000, 0x0000, 0x0000, 0x0000, 0x0000, 0x0000, 0x0000, 0x0000, 0xffff, 0xdefb, 0xdefb, 0xdefb, 0xdefb,
    0xdefb, 0xffff, 0x0000, 0x0000, 0x0000, 0x0000, 0x0000, 0x0000, 0x0000, 0x0000, 0x0000, 0x0000, 0x0000, 0x0000, 0x0000, 0x0000,
    0x0000, 0x0000, 0x0000, 0x0000, 0x0000, 0x0000, 0x0000, 0x0000, 0x0000, 0x0000, 0x0000, 0x0000, 0x0000, 0x0000, 0x0000, 0x0000,
    0x0000, 0x0000, 0x0000, 0x0000, 0x0000, 0x0000, 0x0000, 0xffff, 0xdefb, 0xdefb, 0xdefb, 0xdefb, 0xdefb, 0xdefb, 0xe71c, 0x0000,
    0x0000, 0x0000, 0x0000, 0x0000, 0x0000, 0x0000, 0x0000, 0x0000, 0x0000, 0x0000, 0x0000, 0x0000, 0x0000, 0x0000, 0xdefb, 0xdefb,
    0xdefb, 0xdefb, 0xdefb, 0xdefb, 0xdefb, 0x0000, 0x0000, 0x0000, 0x0000, 0x0000, 0x0000, 0x0000, 0x0000, 0x0000, 0x0000, 0x0000,
    0x0000, 0x0000, 0x0000, 0x0000, 0x0000, 0x0000, 0x0000, 0x0000, 0x0000, 0x0000, 0x0000, 0x0000, 0x0000, 0x0000, 0x0000, 0x0000,
    0x0000, 0x0000, 0x0000, 0x0000, 0x0000, 0x0000, 0x0000, 0x0000, 0x0000, 0x0000, 0xdefb, 0xdefb, 0xdefb, 0xe73c, 0xdefb, 0xdefb,
    0xdefb, 0xdefb, 0x0000, 0x0000, 0x0000, 0x0000, 0x0000, 0x0000, 0x0000, 0x0000, 0x0000, 0x0000, 0x0000, 0x0000, 0x0000, 0x0000,
    0xffff, 0xdefb, 0xdefb, 0xdefb, 0x0000, 0xdefb, 0xdefb, 0xdefb, 0xffff, 0x0000, 0x0000, 0x0000, 0x0000, 0x0000, 0x0000, 0x0000,
    0x0000, 0x0000, 0x0000, 0x0000, 0x0000, 0x0000, 0x0000, 0x0000, 0x0000, 0x0000, 0x0000, 0x0000, 0x0000, 0x0000, 0x0000, 0x0000,
    0x0000, 0x0000, 0x0000, 0x0000, 0x0000, 0x0000, 0x0000, 0x0000, 0x0000, 0x0000, 0x0000, 0x0000, 0x0000, 0xdefb, 0xdefb, 0xdefb,
    0x0000, 0x0000, 0xdefb, 0xdefb, 0xdefb, 0x0000, 0x0000, 0x0000, 0x0000, 0x0000, 0x0000, 0x0000, 0x0000, 0x0000, 0x0000, 0x0000,
    0x0000, 0x0000, 0x0000, 0x0000, 0xdefb, 0xdefb, 0x0000, 0x0000, 0x0000, 0xdefb, 0xdefb, 0x0000, 0x0000, 0x0000, 0x0000, 0x0000,
    0x0000, 0x0000, 0x0000, 0x0000, 0x0000, 0x0000, 0x0000, 0x0000, 0x0000, 0x0000, 0x0000, 0x0000, 0x0000, 0x0000, 0x0000, 0x0000,
    0x0000, 0x0000, 0x0000, 0x0000, 0x0000, 0x0000, 0x0000, 0x0000, 0x0000, 0x0000, 0x0000, 0x0000, 0x0000, 0x0000, 0x0000, 0x0000,
    0x0000, 0x0000, 0x0000, 0x0000, 0x0000, 0x0000, 0x0000, 0x0000, 0x0000, 0x0000, 0x0000, 0x0000, 0x0000, 0x0000, 0x0000, 0x0000,
    0x0000, 0x0000, 0x0000, 0x0000, 0x0000, 0x0000, 0x0000, 0x0000, 0x0000, 0x0000, 0x0000, 0x0000, 0x0000, 0x0000, 0x0000, 0x0000,
    0x0000, 0x0000, 0x0000, 0x0000, 0x0000, 0x0000, 0x0000, 0x0000, 0x0000, 0x0000, 0x0000, 0x0000, 0x0000, 0x0000, 0x0000, 0x0000,
    0x0000, 0x0000, 0x0000, 0x0000, 0x0000, 0x0000, 0x0000, 0x0000, 0x0000, 0x0000, 0x0000, 0x0000, 0x0000, 0x0000, 0x0000, 0x0000,
    0x0000, 0x0000, 0x0000, 0x0000, 0x0000, 0x0000, 0x0000, 0x0000, 0x0000, 0x0000, 0x0000, 0x0000, 0x0000, 0x0000, 0x0000, 0x0000,
    0x0000, 0x0000, 0x0000, 0x0000, 0x0000, 0x0000, 0x0000, 0x0000, 0x0000, 0x0000, 0x0000, 0x0000, 0x0000, 0x0000, 0x0000, 0x0000,
    0x0000, 0x0000, 0x0000, 0x0000, 0x0000, 0x0000, 0x0000, 0x0000, 0x0000, 0x0000, 0x0000, 0x0000, 0x0000, 0x0000, 0x0000, 0x0000,
    0x0000, 0x0000, 0x0000, 0x0000, 0x0000, 0x0000, 0x0000, 0x0000, 0x0000, 0x0000, 0x0000, 0x0000, 0x0000, 0x0000, 0x0000, 0x0000,
    0x0000, 0x0000, 0x0000, 0x0000, 0x0000, 0x0000, 0x0000, 0x0000, 0x0000, 0x0000, 0x0000, 0x0000, 0x0000, 0x0000, 0x0000, 0x0000,
    0x0000, 0x0000, 0x0000, 0x0000, 0x0000, 0x0000, 0x0000, 0x0000, 0x0000, 0x0000, 0x0000, 0x0000, 0x0000, 0x0000, 0x0000, 0x0000,
    0x0000, 0x0000, 0x0000, 0x0000, 0x0000, 0x0000, 0x0000, 0x0000, 0x0000, 0x0000, 0x0000, 0x0000, 0x0000, 0x0000, 0x0000, 0x0000,
    0x0000, 0x0000, 0x0000, 0x0000, 0x0000, 0x0000, 0x0000, 0x0000, 0x0000, 0x0000, 0x0000, 0x0000, 0x0000, 0x0000, 0x0000, 0x0000,
    0x0000, 0x0000, 0x0000, 0x0000, 0x0000, 0x0000, 0x0000, 0x0000, 0x0000, 0x0000, 0x0000, 0x0000, 0x0000, 0x0000, 0x0000, 0x0000,
    0x0000, 0x0000, 0x0000, 0x0000, 0x0000, 0x0000, 0x0000, 0x0000, 0x0000, 0x0000, 0x0000, 0x0000, 0x0000, 0x0000, 0x0000, 0x0000,
    0x0000, 0x0000, 0x0000, 0x0000, 0x0000, 0x0000, 0x0000, 0x0000, 0x0000, 0x0000, 0x0000, 0x0000, 0x0000, 0x0000, 0x0000, 0x0000,
    0x0000, 0x0000, 0x0000, 0x0000, 0x0000, 0x0000, 0x0000, 0x0000, 0x0000};
// 'thunderstorm', 67x67px
const uint16_t weather_thunderstorm[] PROGMEM = {
    0x0000, 0x0000, 0x0000, 0x0000, 0x0000, 0x0000, 0x0000, 0x0000, 0x0000, 0x0000, 0x0000, 0x0000, 0x0000, 0x0000, 0x0000, 0x0000,
    0x0000, 0x0000, 0x0000, 0x0000, 0x0000, 0x0000, 0x0000, 0x0000, 0x0000, 0x0000, 0x0000, 0x0000, 0x0000, 0x0000, 0x0000, 0x0000,
    0x0000, 0x0000, 0x0000, 0x0000, 0x0000, 0x0000, 0x0000, 0x0000, 0x0000, 0x0000, 0x0000, 0x0000, 0x0000, 0x0000, 0x0000, 0x0000,
    0x0000, 0x0000, 0x0000, 0x0000, 0x0000, 0x0000, 0x0000, 0x0000, 0x0000, 0x0000, 0x0000, 0x0000, 0x0000, 0x0000, 0x0000, 0x0000,
    0x0000, 0x0000, 0x0000, 0x0000, 0x0000, 0x0000, 0x0000, 0x0000, 0x0000, 0x0000, 0x0000, 0x0000, 0x0000, 0x0000, 0x0000, 0x0000,
    0x0000, 0x0000, 0x0000, 0x0000, 0x0000, 0x0000, 0x0000, 0x0000, 0x0000, 0x0000, 0x0000, 0x0000, 0x0000, 0x0000, 0x0000, 0x0000,
    0x0000, 0x0000, 0x0000, 0x0000, 0x0000, 0x0000, 0x0000, 0x0000, 0x0000, 0x0000, 0x0000, 0x0000, 0x0000, 0x0000, 0x0000, 0x0000,
    0x0000, 0x0000, 0x0000, 0x0000, 0x0000, 0x0000, 0x0000, 0x0000, 0x0000, 0x0000, 0x0000, 0x0000, 0x0000, 0x0000, 0x0000, 0x0000,
    0x0000, 0x0000, 0x0000, 0x0000, 0x0000, 0x0000, 0x0000, 0x0000, 0x0000, 0x0000, 0x0000, 0x0000, 0x0000, 0x0000, 0x0000, 0x0000,
    0x0000, 0x0000, 0x0000, 0x0000, 0x0000, 0x0000, 0x0000, 0x0000, 0x0000, 0x0000, 0x0000, 0x0000, 0x0000, 0x0000, 0x0000, 0x0000,
    0x0000, 0x0000, 0x0000, 0x0000, 0x0000, 0x0000, 0x0000, 0x0000, 0x0000, 0x0000, 0x0000, 0x0000, 0x0000, 0x0000, 0x0000, 0x0000,
    0x0000, 0x0000, 0x0000, 0x0000, 0x0000, 0x0000, 0x0000, 0x0000, 0x0000, 0x0000, 0x0000, 0x0000, 0x0000, 0x0000, 0x0000, 0x0000,
    0x0000, 0x0000, 0x0000, 0x0000, 0x0000, 0x0000, 0x0000, 0x0000, 0x0000, 0x0000, 0x0000, 0x0000, 0x0000, 0x0000, 0x0000, 0x0000,
    0x0000, 0x0000, 0x0000, 0x0000, 0x0000, 0x0000, 0x0000, 0x0000, 0x0000, 0x0000, 0x0000, 0x0000, 0x0000, 0x0000, 0x0000, 0x0000,
    0x0000, 0x0000, 0x0000, 0x0000, 0x0000, 0x0000, 0x0000, 0x0000, 0x0000, 0x0000, 0x0000, 0x0000, 0xb5b6, 0xb5b6, 0xb596, 0xb596,
    0xb5b6, 0xb5b6, 0xb596, 0xb5b6, 0xb596, 0xad75, 0x0000, 0x0000, 0x0000, 0x0000, 0x0000, 0x0000, 0x0000, 0x0000, 0x0000, 0x0000,
    0x0000, 0x0000, 0x0000, 0x0000, 0x0000, 0x0000, 0x0000, 0x0000, 0x0000, 0x0000, 0x0000, 0x0000, 0x0000, 0x0000, 0x0000, 0x0000,
    0x0000, 0x0000, 0x0000, 0x0000, 0x0000, 0x0000, 0x0000, 0x0000, 0x0000, 0x0000, 0x0000, 0x0000, 0x0000, 0x0000, 0x0000, 0x0000,
    0x0000, 0x0000, 0x0000, 0x0000, 0x0000, 0x0000, 0x0000, 0x0000, 0x0000, 0x0000, 0x0000, 0x0000, 0xb5b6, 0xb596, 0xb596, 0xb5b6,
    0xb5b6, 0xb5b6, 0xb5b6, 0xb5b6, 0xb5b6, 0xb5b6, 0xb5b6, 0xb5b6, 0xb5b6, 0xb5b6, 0xb5b6, 0x0000, 0x0000, 0x0000, 0x0000, 0x0000,
    0x0000, 0x0000, 0x0000, 0x0000, 0x0000, 0x0000, 0x0000, 0x0000, 0x0000, 0x0000, 0x0000, 0x0000, 0x0000, 0x0000, 0x0000, 0x0000,
    0x0000, 0x0000, 0x0000, 0x0000, 0x0000, 0x0000, 0x0000, 0x0000, 0x0000, 0x0000, 0x0000, 0x0000, 0x0000, 0x0000, 0x0000, 0x0000,
    0x0000, 0x0000, 0x0000, 0x0000, 0x0000, 0x0000, 0x0000, 0x0000, 0x0000, 0x0000, 0x0000, 0x0000, 0x0000, 0x0000, 0xb5b6, 0xb596,
    0xb5b6, 0xb5b6, 0xb5b6, 0xb5b6, 0xb5b6, 0xb5b6, 0xb5b6, 0xb5b6, 0xb5b6, 0xb5b6, 0xb5b6, 0xb5b6, 0xb5b6, 0xb5b6, 0xb596, 0xb596,
    0x0000, 0x0000, 0x0000, 0x0000, 0x0000, 0x0000, 0x0000, 0x0000, 0x0000, 0x0000, 0x0000, 0x0000, 0x0000, 0x0000, 0x0000, 0x0000,
    0x0000, 0x0000, 0x0000, 0x0000, 0x0000, 0x0000, 0x0000, 0x0000, 0x0000, 0x0000, 0x0000, 0x0000, 0x0000, 0x0000, 0x0000, 0x0000,
    0x0000, 0x0000, 0x0000, 0x0000, 0x0000, 0x0000, 0x0000, 0x0000, 0x0000, 0x0000, 0x0000, 0x0000, 0x0000, 0x0000, 0x0000, 0x0000,
    0xb596, 0xb5b6, 0xb5b6, 0xb5b6, 0xb5b6, 0xb5b6, 0xb5b6, 0xb5b6, 0xb5b6, 0xb5b6, 0xb5b6, 0xb5b6, 0xb5b6, 0xb5b6, 0xb5b6, 0xb5b6,
    0xb5b6, 0xb5b6, 0xb5b6, 0xb596, 0x0000, 0x0000, 0x0000, 0x0000, 0x0000, 0x0000, 0x0000, 0x0000, 0x0000, 0x0000, 0x0000, 0x0000,
    0x0000, 0x0000, 0x0000, 0x0000, 0x0000, 0x0000, 0x0000, 0x0000, 0x0000, 0x0000, 0x0000, 0x0000, 0x0000, 0x0000, 0x0000, 0x0000,
    0x0000, 0x0000, 0x0000, 0x0000, 0x0000, 0x0000, 0x0000, 0x0000, 0x0000, 0x0000, 0x0000, 0x0000, 0x0000, 0x0000, 0x0000, 0x0000,
    0x0000, 0x0000, 0xb596, 0xb5b6, 0xb5b6, 0xb5b6, 0xb5b6, 0xb5b6, 0xb5b6, 0xb5b6, 0xb5b6, 0xb5b6, 0xb5b6, 0xb5b6, 0xb5b6, 0xb5b6,
    0xb5b6, 0xb5b6, 0xb5b6, 0xb5b6, 0xb5b6, 0xb5b6, 0xb5b6, 0xb596, 0x0000, 0x0000, 0x0000, 0x0000, 0x0000, 0x0000, 0x0000, 0x0000,
    0x0000, 0x0000, 0x0000, 0x0000, 0x0000, 0x0000, 0x0000, 0x0000, 0x0000, 0x0000, 0x0000, 0x0000, 0x0000, 0x0000, 0x0000, 0x0000,
    0x0000, 0x0000, 0x0000, 0x0000, 0x0000, 0x0000, 0x0000, 0x0000, 0x0000, 0x0000, 0x0000, 0x0000, 0x0000, 0x0000, 0x0000, 0x0000,
    0x0000, 0x0000, 0x0000, 0x0000, 0xb596, 0xb5b6, 0xb5b6, 0xb5b6, 0xb5b6, 0xb5b6, 0xb5b6, 0xb5b6, 0xb5b6, 0xb5b6, 0xb5b6, 0xb5b6,
    0xb5b6, 0xb5b6, 0xb5b6, 0xb5b6, 0xb5b6, 0xb5b6, 0xb5b6, 0xb5b6, 0xb5b6, 0xb5b6, 0xb5b6, 0xb596, 0xffff, 0x0000, 0x0000, 0x0000,
    0x0000, 0x0000, 0x0000, 0x0000, 0x0000, 0x0000, 0x0000, 0x0000, 0x0000, 0x0000, 0x0000, 0x0000, 0x0000, 0x0000, 0x0000, 0x0000,
    0x0000, 0x0000, 0x0000, 0x0000, 0x0000, 0x0000, 0x0000, 0x0000, 0x0000, 0x0000, 0x0000, 0x0000, 0x0000, 0x0000, 0x0000, 0x0000,
    0x0000, 0x0000, 0x0000, 0x0000, 0x0000, 0x0000, 0xb5b6, 0xb5b6, 0xb5b6, 0xb5b6, 0xb5b6, 0xb5b6, 0xb5b6, 0xb5b6, 0xb5b6, 0xb5b6,
    0xb5b6, 0xb5b6, 0xb5b6, 0xb5b6, 0xb5b6, 0xb5b6, 0xb5b6, 0xb5b6, 0xb5b6, 0xb5b6, 0xb5b6, 0xb5b6, 0xb5b6, 0xb5b6, 0xb5b6, 0xb5b6,
    0x0000, 0x0000, 0x0000, 0x0000, 0x0000, 0x0000, 0x0000, 0x0000, 0x0000, 0x0000, 0x0000, 0x0000, 0x0000, 0x0000, 0x0000, 0x0000,
    0x0000, 0x0000, 0x0000, 0x0000, 0x0000, 0x0000, 0x0000, 0x0000, 0x0000, 0x0000, 0x0000, 0x0000, 0x0000, 0x0000, 0x0000, 0x0000,
    0x0000, 0x0000, 0x0000, 0x0000, 0x0000, 0x0000, 0x0000, 0x0000, 0xb5b6, 0xb596, 0xb5b6, 0xb5b6, 0xb5b6, 0xb5b6, 0xb5b6, 0xb5b6,
    0xb5b6, 0xb5b6, 0xb5b6, 0xb5b6, 0xb5b6, 0xb5b6, 0xb5b6, 0xb5b6, 0xb5b6, 0xb5b6, 0xb5b6, 0xb5b6, 0xb5b6, 0xb5b6, 0xb5b6, 0xb5b6,
    0xb5b6, 0xb5b6, 0xb596, 0xb596, 0x0000, 0x0000, 0x0000, 0x0000, 0x0000, 0x0000, 0x0000, 0x0000, 0x0000, 0x0000, 0x0000, 0x0000,
    0x0000, 0x0000, 0x0000, 0x0000, 0x0000, 0x0000, 0x0000, 0x0000, 0x0000, 0x0000, 0x0000, 0x0000, 0x0000, 0x0000, 0x0000, 0x0000,
    0x0000, 0x0000, 0x0000, 0x0000, 0x0000, 0x0000, 0x0000, 0x0000, 0x0000, 0x0000, 0x0000, 0xb596, 0xb5b6, 0xb5b6, 0xb5b6, 0xb5b6,
    0xb5b6, 0xb5b6, 0xb5b6, 0xb5b6, 0xb5b6, 0xb5b6, 0xb5b6, 0xb5b6, 0xb5b6, 0xb5b6, 0xb5b6, 0xb5b6, 0xb5b6, 0xb5b6, 0xb5b6, 0xb5b6,
    0xb5b6, 0xb5b6, 0xb5b6, 0xb5b6, 0xb5b6, 0xb5b6, 0xb596, 0x0000, 0x0000, 0x0000, 0x0000, 0x0000, 0x0000, 0x0000, 0x0000, 0x0000,
    0x0000, 0x0000, 0x0000, 0x0000, 0x0000, 0x0000, 0x0000, 0x0000, 0x0000, 0x0000, 0x0000, 0x0000, 0x0000, 0x0000, 0x0000, 0x0000,
    0x0000, 0x0000, 0x0000, 0x0000, 0x0000, 0x0000, 0x0000, 0x0000, 0x0000, 0x0000, 0x0000, 0x0000, 0x0000, 0xc638, 0xb596, 0xb5b6,
    0xb5b6, 0xb5b6, 0xb5b6, 0xb5b6, 0xb5b6, 0xb5b6, 0xb5b6, 0xb5b6, 0xb5b6, 0xb5b6, 0xb5b6, 0xb5b6, 0xb5b6, 0xb5b6, 0xb5b6, 0xb5b6,
    0xb5b6, 0xb5b6, 0xb5b6, 0xb5b6, 0xb5b6, 0xb5b6, 0xb5b6, 0xb5b6, 0xb5b6, 0xb5b6, 0xb5b6, 0x0000, 0x0000, 0x0000, 0x0000, 0x0000,
    0x0000, 0x0000, 0x0000, 0x0000, 0x0000, 0x0000, 0x0000, 0x0000, 0x0000, 0x0000, 0x0000, 0x0000, 0x0000, 0x0000, 0x0000, 0x0000,
    0x0000, 0x0000, 0x0000, 0x0000, 0x0000, 0x0000, 0x0000, 0x0000, 0x0000, 0x0000, 0x0000, 0x0000, 0x0000, 0x0000, 0x0000, 0x0000,
    0xb596, 0xb5b6, 0xb5b6, 0xb5b6, 0xb5b6, 0xb5b6, 0xb5b6, 0xb5b6, 0xb5b6, 0xb5b6, 0xb5b6, 0xb5b6, 0xb5b6, 0xb5b6, 0xb5b6, 0xb5b6,
    0xb5b6, 0xb5b6, 0xb5b6, 0xb5b6, 0xb5b6, 0xb5b6, 0xb5b6, 0xb5b6, 0xb5b6, 0xb5b6, 0xb5b6, 0xb5b6, 0xb5b6, 0xb596, 0x0000, 0x0000,
    0x0000, 0x0000, 0x0000, 0x0000, 0x0000, 0x0000, 0x0000, 0x0000, 0x0000, 0x0000, 0x0000, 0x0000, 0x0000, 0x0000, 0x0000, 0x0000,
    0x0000, 0x0000, 0x0000, 0x0000, 0x0000, 0x0000, 0x0000, 0x0000, 0x0000, 0x0000, 0x0000, 0x0000, 0x0000, 0x0000, 0x0000, 0xb596,
    0xb596, 0xb596, 0xb596, 0xb596, 0xb5b6, 0xb5b6, 0xb5b6, 0xb5b6, 0xb5b6, 0xb5b6, 0xb5b6, 0xb5b6, 0xb5b6, 0xb5b6, 0xb5b6, 0xb5b6,
    0xb5b6, 0xb5b6, 0xb5b6, 0xb5b6, 0xb5b6, 0xb5b6, 0xb5b6, 0xb5b6, 0xb5b6, 0xb5b6, 0xb5b6, 0xb5b6, 0xb5b6, 0xb5b6, 0xb5b6, 0xb5b6,
    0xb5b6, 0xb5b6, 0x0000, 0x0000, 0x0000, 0x0000, 0x0000, 0x0000, 0x0000, 0x0000, 0x0000, 0x0000, 0x0000, 0x0000, 0x0000, 0x0000,
    0x0000, 0x0000, 0x0000, 0x0000, 0x0000, 0x0000, 0x0000, 0x0000, 0x0000, 0x0000, 0x0000, 0x0000, 0x0000, 0x0000, 0x0000, 0xb5b6,
    0xb596, 0xb596, 0xb5b6, 0xb5b6, 0xb5b6, 0xb5b6, 0xb5b6, 0xb5b6, 0xb5b6, 0xb5b6, 0xb5b6, 0xb5b6, 0xb5b6, 0xb5b6, 0xb5b6, 0xb5b6,
    0xb5b6, 0xb5b6, 0xb5b6, 0xb5b6, 0xb5b6, 0xb5b6, 0xb5b6, 0xb5b6, 0xb5b6, 0xb5b6, 0xb5b6, 0xb5b6, 0xb5b6, 0xb5b6, 0xb5b6, 0xb5b6,
    0xb5b6, 0xb5b6, 0xb5b6, 0xb5b6, 0xb5b6, 0x0000, 0x0000, 0x0000, 0x0000, 0x0000, 0x0000, 0x0000, 0x0000, 0x0000, 0x0000, 0x0000,
    0x0000, 0x0000, 0x0000, 0x0000, 0x0000, 0x0000, 0x0000, 0x0000, 0x0000, 0x0000, 0x0000, 0x0000, 0x0000, 0x0000, 0x0000, 0x0000,
    0xb596, 0xb596, 0xb5b6, 0xb5b6, 0xb5b6, 0xb5b6, 0xb5b6, 0xb5b6, 0xb5b6, 0xb5b6, 0xb5b6, 0xb5b6, 0xb5b6, 0xb5b6, 0xb5b6, 0xb5b6,
    0xb5b6, 0xb5b6, 0xb5b6, 0xb5b6, 0xb5b6, 0xb5b6, 0xb5b6, 0xb5b6, 0xb5b6, 0xb5b6, 0xb5b6, 0xb5b6, 0xb5b6, 0xb5b6, 0xb5b6, 0xb5b6,
    0xb5b6, 0xb5b6, 0xb5b6, 0xb5b6, 0xb5b6, 0xb5b6, 0xb5b6, 0xb596, 0x0000, 0x0000, 0x0000, 0x0000, 0x0000, 0x0000, 0x0000, 0x0000,
    0x0000, 0x0000, 0x0000, 0x0000, 0x0000, 0x0000, 0x0000, 0x0000, 0x0000, 0x0000, 0x0000, 0x0000, 0x0000, 0x0000, 0x0000, 0x0000,
    0x0000, 0x0000, 0xb596, 0xb596, 0xb5b6, 0xb5b6, 0xb5b6, 0xb5b6, 0xb5b6, 0xb5b6, 0xb5b6, 0xb5b6, 0xb5b6, 0xb5b6, 0xb5b6, 0xb5b6,
    0xb5b6, 0xb5b6, 0xb5b6, 0xb5b6, 0xb5b6, 0xb5b6, 0xb5b6, 0xb5b6, 0xb5b6, 0xb5b6, 0xb5b6, 0xb5b6, 0xb5b6, 0xb5b6, 0xb5b6, 0xb5b6,
    0xb5b6, 0xb5b6, 0xb5b6, 0xb5b6, 0xb5b6, 0xb5b6, 0xb5b6, 0xb5b6, 0xb5b6, 0xb5b6, 0xb596, 0x0000, 0x0000, 0x0000, 0x0000, 0x0000,
    0x0000, 0x0000, 0x0000, 0x0000, 0x0000, 0x0000, 0x0000, 0x0000, 0x0000, 0x0000, 0x0000, 0x0000, 0x0000, 0x0000, 0x0000, 0x0000,
    0x0000, 0x0000, 0x0000, 0x0000, 0xb5b6, 0xb5b6, 0xb5b6, 0xb5b6, 0xb5b6, 0xb5b6, 0xb5b6, 0xb5b6, 0xb5b6, 0xb5b6, 0xb5b6, 0xb5b6,
    0xb5b6, 0xb5b6, 0xb5b6, 0xb5b6, 0xb5b6, 0xb5b6, 0xb5b6, 0xb5b6, 0xb5b6, 0xb5b6, 0xb5b6, 0xb5b6, 0xb5b6, 0xb5b6, 0xb5b6, 0xb5b6,
    0xb5b6, 0xb5b6, 0xb5b6, 0xb5b6, 0xb5b6, 0xb5b6, 0xb5b6, 0xb5b6, 0xb5b6, 0xb5b6, 0xb5b6, 0xb5b6, 0xb5b6, 0xb5b6, 0xb5b6, 0x0000,
    0x0000, 0x0000, 0x0000, 0x0000, 0x0000, 0x0000, 0x0000, 0x0000, 0x0000, 0x0000, 0x0000, 0x0000, 0x0000, 0x0000, 0x0000, 0x0000,
    0x0000, 0x0000, 0x0000, 0x0000, 0x0000, 0x0000, 0xc638, 0xb596, 0xb5b6, 0xb5b6, 0xb5b6, 0xb5b6, 0xb5b6, 0xb5b6, 0xb5b6, 0xb5b6,
    0xb5b6, 0xb5b6, 0xb5b6, 0xb5b6, 0xb5b6, 0xb5b6, 0xb5b6, 0xb5b6, 0xb5b6, 0xb5b6, 0xb5b6, 0xb5b6, 0xb5b6, 0xb5b6, 0xb5b6, 0xb5b6,
    0xb5b6, 0xb5b6, 0xb5b6, 0xb5b6, 0xb5b6, 0xb5b6, 0xb5b6, 0xb5b6, 0xb5b6, 0xb5b6, 0xb5b6, 0xb5b6, 0xb5b6, 0xb5b6, 0xb5b6, 0xb5b6,
    0xb5b6, 0xb5b6, 0x0000, 0x0000, 0x0000, 0x0000, 0x0000, 0x0000, 0x0000, 0x0000, 0x0000, 0x0000, 0x0000, 0x0000, 0x0000, 0x0000,
    0x0000, 0x0000, 0x0000, 0x0000, 0x0000, 0x0000, 0x0000, 0x0000, 0x0000, 0xb596, 0xb5b6, 0xb5b6, 0xb5b6, 0xb5b6, 0xb5b6, 0xb5b6,
    0xb5b6, 0xb5b6, 0xb5b6, 0xb5b6, 0xb5b6, 0xb5b6, 0xb5b6, 0xb5b6, 0xb5b6, 0xb5b6, 0xb5b6, 0xb5b6, 0xb5b6, 0xb5b6, 0xb5b6, 0xb5b6,
    0xb5b6, 0xb5b6, 0xb5b6, 0xb5b6, 0xb5b6, 0xb5b6, 0xb5b6, 0xb5b6, 0xb5b6, 0xb5b6, 0xb5b6, 0xb5b6, 0xb5b6, 0xb5b6, 0xb5b6, 0xb5b6,
    0xb5b6, 0xb5b6, 0xb5b6, 0xb5b6, 0xb5b6, 0x0000, 0x0000, 0x0000, 0x0000, 0x0000, 0x0000, 0x0000, 0x0000, 0x0000, 0x0000, 0x0000,
    0x0000, 0x0000, 0x0000, 0x0000, 0x0000, 0x0000, 0x0000, 0x0000, 0x0000, 0x0000, 0x0000, 0x0000, 0xb596, 0xb5b6, 0xb5b6, 0xb5b6,
    0xb5b6, 0xb5b6, 0xb5b6, 0xb5b6, 0xb5b6, 0xb5b6, 0xb5b6, 0xb5b6, 0xb5b6, 0xb5b6, 0xb5b6, 0xb5b6, 0xb5b6, 0xb5b6, 0xb5b6, 0xb5b6,
    0xb5b6, 0xb5b6, 0xb5b6, 0xb5b6, 0xb5b6, 0xb5b6, 0xb5b6, 0xb5b6, 0xb5b6, 0xb5b6, 0xb5b6, 0xb5b6, 0xb5b6, 0xb5b6, 0xb5b6, 0xb5b6,
    0xb5b6, 0xb5b6, 0xb5b6, 0xb5b6, 0xb5b6, 0xb5b6, 0xb5b6, 0xb596, 0x0000, 0x0000, 0x0000, 0x0000, 0x0000, 0x0000, 0x0000, 0x0000,
    0x0000, 0x0000, 0x0000, 0x0000, 0x0000, 0x0000, 0x0000, 0x0000, 0x0000, 0x0000, 0x0000, 0x0000, 0x0000, 0x0000, 0xb5b6, 0xb5b6,
    0xb5b6, 0xb5b6, 0xb5b6, 0xb5b6, 0xb5b6, 0xb5b6, 0xb5b6, 0xb5b6, 0xb5b6, 0xb5b6, 0xb5b6, 0xb5b6, 0xb5b6, 0xb5b6, 0xb5b6, 0xb5b6,
    0xb5b6, 0xb5b6, 0xb5b6, 0xb5b6, 0xb5b6, 0xb5b6, 0xb5b6, 0xb5b6, 0xb5b6, 0xb5b6, 0xb5b6, 0xb5b6, 0xb5b6, 0xb5b6, 0xb5b6, 0xb5b6,
    0xb5b6, 0xb5b6, 0xb5b6, 0xb5b6, 0xb5b6, 0xb5b6, 0xb5b6, 0xb5b6, 0xb5b6, 0xb5b6, 0xb5b6, 0x0000, 0x0000, 0x0000, 0x0000, 0x0000,
    0x0000, 0x0000, 0x0000, 0x0000, 0x0000, 0x0000, 0x0000, 0x0000, 0x0000, 0x0000, 0x0000, 0x0000, 0x0000, 0x0000, 0x0000, 0x0000,
    0x0000, 0xb596, 0xb5b6, 0xb5b6, 0xb5b6, 0xb5b6, 0xb5b6, 0xb5b6, 0xb5b6, 0xb5b6, 0xb5b6, 0xb5b6, 0xb5b6, 0xb5b6, 0xb5b6, 0xb5b6,
    0xb5b6, 0xb5b6, 0xb5b6, 0xb5b6, 0xb5b6, 0xb5b6, 0xb5b6, 0xb5b6, 0xb5b6, 0xb5b6, 0xb5b6, 0xb5b6, 0xb5b6, 0xb5b6, 0xb5b6, 0xb5b6,
    0xb5b6, 0xb5b6, 0xb5b6, 0xb5b6, 0xb5b6, 0xb5b6, 0xb5b6, 0xb5b6, 0xb5b6, 0xb5b6, 0xb5b6, 0xb5b6, 0xb5b6, 0xb596, 0x0000, 0x0000,
    0x0000, 0x0000, 0x0000, 0x0000, 0x0000, 0x0000, 0x0000, 0x0000, 0x0000, 0x0000, 0x0000, 0x0000, 0x0000, 0x0000, 0x0000, 0xb596,
    0xb596, 0xb5b6, 0xb596, 0xb596, 0xb596, 0xb5b6, 0xb5b6, 0xb5b6, 0xb5b6, 0xb5b6, 0xb5b6, 0xb5b6, 0xb5b6, 0xb5b6, 0xb5b6, 0xb5b6,
    0xb5b6, 0xb5b6, 0xb5b6, 0xb5b6, 0xb5b6, 0xb5b6, 0xb5b6, 0xb5b6, 0xb5b6, 0xb5b6, 0xb5b6, 0xb5b6, 0xb5b6, 0xb5b6, 0xb5b6, 0xb5b6,
    0xb5b6, 0xb5b6, 0xb5b6, 0xb5b6, 0xb5b6, 0xb5b6, 0xb5b6, 0xb5b6, 0xb5b6, 0xb5b6, 0xb5b6, 0xb5b6, 0xb5b6, 0xb5b6, 0xb5b6, 0xb596,
    0xb596, 0xb596, 0xb596, 0xb596, 0xbdd7, 0x0000, 0x0000, 0x0000, 0x0000, 0x0000, 0x0000, 0x0000, 0x0000, 0x0000, 0x0000, 0x0000,
    0xb5b6, 0xb596, 0xb5b6, 0xb5b6, 0xb5b6, 0xb5b6, 0xb5b6, 0xb5b6, 0xb5b6, 0xb5b6, 0xb5b6, 0xb5b6, 0xb5b6, 0xb5b6, 0xb5b6, 0xb5b6,
    0xb5b6, 0xb5b6, 0xb5b6, 0xb5b6, 0xb5b6, 0xb5b6, 0xb5b6, 0xb5b6, 0xb5b6, 0xb5b6, 0xb5b6, 0xb5b6, 0xb5b6, 0xb5b6, 0xb5b6, 0xb5b6,
    0xb5b6, 0xb5b6, 0xb5b6, 0xb5b6, 0xb5b6, 0xb5b6, 0xb5b6, 0xb5b6, 0xb5b6, 0xb5b6, 0xb5b6, 0xb5b6, 0xb5b6, 0xb5b6, 0xb5b6, 0xb5b6,
    0xb5b6, 0xad75, 0xa514, 0xb5b6, 0xb5b6, 0xb5b6, 0xb5b6, 0xb5b6, 0xb596, 0xb5b6, 0x0000, 0x0000, 0x0000, 0x0000, 0x0000, 0x0000,
    0x0000, 0x0000, 0xb596, 0xb5b6, 0xb5b6, 0xb5b6, 0xb5b6, 0xb5b6, 0xb5b6, 0xb5b6, 0xb5b6, 0xb5b6, 0xb5b6, 0xb5b6, 0xb5b6, 0xb5b6,
    0xb5b6, 0xb5b6, 0xb5b6, 0xb5b6, 0xb5b6, 0xb5b6, 0xb5b6, 0xb5b6, 0xb5b6, 0xb5b6, 0xb5b6, 0xb5b6, 0xb5b6, 0xb5b6, 0xb5b6, 0xb5b6,
    0xb5b6, 0xb5b6, 0xb5b6, 0xb5b6, 0xb5b6, 0xb5b6, 0xb5b6, 0xb5b6, 0xb5b6, 0xb5b6, 0xb5b6, 0xb5b6, 0xb5b6, 0xb5b6, 0xb5b6, 0xb5b6,
    0xb5b6, 0xb5b6, 0xad75, 0x9cf3, 0x9cd3, 0xa514, 0xb5b6, 0xb5b6, 0xb5b6, 0xb5b6, 0xb5b6, 0xb5b6, 0xb596, 0xb5b6, 0x0000, 0x0000,
    0x0000, 0x0000, 0x0000, 0x0000, 0xb596, 0xb5b6, 0xb5b6, 0xb5b6, 0xb5b6, 0xb5b6, 0xb5b6, 0xb5b6, 0xb5b6, 0xb5b6, 0xb5b6, 0xb5b6,
    0xb5b6, 0xb5b6, 0xb5b6, 0xb5b6, 0xb5b6, 0xb5b6, 0xb5b6, 0xb5b6, 0xb5b6, 0xb5b6, 0xb5b6, 0xb5b6, 0xb5b6, 0xb5b6, 0xb5b6, 0xb5b6,
    0xb5b6, 0xb5b6, 0xb5b6, 0xb5b6, 0xb5b6, 0xb5b6, 0xb5b6, 0xb5b6, 0xb5b6, 0xb5b6, 0xb5b6, 0xb5b6, 0xb5b6, 0xb5b6, 0xb5b6, 0xb5b6,
    0xb5b6, 0xb5b6, 0xb5b6, 0xb596, 0xa514, 0x9cd3, 0x9cd3, 0x9cd3, 0xad75, 0xb5b6, 0xb5b6, 0xb5b6, 0xb5b6, 0xb5b6, 0xb5b6, 0xb5b6,
    0xb596, 0xb5b6, 0x0000, 0x0000, 0x0000, 0x0000, 0xb5b6, 0xb596, 0xb5b6, 0xb5b6, 0xb5b6, 0xb5b6, 0xb5b6, 0xb5b6, 0xb5b6, 0xb5b6,
    0xb5b6, 0xb5b6, 0xb5b6, 0xb5b6, 0xb5b6, 0xb5b6, 0xb5b6, 0xb5b6, 0xb5b6, 0xb5b6, 0xb5b6, 0xb5b6, 0xb5b6, 0xb5b6, 0xb5b6, 0xb5b6,
    0xb5d7, 0xb5b6, 0xb5b6, 0xb5b6, 0xb5b6, 0xb5b6, 0xb5b6, 0xb5b6, 0xb5b6, 0xb5b6, 0xb5b6, 0xb5b6, 0xb5b6, 0xb5b6, 0xb5b6, 0xb5b6,
    0xb5b6, 0xb5b6, 0xb5b6, 0xb596, 0xad55, 0xa514, 0x9cd3, 0x9cd3, 0x9cd3, 0x9cd3, 0xa534, 0xb5b6, 0xb5b6, 0xb5b6, 0xb5b6, 0xb5b6,
    0xb5b6, 0xb5b6, 0xb5b6, 0xb5b6, 0xb596, 0x0000, 0x0000, 0x0000, 0x0000, 0xb596, 0xb5b6, 0xb5b6, 0xb5b6, 0xb5b6, 0xb5b6, 0xb5b6,
    0xb5b6, 0xb5b6, 0xb5b6, 0xb5b6, 0xb5b6, 0xb5b6, 0xb5b6, 0xb5b6, 0xb5b6, 0xb5b6, 0xb5b6, 0xb5b6, 0xb5b6, 0xb5b6, 0xb5b6, 0xb5b6,
    0xb5b6, 0xb5d7, 0xb618, 0xbe18, 0xbe38, 0xbe18, 0xbdf7, 0xb5d7, 0xb5b6, 0xb5b6, 0xb5b6, 0xb5b6, 0xb5b6, 0xb5b6, 0xb5b6, 0xb5b6,
    0xb5b6, 0xb5b6, 0xb5b6, 0xb5b6, 0xad96, 0xad75, 0xa534, 0x9cf3, 0x9cd3, 0x9cd3, 0x9cd3, 0x9cd3, 0xad55, 0xb5b6, 0xb5b6, 0xb5b6,
    0xb5b6, 0xb5b6, 0xb5b6, 0xb5b6, 0xb5b6, 0xb5b6, 0xb5b6, 0xb5b6, 0xad55, 0x0000, 0x0000, 0x0000, 0xb596, 0xb5b6, 0xb5b6, 0xb5b6,
    0xb5b6, 0xb5b6, 0xb5b6, 0xb5b6, 0xb5b6, 0xb5b6, 0xb5b6, 0xb5b6, 0xb596, 0x9cf3, 0xa514, 0xad55, 0xad96, 0xb596, 0xb5b6, 0xb5b6,
    0xb5b6, 0xb5d7, 0xb5f7, 0xbe18, 0xbe38, 0xbe38, 0xbe38, 0xbe38, 0xbe38, 0xbe38, 0xbe38, 0xbe38, 0xbe37, 0xbe17, 0xbe17, 0xbdf7,
    0xbdf7, 0xbdf7, 0xbdf7, 0xbe18, 0xbe18, 0xb618, 0xb5f7, 0xb5d7, 0xadb6, 0xad96, 0xa555, 0xa514, 0x9cd3, 0x9cd3, 0x9cd3, 0x9cd3,
    0xa514, 0xad75, 0xb5b6, 0xb5b6, 0xb5b6, 0xb5b6, 0xb5b6, 0xad75, 0xa534, 0xa514, 0x9cd3, 0xa514, 0x0000, 0x0000, 0x0000, 0xad55,
    0xad75, 0xb596, 0xb5b6, 0xb5b6, 0xb5b6, 0xb5b6, 0xb5b6, 0xb5b6, 0xb5b6, 0xb596, 0xa534, 0x9cd3, 0x9cd3, 0x9cd3, 0xa514, 0xa555,
    0xad96, 0xb5d7, 0xb5f7, 0xb618, 0xbe38, 0xbe38, 0xbe38, 0xbe38, 0xbe38, 0xbe37, 0xbe37, 0xbe37, 0xc637, 0xc637, 0xc637, 0xc637,
    0xc637, 0xc637, 0xbe37, 0xbe37, 0xbe37, 0xbe37, 0xbe38, 0xbe38, 0xbe38, 0xbe38, 0xbe18, 0xb5f7, 0xb5d7, 0xadb6, 0xad75, 0xa534,
    0x9cf3, 0x9cd3, 0x9cd3, 0x9cd3, 0x9cd3, 0x9cd3, 0x9cd3, 0x9cf3, 0x9cf3, 0x9cd3, 0x9cd3, 0x9cd3, 0x9cd3, 0x9cd3, 0xa514, 0x0000,
    0x0000, 0x0000, 0x9cf3, 0x9cd3, 0x9cd3, 0x9cf3, 0xa514, 0xa534, 0xad55, 0xad55, 0xa514, 0x9cf3, 0x9cd3, 0x9cd3, 0x9cd3, 0x9cd3,
    0xa514, 0xa575, 0xadb6, 0xb5d7, 0xb5f8, 0xbe18, 0xbe38, 0xbe38, 0xbe38, 0xbe37, 0xbe37, 0xc637, 0xc637, 0xc637, 0xc636, 0xc636,
    0xc636, 0xc636, 0xc636, 0xc636, 0xc636, 0xc636, 0xc637, 0xc637, 0xc637, 0xbe37, 0xbe37, 0xbe38, 0xbe38, 0xbe38, 0xbe38, 0xb618,
    0xb5d7, 0xadb6, 0xad75, 0xa534, 0x9cf3, 0x9cd3, 0x9cd3, 0x9cd3, 0x9cd3, 0x9cd3, 0x9cd3, 0x9cd3, 0x9cd3, 0x9cd3, 0x9cd3, 0x9cd3,
    0x9cd3, 0x9cf3, 0x0000, 0x0000, 0x0000, 0x9cf3, 0x9cd3, 0x9cd3, 0x9cd3, 0x9cd3, 0x9cd3, 0x9cd3, 0x9cd3, 0x9cd3, 0x9cd3, 0x9cd3,
    0x9cd3, 0x9cd3, 0xa514, 0xa555, 0xad96, 0xb5d7, 0xb618, 0xbe38, 0xbe38, 0xbe38, 0xbe37, 0xbe37, 0xc637, 0xc636, 0xc636, 0xc636,
    0xc636, 0xc636, 0xc636, 0xc636, 0xc636, 0xc636, 0xc636, 0xc636, 0xc636, 0xc636, 0xc636, 0xc636, 0xc636, 0xc637, 0xc637, 0xbe37,
    0xbe38, 0xbe38, 0xbe38, 0xbe18, 0xb5d7, 0xadb6, 0xad75, 0xa534, 0x9cd3, 0x9cd3, 0x9cd3, 0x9cd3, 0x9cd3, 0x9cd3, 0x9cd3, 0x9cd3,
    0x9cd3, 0x9cd3, 0x9cd3, 0x9cd3, 0x9cd3, 0x0000, 0x0000, 0x0000, 0x9cd3, 0x9cd3, 0x9cd3, 0x9cd3, 0x9cd3, 0x9cd3, 0x9cd3, 0x9cd3,
    0x9cd3, 0x9cd3, 0x9cd3, 0x9cd3, 0x9cf3, 0xa555, 0xad96, 0xb5d7, 0xb618, 0xbe38, 0xbe38, 0xbe38, 0xbe37, 0xc637, 0xc636, 0xc636,
    0xc636, 0xc636, 0xc635, 0xc655, 0xce55, 0xce55, 0xce55, 0xce55, 0xce55, 0xce55, 0xce55, 0xce55, 0xce55, 0xc655, 0xc655, 0xc656,
    0xc676, 0xc676, 0xc677, 0xc677, 0xc678, 0xc679, 0xbe7a, 0xbe59, 0xb5f7, 0xadb6, 0xa575, 0xa514, 0x9cd3, 0x9cd3, 0x9cd3, 0x9cd3,
    0x9cd3, 0x9cd3, 0x9cd3, 0x9cd3, 0x9cd3, 0x9cd3, 0x9cd3, 0x0000, 0x0000, 0x0000, 0x0000, 0xffff, 0x9cd3, 0x9cd3, 0x9cd3, 0x9cd3,
    0x9cd3, 0x9cd3, 0x9cd3, 0x9cd3, 0x9cd3, 0x9cd3, 0x9cd3, 0xa534, 0xad75, 0xb5b7, 0xb5f7, 0xbe38, 0xbe38, 0xbe38, 0xbe37, 0xc637,
    0xc636, 0xc636, 0xc656, 0xce55, 0xce75, 0xce74, 0xd694, 0xd694, 0xd694, 0xdeb3, 0xdeb3, 0xdeb3, 0xdeb3, 0xdeb3, 0xdeb3, 0xdeb3,
    0xde92, 0xde92, 0xd6b5, 0xd6b5, 0xce96, 0xce96, 0xce97, 0xc697, 0xc698, 0xc679, 0xbe79, 0xbe39, 0xb5f7, 0xad96, 0xa555, 0x9cf3,
    0x9cd3, 0x9cd3, 0x9cd3, 0x9cd3, 0x9cd3, 0x9cd3, 0x9cd3, 0x9cd3, 0x9cd3, 0x9cd3, 0x0000, 0x0000, 0x0000, 0x0000, 0x0000, 0x9cd3,
    0x9cd3, 0x9cd3, 0x9cd3, 0x9cd3, 0x9cd3, 0x9cd3, 0x9cd3, 0x9cd3, 0x9cd3, 0x9cf3, 0xa555, 0xad96, 0xb5f7, 0xbe38, 0xbe59, 0xc678,
    0xc678, 0xc677, 0xce96, 0xce96, 0xd6b5, 0xd6b4, 0xd6b4, 0xdeb4, 0xdeb3, 0xded3, 0xded2, 0xe6d1, 0xe6d1, 0xe6d1, 0xe6b1, 0xe6b0,
    0xe6b0, 0xe6af, 0xe6af, 0xe68f, 0xdeb1, 0xd6b4, 0xd6b4, 0xd6b5, 0xce95, 0xce96, 0xce97, 0xc697, 0xc698, 0xc679, 0xbe7a, 0xb618,
    0xadd7, 0xad75, 0xa514, 0x9cd3, 0x9cd3, 0x9cd3, 0x9cd3, 0x9cd3, 0x9cd3, 0x9cd3, 0x9cd3, 0x9cd3, 0x0000, 0x0000, 0x0000, 0x0000,
    0x0000, 0x0000, 0x0000, 0x9cd3, 0x9cd3, 0x9cd3, 0x9cd3, 0x9cd3, 0x9cd3, 0x9cd3, 0x9cd3, 0x9cd3, 0x9cf3, 0xa555, 0xadb7, 0xb618,
    0xbe7a, 0xc679, 0xc698, 0xce97, 0xce96, 0xce96, 0xd6b5, 0xd6b4, 0xd6b4, 0xdeb3, 0xdeb3, 0xe6d2, 0xe6b0, 0xe6d0, 0xe6d1, 0xeed1,
    0xeed1, 0xeed0, 0xeed0, 0xe6d0, 0xe6af, 0xe6af, 0xe6af, 0xdeb2, 0xded3, 0xdeb4, 0xd6b4, 0xd6b5, 0xce95, 0xce96, 0xce97, 0xc698,
    0xc699, 0xbe79, 0xbe59, 0xb5f7, 0xad96, 0xa535, 0x9cf3, 0x9cd3, 0x9cd3, 0x9cd3, 0x9cd3, 0x9cd3, 0x9cd3, 0x9cd3, 0x0000, 0x0000,
    0x0000, 0x0000, 0x0000, 0x0000, 0x0000, 0x0000, 0x0000, 0x0000, 0x94b2, 0x9cd3, 0x9cd3, 0x9cd3, 0x9cd3, 0x9cd3, 0x9cd3, 0x9d14,
    0xa575, 0xb5d7, 0xbe39, 0xbe9a, 0xc699, 0xc698, 0xce97, 0xceb6, 0xd695, 0xd6b4, 0xd6b4, 0xded3, 0xded2, 0xe6d2, 0xee8b, 0xf689,
    0xf6ee, 0xf70f, 0xf70e, 0xfecc, 0xfe87, 0xfe66, 0xfe66, 0xfe04, 0xfe24, 0xf688, 0xe6d2, 0xdeb2, 0xded3, 0xded4, 0xd6b4, 0xd694,
    0xd695, 0xd6b6, 0xce97, 0xce98, 0xbe99, 0xc67a, 0xb618, 0x9d76, 0x7cd4, 0x9cf3, 0x9cd3, 0x0000, 0x0000, 0x0000, 0x0000, 0x0000,
    0x0000, 0x0000, 0x0000, 0x0000, 0x0000, 0x0000, 0x0000, 0x0000, 0x0000, 0x0000, 0x0000, 0x0000, 0x0000, 0x0000, 0x0000, 0x0000,
    0x0000, 0x0000, 0x0000, 0x0000, 0x0000, 0x0000, 0x0000, 0x0000, 0x0000, 0x0000, 0x0000, 0x0000, 0x0000, 0x0000, 0x0000, 0x0000,
    0xfe60, 0xfe42, 0xfe86, 0xff0d, 0xff0d, 0xff0d, 0xfe64, 0xfe43, 0xfe43, 0xfe01, 0xfdc0, 0xfe01, 0xfea0, 0x0000, 0x0000, 0x0000,
    0x0000, 0x0000, 0x0000, 0x0000, 0x0000, 0x0000, 0x0000, 0x0000, 0x0000, 0x23f2, 0x23f3, 0x23f3, 0x0000, 0x0000, 0x0000, 0x0000,
    0x0000, 0x0000, 0x0000, 0x0000, 0x0000, 0x0000, 0x0000, 0x0000, 0x0000, 0x0000, 0x0000, 0x0000, 0x0000, 0x0000, 0x0000, 0x0000,
    0x0000, 0x0000, 0x0000, 0x0000, 0x0000, 0x0000, 0x0000, 0x0000, 0x0000, 0x0000, 0x0000, 0x0000, 0x0000, 0x0000, 0x0000, 0x0000,
    0x0000, 0x0000, 0x0000, 0xfe42, 0xfe43, 0xfeea, 0xff0d, 0xff0d, 0xfeca, 0xfe43, 0xfe43, 0xfe42, 0xfdc0, 0xfdc0, 0xfe22, 0x0000,
    0x0000, 0x0000, 0x0000, 0x0000, 0x0000, 0x0000, 0x0000, 0x0000, 0x0000, 0x0000, 0x0000, 0x23f3, 0x23f3, 0x23f3, 0x23f3, 0x0000,
    0x0000, 0x0000, 0x0000, 0x0000, 0x0000, 0x0000, 0x0000, 0x0000, 0x0000, 0x0000, 0x0000, 0x0000, 0x0000, 0x0000, 0x0000, 0x0000,
    0x0000, 0x0000, 0x0000, 0x0000, 0x0000, 0x0000, 0x0000, 0x0000, 0x0000, 0x1bf3, 0x23f3, 0x23f2, 0x0000, 0x0000, 0x0000, 0x0000,
    0x0000, 0x0000, 0x0000, 0x0000, 0x0000, 0x0000, 0xfe42, 0xfe64, 0xff0d, 0xff0d, 0xff0d, 0xfe85, 0xfe43, 0xfe43, 0xfe01, 0xfdc0,
    0xfe01, 0xfea2, 0x0000, 0x0000, 0x0000, 0x0000, 0x0000, 0x0000, 0x0000, 0x0000, 0x0000, 0x0000, 0x0000, 0x23f3, 0x23f3, 0x23f3,
    0x23f3, 0x23f3, 0x0000, 0x0000, 0x0000, 0x0000, 0x0000, 0x0000, 0x0000, 0x0000, 0x0000, 0x0000, 0x0000, 0x0000, 0x0000, 0x0000,
    0x0000, 0x0000, 0x0000, 0x0000, 0x0000, 0x0000, 0x0000, 0x0000, 0x0000, 0x0000, 0x0000, 0x23f2, 0x23f3, 0x23f3, 0x23f3, 0x0000,
    0x0000, 0x0000, 0x0000, 0x0000, 0x0000, 0x0000, 0x0000, 0x0000, 0xfe82, 0xfe42, 0xfea7, 0xff0d, 0xff0d, 0xfeeb, 0xfe43, 0xfe43,
    0xfe42, 0xfdc0, 0xfde0, 0xfe42, 0x0000, 0x0000, 0x0000, 0x0000, 0x0000, 0x0000, 0x0000, 0x0000, 0x0000, 0x0000, 0x0000, 0x23f3,
    0x23f3, 0x23f3, 0x23f3, 0x23f3, 0x23f3, 0x0000, 0x0000, 0x0000, 0x0000, 0x0000, 0x0000, 0x0000, 0x0000, 0x0000, 0x0000, 0x0000,
    0x0000, 0x0000, 0x0000, 0x0000, 0x0000, 0x0000, 0x0000, 0x0000, 0x0000, 0x0000, 0x0000, 0x0000, 0x0000, 0x23f3, 0x23f3, 0x23f3,
    0x23f3, 0x23f3, 0x0000, 0x0000, 0x0000, 0x0000, 0x0000, 0x0000, 0x0000, 0x0000, 0x0000, 0xfe43, 0xfe42, 0xff0b, 0xff0d, 0xff0d,
    0xfe86, 0xfe43, 0xfe43, 0xfe22, 0xfdc0, 0xfe01, 0xfe63, 0x0000, 0x0000, 0x0000, 0x0000, 0x0000, 0x0000, 0x0000, 0x0000, 0x0000,
    0x0000, 0x23d2, 0x23f3, 0x23f3, 0x23f3, 0x23f3, 0x23f3, 0x23f3, 0x0000, 0x0000, 0x0000, 0x0000, 0x0000, 0x0000, 0x0000, 0x0000,
    0x0000, 0x0000, 0x0000, 0x0000, 0x0000, 0x0000, 0x0000, 0x0000, 0x0000, 0x0000, 0x0000, 0x0000, 0x0000, 0x0000, 0x0000, 0x23f3,
    0x23f3, 0x23f3, 0x23f3, 0x23f3, 0x23f3, 0x0000, 0x0000, 0x0000, 0x0000, 0x0000, 0x0000, 0x0000, 0x0000, 0xfe60, 0xfe42, 0xfe65,
    0xff0d, 0xff0d, 0xfeeb, 0xfe42, 0xfe43, 0xfe43, 0xfe43, 0xfe22, 0xfe43, 0xfe43, 0xfe43, 0xfe43, 0xfe43, 0xfe43, 0xfe43, 0xfe42,
    0xfe62, 0x0000, 0x0000, 0x0000, 0x23f3, 0x6db9, 0xaf1f, 0x75b9, 0x23f3, 0x23f3, 0x23f3, 0x0000, 0x0000, 0x0000, 0x0000, 0x0000,
    0x0000, 0x0000, 0x0000, 0x0000, 0x0000, 0x0000, 0x0000, 0x0000, 0x0000, 0x0000, 0x0000, 0x0000, 0x0000, 0x0000, 0x0000, 0x0000,
    0x0000, 0x23d2, 0x23f3, 0x23f3, 0x23f3, 0x23f3, 0x23f3, 0x23f3, 0x0000, 0x0000, 0x0000, 0x0000, 0x0000, 0x0000, 0x0000, 0x0000,
    0xfe42, 0xfe43, 0xfe85, 0xff0d, 0xff0d, 0xfea7, 0xfec9, 0xfe64, 0xfe43, 0xfe43, 0xfe43, 0xfe43, 0xfe43, 0xfe43, 0xfe43, 0xfe43,
    0xfe43, 0xfe43, 0xfe43, 0xfe42, 0x0000, 0x0000, 0x1bf2, 0x3c75, 0xb73f, 0xb73f, 0x969d, 0x23f3, 0x23f3, 0x23f3, 0x0000, 0x0000,
    0x0000, 0x0000, 0x0000, 0x0000, 0x0000, 0x0000, 0x0000, 0x0000, 0x0000, 0x0000, 0x0000, 0x0000, 0x0000, 0x0000, 0x0000, 0x0000,
    0x0000, 0x0000, 0x0000, 0x0000, 0x2c33, 0x9ebd, 0xaf1f, 0x44b5, 0x23f3, 0x23f3, 0x23f3, 0x0000, 0x0000, 0x0000, 0x0000, 0x0000,
    0x0000, 0x0000, 0x0000, 0xfe42, 0xfe43, 0xfe42, 0xfe86, 0xfe85, 0xfeea, 0xff0d, 0xfe64, 0xfe43, 0xfe43, 0xfe43, 0xfe43, 0xfe43,
    0xfe43, 0xfe43, 0xfe43, 0xfe43, 0xfe43, 0xfe42, 0x0000, 0x0000, 0x0000, 0x23f2, 0x3c74, 0xb73f, 0xb73f, 0x6d99, 0x23f3, 0x23f3,
    0x23f3, 0x0000, 0x0000, 0x0000, 0x0000, 0x0000, 0x0000, 0x0000, 0x0000, 0x0000, 0x0000, 0x0000, 0x0000, 0x0000, 0x0000, 0x0000,
    0x0000, 0x0000, 0x0000, 0x0000, 0x0000, 0x0000, 0x001f, 0x54f7, 0xb73f, 0xb73f, 0x6db9, 0x23f3, 0x23f3, 0x23f3, 0x0000, 0x0000,
    0x0000, 0x0000, 0x0000, 0x0000, 0x0000, 0xfe81, 0xfe42, 0xfe43, 0xfe43, 0xfe43, 0xfe43, 0xfea7, 0xfe85, 0xfe43, 0xfe43, 0xfe43,
    0xfe63, 0xfeeb, 0xff0c, 0xfe43, 0xfe43, 0xfe43, 0xfe43, 0xfe42, 0xfe81, 0x0000, 0x0000, 0x0000, 0x1bf3, 0x23f3, 0x5d37, 0x5517,
    0x23f3, 0x23f3, 0x23f3, 0x23f3, 0x0000, 0x0000, 0x0000, 0x0000, 0x0000, 0x0000, 0x0000, 0x0000, 0x0000, 0x0000, 0x0000, 0x0000,
    0x0000, 0x0000, 0x0000, 0x0000, 0x0000, 0x0000, 0x0000, 0x0000, 0x0000, 0x0000, 0x5517, 0xb73f, 0xb73f, 0x54f7, 0x23f3, 0x23f3,
    0x23f2, 0x0000, 0x0000, 0x0000, 0x0000, 0x0000, 0x0000, 0x0000, 0xfe42, 0xfe21, 0xfde0, 0xfde0, 0xfde0, 0xfde0, 0xfde0, 0xfde0,
    0xfde0, 0xfde0, 0xfe42, 0xfea6, 0xff0d, 0xff0d, 0xfe63, 0xfe43, 0xfe43, 0xfe42, 0xfe62, 0x0000, 0x0000, 0x0000, 0x0000, 0x0000,
    0x23f3, 0x23f3, 0x23f3, 0x23f3, 0x23f3, 0x23f3, 0x0000, 0x0000, 0x0000, 0x0000, 0x0000, 0x0000, 0x0000, 0x0000, 0x0000, 0x0000,
    0x0000, 0x0000, 0x0000, 0x0000, 0x0000, 0x0000, 0x0000, 0x0000, 0x0000, 0x0000, 0x0000, 0x0000, 0x0000, 0x2c13, 0x861b, 0x6558,
    0x23f3, 0x23f3, 0x23f3, 0x23d3, 0x0000, 0x0000, 0x0000, 0x0000, 0x0000, 0x0000, 0x0000, 0xfe42, 0xfe22, 0xfe01, 0xfe01, 0xfe01,
    0xfe01, 0xfe01, 0xfe01, 0xfe01, 0xfe01, 0xfe42, 0xfec9, 0xff0d, 0xfeeb, 0xfe43, 0xfe43, 0xfe43, 0xfe42, 0x0000, 0x0000, 0x0000,
    0x0000, 0x0000, 0x0000, 0x0000, 0x23f3, 0x23f3, 0x23f2, 0x23f3, 0x0000, 0x0000, 0x0000, 0x0000, 0x0000, 0x0000, 0x0000, 0x0000,
    0x0000, 0x0000, 0x0000, 0x0000, 0x0000, 0x0000, 0x0000, 0x0000, 0x0000, 0x0000, 0x0000, 0x0000, 0x0000, 0x0000, 0x0000, 0x0000,
    0x23f3, 0x23f3, 0x23f3, 0x23f3, 0x23f3, 0x23f3, 0x0000, 0x0000, 0x0000, 0x0000, 0x0000, 0x0000, 0x0000, 0x0000, 0x0000, 0xfe42,
    0xfe42, 0xfe42, 0xfe42, 0xfe42, 0xfe42, 0xfe42, 0xfe42, 0xfe42, 0xfe43, 0xff0c, 0xff0d, 0xfea7, 0xfe43, 0xfe43, 0xfe42, 0x0000,
    0x0000, 0x0000, 0x0000, 0x0000, 0x0000, 0x0000, 0x0000, 0x0000, 0x0000, 0x0000, 0x0000, 0x0000, 0x0000, 0x0000, 0x0000, 0x0000,
    0x0000, 0x0000, 0x0000, 0x0000, 0x0000, 0x0000, 0x0000, 0x0000, 0x0000, 0x0000, 0x0000, 0x0000, 0x0000, 0x0000, 0x0000, 0x0000,
    0x0000, 0x0000, 0x0000, 0x0000, 0x23d3, 0x23f2, 0x23f2, 0x23f3, 0x0000, 0x0000, 0x0000, 0x0000, 0x0000, 0x0000, 0x0000, 0x0000,
    0x0000, 0x0000, 0x0000, 0x0000, 0x0000, 0x0000, 0x0000, 0x0000, 0x0000, 0x0000, 0xfe42, 0xfe64, 0xff0d, 0xff0c, 0xfe63, 0xfe43,
    0xfe42, 0xffe0, 0x0000, 0x0000, 0x0000, 0x0000, 0x0000, 0x0000, 0x0000, 0x0000, 0x0000, 0x0000, 0x0000, 0x0000, 0x0000, 0x0000,
    0x0000, 0x0000, 0x0000, 0x0000, 0x0000, 0x0000, 0x0000, 0x0000, 0x0000, 0x0000, 0x0000, 0x0000, 0x0000, 0x0000, 0x0000, 0x0000,
    0x0000, 0x0000, 0x0000, 0x0000, 0x0000, 0x0000, 0x0000, 0x0000, 0x0000, 0x0000, 0x0000, 0x0000, 0x0000, 0x0000, 0x0000, 0x0000,
    0x0000, 0x0000, 0x0000, 0x0000, 0x23f2, 0x0000, 0x0000, 0x0000, 0x0000, 0x0000, 0x0000, 0x0000, 0x0000, 0xfe42, 0xfe86, 0xff0d,
    0xfec9, 0xfe43, 0xfe42, 0xfe63, 0x0000, 0x0000, 0x0000, 0x0000, 0x0000, 0x0000, 0x0000, 0x0000, 0x0000, 0x0000, 0x0000, 0x0000,
    0x0000, 0x0000, 0x0000, 0x0000, 0x0000, 0x0000, 0x0000, 0x0000, 0x0000, 0x0000, 0x0000, 0x0000, 0x0000, 0x0000, 0x0000, 0x0000,
    0x0000, 0x0000, 0x0000, 0x0000, 0x0000, 0x0000, 0x0000, 0x0000, 0x0000, 0x0000, 0x0000, 0x0000, 0x0000, 0x0000, 0x0000, 0x0000,
    0x0000, 0x0000, 0x0000, 0x0000, 0x0000, 0x23b3, 0x23f2, 0x23f3, 0x0000, 0x0000, 0x0000, 0x0000, 0x0000, 0x0000, 0x0000, 0x0000,
    0xfe42, 0xfec9, 0xff0d, 0xfe85, 0xfe42, 0xfe42, 0x0000, 0x0000, 0x0000, 0x0000, 0x0000, 0x0000, 0x0000, 0x0000, 0x0000, 0x0000,
    0x0000, 0x0000, 0x0000, 0x0000, 0x0000, 0x0000, 0x0000, 0x0000, 0x0000, 0x0000, 0x0000, 0x0000, 0x0000, 0x0000, 0x0000, 0x0000,
    0x0000, 0x0000, 0x0000, 0x0000, 0x0000, 0x0000, 0x0000, 0x0000, 0x0000, 0x0000, 0x0000, 0x0000, 0x0000, 0x0000, 0x0000, 0x0000,
    0x0000, 0x0000, 0x0000, 0x0000, 0x0000, 0x0000, 0x0000, 0x23f2, 0x23f3, 0x23f3, 0x23f3, 0x0000, 0x0000, 0x0000, 0x0000, 0x0000,
    0x0000, 0x0000, 0xfe63, 0xfe42, 0xfeeb, 0xfeeb, 0xfe43, 0xfe42, 0x0000, 0x0000, 0x0000, 0x0000, 0x0000, 0x0000, 0x0000, 0x0000,
    0x0000, 0x0000, 0x0000, 0x0000, 0x0000, 0x0000, 0x0000, 0x0000, 0x0000, 0x0000, 0x0000, 0x0000, 0x0000, 0x0000, 0x0000, 0x0000,
    0x0000, 0x0000, 0x0000, 0x0000, 0x0000, 0x0000, 0x0000, 0x0000, 0x0000, 0x0000, 0x0000, 0x0000, 0x0000, 0x0000, 0x0000, 0x0000,
    0x0000, 0x0000, 0x0000, 0x0000, 0x0000, 0x0000, 0x0000, 0x0000, 0x0000, 0x23f2, 0x23f3, 0x23f3, 0x23f3, 0x23f3, 0x0000, 0x0000,
    0x0000, 0x0000, 0x0000, 0x0000, 0x0000, 0xfe42, 0xfe43, 0xfeea, 0xfe86, 0xfe42, 0x0000, 0x0000, 0x0000, 0x0000, 0x0000, 0x0000,
    0x0000, 0x0000, 0x0000, 0x0000, 0x0000, 0x0000, 0x0000, 0x0000, 0x0000, 0x0000, 0x0000, 0x0000, 0x0000, 0x0000, 0x0000, 0x0000,
    0x0000, 0x0000, 0x0000, 0x0000, 0x0000, 0x0000, 0x0000, 0x0000, 0x0000, 0x0000, 0x0000, 0x0000, 0x0000, 0x0000, 0x0000, 0x0000,
    0x0000, 0x0000, 0x0000, 0x0000, 0x0000, 0x0000, 0x0000, 0x0000, 0x0000, 0x0000, 0x0000, 0x23f3, 0x23f3, 0x23f3, 0x23f3, 0x23f3,
    0x23f3, 0x0000, 0x0000, 0x0000, 0x0000, 0x0000, 0x0000, 0x0000, 0xfe42, 0xfe43, 0xfe43, 0xfe42, 0xfee0, 0x0000, 0x0000, 0x0000,
    0x0000, 0x0000, 0x0000, 0x0000, 0x0000, 0x0000, 0x0000, 0x0000, 0x0000, 0x0000, 0x0000, 0x0000, 0x0000, 0x0000, 0x0000, 0x0000,
    0x0000, 0x0000, 0x0000, 0x0000, 0x0000, 0x0000, 0x0000, 0x0000, 0x0000, 0x0000, 0x0000, 0x0000, 0x0000, 0x0000, 0x0000, 0x0000,
    0x0000, 0x0000, 0x0000, 0x0000, 0x0000, 0x0000, 0x0000, 0x0000, 0x0000, 0x0000, 0x0000, 0x0000, 0x0000, 0x23f2, 0x23f3, 0x23f3,
    0x23f3, 0x23f3, 0x23f3, 0x23f3, 0x2bf5, 0x0000, 0x0000, 0x0000, 0x0000, 0x0000, 0x0000, 0xfe42, 0xfe43, 0xfe42, 0xfe62, 0x0000,
    0x0000, 0x0000, 0x0000, 0x0000, 0x0000, 0x0000, 0x0000, 0x0000, 0x0000, 0x0000, 0x0000, 0x0000, 0x0000, 0x0000, 0x0000, 0x0000,
    0x0000, 0x0000, 0x0000, 0x0000, 0x0000, 0x0000, 0x0000, 0x0000, 0x0000, 0x0000, 0x0000, 0x0000, 0x0000, 0x0000, 0x0000, 0x0000,
    0x0000, 0x0000, 0x0000, 0x0000, 0x0000, 0x0000, 0x0000, 0x0000, 0x0000, 0x0000, 0x0000, 0x0000, 0x0000, 0x0000, 0x0000, 0x0000,
    0x23f3, 0x75da, 0xb73f, 0x6578, 0x23f3, 0x23f3, 0x23f3, 0x2bf5, 0x0000, 0x0000, 0x0000, 0x0000, 0x0000, 0x0000, 0xfe42, 0xfe42,
    0xfe42, 0x0000, 0x0000, 0x0000, 0x0000, 0x0000, 0x0000, 0x0000, 0x0000, 0x0000, 0x0000, 0x0000, 0x0000, 0x0000, 0x0000, 0x0000,
    0x0000, 0x0000, 0x0000, 0x0000, 0x0000, 0x0000, 0x0000, 0x0000, 0x0000, 0x0000, 0x0000, 0x0000, 0x0000, 0x0000, 0x0000, 0x0000,
    0x0000, 0x0000, 0x0000, 0x0000, 0x0000, 0x0000, 0x0000, 0x0000, 0x0000, 0x0000, 0x0000, 0x0000, 0x0000, 0x0000, 0x0000, 0x0000,
    0x0000, 0x0000, 0x0000, 0x2c33, 0xb73f, 0xb73f, 0x8e5c, 0x23f3, 0x23f3, 0x23f3, 0x0000, 0x0000, 0x0000, 0x0000, 0x0000, 0x0000,
    0x0000, 0xfe42, 0xfe42, 0x0000, 0x0000, 0x0000, 0x0000, 0x0000, 0x0000, 0x0000, 0x0000, 0x0000, 0x0000, 0x0000, 0x0000, 0x0000,
    0x0000, 0x0000, 0x0000, 0x0000, 0x0000, 0x0000, 0x0000, 0x0000, 0x0000, 0x0000, 0x0000, 0x0000, 0x0000, 0x0000, 0x0000, 0x0000,
    0x0000, 0x0000, 0x0000, 0x0000, 0x0000, 0x0000, 0x0000, 0x0000, 0x0000, 0x0000, 0x0000, 0x0000, 0x0000, 0x0000, 0x0000, 0x0000,
    0x0000, 0x0000, 0x0000, 0x0000, 0x0000, 0x0000, 0x2c33, 0xaf1f, 0xb73f, 0x6d79, 0x23f3, 0x23f3, 0x23f3, 0x0000, 0x0000, 0x0000,
    0x0000, 0x0000, 0x0000, 0x0000, 0x0000, 0x0000, 0x0000, 0x0000, 0x0000, 0x0000, 0x0000, 0x0000, 0x0000, 0x0000, 0x0000, 0x0000,
    0x0000, 0x0000, 0x0000, 0x0000, 0x0000, 0x0000, 0x0000, 0x0000, 0x0000, 0x0000, 0x0000, 0x0000, 0x0000, 0x0000, 0x0000, 0x0000,
    0x0000, 0x0000, 0x0000, 0x0000, 0x0000, 0x0000, 0x0000, 0x0000, 0x0000, 0x0000, 0x0000, 0x0000, 0x0000, 0x0000, 0x0000, 0x0000,
    0x0000, 0x0000, 0x0000, 0x0000, 0x0000, 0x0000, 0x0000, 0x0000, 0x0000, 0x23f3, 0x4cf6, 0x5d38, 0x2c13, 0x23f3, 0x23f3, 0x23f2,
    0x0000, 0x0000, 0x0000, 0x0000, 0x0000, 0x0000, 0x0000, 0x0000, 0x0000, 0x0000, 0x0000, 0x0000, 0x0000, 0x0000, 0x0000, 0x0000,
    0x0000, 0x0000, 0x0000, 0x0000, 0x0000, 0x0000, 0x0000, 0x0000, 0x0000, 0x0000, 0x0000, 0x0000, 0x0000, 0x0000, 0x0000, 0x0000,
    0x0000, 0x0000, 0x0000, 0x0000, 0x0000, 0x0000, 0x0000, 0x0000, 0x0000, 0x0000, 0x0000, 0x0000, 0x0000, 0x0000, 0x0000, 0x0000,
    0x0000, 0x0000, 0x0000, 0x0000, 0x0000, 0x0000, 0x0000, 0x0000, 0x0000, 0x0000, 0x0000, 0x0000, 0x03ef, 0x23f2, 0x23f3, 0x23f3,
    0x23f3, 0x23f3, 0x03ef, 0x0000, 0x0000, 0x0000, 0x0000, 0x0000, 0x0000, 0x0000, 0x0000, 0x0000, 0x0000, 0x0000, 0x0000, 0x0000,
    0x0000, 0x0000, 0x0000, 0x0000, 0x0000, 0x0000, 0x0000, 0x0000, 0x0000, 0x0000, 0x0000, 0x0000, 0x0000, 0x0000, 0x0000, 0x0000,
    0x0000, 0x0000, 0x0000, 0x0000, 0x0000, 0x0000, 0x0000, 0x0000, 0x0000, 0x0000, 0x0000, 0x0000, 0x0000, 0x0000, 0x0000, 0x0000,
    0x0000, 0x0000, 0x0000, 0x0000, 0x0000, 0x0000, 0x0000, 0x0000, 0x0000, 0x0000, 0x0000, 0x0000, 0x0000, 0x0000, 0x0000, 0x0000,
    0x0000, 0x23f2, 0x23f3, 0x23f3, 0x001f, 0x0000, 0x0000, 0x0000, 0x0000, 0x0000, 0x0000, 0x0000, 0x0000, 0x0000, 0x0000, 0x0000,
    0x0000, 0x0000, 0x0000, 0x0000, 0x0000, 0x0000, 0x0000, 0x0000, 0x0000, 0x0000, 0x0000, 0x0000, 0x0000, 0x0000, 0x0000, 0x0000,
    0x0000, 0x0000, 0x0000, 0x0000, 0x0000, 0x0000, 0x0000, 0x0000, 0x0000, 0x0000, 0x0000, 0x0000, 0x0000, 0x0000, 0x0000, 0x0000,
    0x0000, 0x0000, 0x0000, 0x0000, 0x0000, 0x0000, 0x0000, 0x0000, 0x0000, 0x0000, 0x0000, 0x0000, 0x0000, 0x0000, 0x0000, 0x0000,
    0x0000, 0x0000, 0x0000, 0x0000, 0x0000, 0x0000, 0x0000, 0x0000, 0x0000, 0x0000, 0x0000, 0x0000, 0x0000, 0x0000, 0x0000, 0x0000,
    0x0000, 0x0000, 0x0000, 0x0000, 0x0000, 0x0000, 0x0000, 0x0000, 0x0000, 0x0000, 0x0000, 0x0000, 0x0000, 0x0000, 0x0000, 0x0000,
    0x0000, 0x0000, 0x0000, 0x0000, 0x0000, 0x0000, 0x0000, 0x0000, 0x0000, 0x0000, 0x0000, 0x0000, 0x0000, 0x0000, 0x0000, 0x0000,
    0x0000, 0x0000, 0x0000, 0x0000, 0x0000, 0x0000, 0x0000, 0x0000, 0x0000, 0x0000, 0x0000, 0x0000, 0x0000, 0x0000, 0x0000, 0x0000,
    0x0000, 0x0000, 0x0000, 0x0000, 0x0000, 0x0000, 0x0000, 0x0000, 0x0000, 0x0000, 0x0000, 0x0000, 0x0000, 0x0000, 0x0000, 0x0000,
    0x0000, 0x0000, 0x0000, 0x0000, 0x0000, 0x0000, 0x0000, 0x0000, 0x0000, 0x0000, 0x0000, 0x0000, 0x0000, 0x0000, 0x0000, 0x0000,
    0x0000, 0x0000, 0x0000, 0x0000, 0x0000, 0x0000, 0x0000, 0x0000, 0x0000, 0x0000, 0x0000, 0x0000, 0x0000, 0x0000, 0x0000, 0x0000,
    0x0000, 0x0000, 0x0000, 0x0000, 0x0000, 0x0000, 0x0000, 0x0000, 0x0000, 0x0000, 0x0000, 0x0000, 0x0000, 0x0000, 0x0000, 0x0000,
    0x0000, 0x0000, 0x0000, 0x0000, 0x0000, 0x0000, 0x0000, 0x0000, 0x0000, 0x0000, 0x0000, 0x0000, 0x0000, 0x0000, 0x0000, 0x0000,
    0x0000, 0x0000, 0x0000, 0x0000, 0x0000, 0x0000, 0x0000, 0x0000, 0x0000, 0x0000, 0x0000, 0x0000, 0x0000, 0x0000, 0x0000, 0x0000,
    0x0000, 0x0000, 0x0000, 0x0000, 0x0000, 0x0000, 0x0000, 0x0000, 0x0000, 0x0000, 0x0000, 0x0000, 0x0000, 0x0000, 0x0000, 0x0000,
    0x0000, 0x0000, 0x0000, 0x0000, 0x0000, 0x0000, 0x0000, 0x0000, 0x0000};

// Array of all bitmaps for convenience. (Total bytes used to store images in PROGMEM = 40608)
const int weather_allArray_LEN = 9;
const uint16_t *weather_allArray[9] = {
    weather_clear,
    weather_clear_n,
    weather_clouds,
    weather_few_clouds,
    weather_few_clouds_n,
    weather_fog,
    weather_rain,
    weather_snow,
    weather_thunderstorm};
